사고부문,사고번호,사고일시,요일,시군구,사고내용,사망자수,중상자수,경상자수,부상신고자수,사고유형,법규위반,노면상태,기상상태,도로형태,가해운전자 차종,가해운전자 성별,가해운전자 연령,가해운전자 상해정도,피해운전자 차종,피해운전자 성별,피해운전자 연령,피해운전자 상해정도
보행자사고,2020071300100165,2020년 7월 13일 10시,월요일,부산광역시 연제구 거제동,중상사고,0,1,0,0,차대사람 - 횡단중,신호위반,젖음/습기,비,단일로 - 기타,승용,여,41세,상해없음,보행자,여,67세,중상
보행자사고,2020071300100193,2020년 7월 13일 11시,월요일,부산광역시 남구 대연동,경상사고,0,0,1,0,차대사람 - 차도통행중,중앙선침범,젖음/습기,비,단일로 - 기타,승용,여,74세,상해없음,보행자,여,67세,경상
보행자사고,2020071300100292,2020년 7월 13일 14시,월요일,부산광역시 남구 대연동,중상사고,0,1,0,0,차대사람 - 기타,기타,젖음/습기,비,단일로 - 기타,화물,남,58세,상해없음,보행자,여,68세,중상
보행자사고,2020071300100365,2020년 7월 13일 16시,월요일,부산광역시 해운대구 반여동,경상사고,0,0,1,0,차대사람 - 횡단중,보행자보호의무위반,젖음/습기,비,교차로 - 교차로부근,승용,여,63세,상해없음,보행자,여,26세,경상
보행자사고,2020071300100401,2020년 7월 13일 17시,월요일,부산광역시 기장군 정관읍,중상사고,0,1,0,0,차대사람 - 횡단중,보행자보호의무위반,젖음/습기,비,교차로 - 교차로횡단보도내,승용,남,42세,상해없음,보행자,여,25세,중상
보행자사고,2020071300100497,2020년 7월 13일 20시,월요일,부산광역시 수영구 광안동,경상사고,0,0,1,0,차대사람 - 횡단중,중앙선침범,건조,맑음,단일로 - 기타,승용,남,28세,상해없음,보행자,여,63세,경상
보행자사고,2020071300100498,2020년 7월 13일 20시,월요일,부산광역시 사상구 괘법동,경상사고,0,0,1,0,차대사람 - 기타,안전운전불이행,젖음/습기,비,단일로 - 기타,승용,남,64세,상해없음,보행자,남,68세,경상
보행자사고,2020071400100015,2020년 7월 14일 00시,화요일,부산광역시 수영구 남천동,경상사고,0,0,1,0,차대사람 - 차도통행중,안전운전불이행,건조,맑음,교차로 - 교차로부근,승용,남,31세,상해없음,보행자,남,51세,경상
보행자사고,2020071400100092,2020년 7월 14일 07시,화요일,부산광역시 서구 암남동,중상사고,0,1,0,0,차대사람 - 차도통행중,안전운전불이행,젖음/습기,비,단일로 - 기타,승용,남,67세,상해없음,보행자,남,42세,중상
보행자사고,2020071400100186,2020년 7월 14일 10시,화요일,부산광역시 부산진구 부전동,중상사고,0,1,0,0,차대사람 - 기타,신호위반,건조,맑음,교차로 - 교차로안,승용,남,62세,상해없음,보행자,남,63세,중상
보행자사고,2020071400100218,2020년 7월 14일 11시,화요일,부산광역시 부산진구 부전동,부상신고사고,0,0,0,1,차대사람 - 기타,안전운전불이행,건조,맑음,단일로 - 기타,기타불명,기타불명,미분류,기타불명,보행자,여,41세,부상신고
보행자사고,2.02007E+15,2020년 7월 14일 12시,화요일,부산광역시 금정구 장전동,경상사고,0,0,1,0,차대사람 - 기타,안전운전불이행,건조,맑음,교차로 - 교차로안,승용,남,60세,상해없음,보행자,여,21세,경상
보행자사고,2.02007E+15,2020년 7월 14일 13시,화요일,부산광역시 남구 대연동,중상사고,0,1,0,0,차대사람 - 횡단중,안전운전불이행,젖음/습기,흐림,기타 - 기타,승용,남,52세,상해없음,보행자,여,58세,중상
보행자사고,2020071400100282,2020년 7월 14일 13시,화요일,부산광역시 동래구 명장동,중상사고,0,1,0,0,차대사람 - 기타,보행자보호의무위반,건조,맑음,단일로 - 기타,화물,남,56세,상해없음,보행자,여,8세,중상
보행자사고,2020071400100354,2020년 7월 14일 15시,화요일,부산광역시 남구 대연동,중상사고,0,1,0,0,차대사람 - 횡단중,안전운전불이행,젖음/습기,비,단일로 - 기타,승용,남,57세,상해없음,보행자,여,8세,중상
보행자사고,2020071400100355,2020년 7월 14일 15시,화요일,부산광역시 부산진구 양정동,중상사고,0,1,0,0,차대사람 - 횡단중,안전운전불이행,젖음/습기,비,교차로 - 교차로안,이륜,남,29세,상해없음,보행자,여,54세,중상
보행자사고,2020071400100512,2020년 7월 14일 19시,화요일,부산광역시 부산진구 부전동,경상사고,0,0,1,0,차대사람 - 기타,안전운전불이행,건조,맑음,단일로 - 기타,승용,남,30세,상해없음,보행자,여,27세,경상
보행자사고,2020071400100538,2020년 7월 14일 20시,화요일,부산광역시 해운대구 좌동,경상사고,0,0,1,0,차대사람 - 횡단중,안전운전불이행,건조,맑음,단일로 - 기타,이륜,남,32세,상해없음,보행자,여,17세,경상
보행자사고,2020071400100567,2020년 7월 14일 21시,화요일,부산광역시 금정구 부곡동,부상신고사고,0,0,0,1,차대사람 - 기타,안전운전불이행,건조,맑음,기타 - 기타,승용,남,21세,상해없음,보행자,남,54세,부상신고
보행자사고,2.02007E+15,2020년 7월 14일 23시,화요일,부산광역시 해운대구 재송동,중상사고,0,1,0,0,차대사람 - 횡단중,보행자보호의무위반,건조,맑음,교차로 - 교차로부근,이륜,남,27세,상해없음,보행자,남,61세,중상
보행자사고,2.02007E+15,2020년 7월 15일 03시,수요일,부산광역시 동래구 안락동,중상사고,0,1,0,0,차대사람 - 차도통행중,안전운전불이행,건조,맑음,단일로 - 기타,승용,남,31세,상해없음,보행자,남,66세,중상
보행자사고,2020071500100188,2020년 7월 15일 11시,수요일,부산광역시 남구 대연동,중상사고,0,1,0,0,차대사람 - 횡단중,보행자보호의무위반,건조,맑음,교차로 - 교차로안,승용,여,59세,상해없음,보행자,여,73세,중상
보행자사고,2020071500100217,2020년 7월 15일 12시,수요일,부산광역시 수영구 민락동,중상사고,0,1,0,0,차대사람 - 기타,안전운전불이행,건조,맑음,교차로 - 교차로안,승용,남,21세,상해없음,보행자,남,80세,중상
보행자사고,2020071500100252,2020년 7월 15일 13시,수요일,부산광역시 동래구 사직동,경상사고,0,0,1,0,차대사람 - 기타,안전운전불이행,건조,맑음,단일로 - 기타,승합,남,38세,기타불명,보행자,여,28세,경상
보행자사고,2020071500100358,2020년 7월 15일 16시,수요일,부산광역시 수영구 남천동,부상신고사고,0,0,0,1,차대사람 - 기타,안전운전불이행,건조,맑음,단일로 - 기타,승용,여,45세,상해없음,보행자,여,15세,부상신고
보행자사고,2.02007E+15,2020년 7월 15일 16시,수요일,부산광역시 동래구 사직동,경상사고,0,0,1,0,차대사람 - 횡단중,안전운전불이행,건조,맑음,단일로 - 기타,승용,남,57세,상해없음,보행자,여,9세,경상
보행자사고,2020071500100361,2020년 7월 15일 16시,수요일,부산광역시 해운대구 반여동,중상사고,0,1,0,0,차대사람 - 기타,안전운전불이행,건조,맑음,단일로 - 기타,승용,남,44세,상해없음,보행자,여,65세,중상
보행자사고,2020071500100362,2020년 7월 15일 16시,수요일,부산광역시 사상구 괘법동,경상사고,0,0,1,0,차대사람 - 기타,교차로운행방법위반,건조,맑음,교차로 - 교차로안,화물,남,35세,상해없음,보행자,남,64세,경상
보행자사고,2020071500100505,2020년 7월 15일 19시,수요일,부산광역시 해운대구 반여동,중상사고,0,1,0,0,차대사람 - 차도통행중,안전운전불이행,건조,맑음,단일로 - 기타,승용,남,39세,상해없음,보행자,여,68세,중상
보행자사고,2020071500100539,2020년 7월 15일 20시,수요일,부산광역시 연제구 거제동,경상사고,0,0,1,0,차대사람 - 길가장자리구역통행중,안전운전불이행,건조,맑음,단일로 - 기타,승용,여,25세,상해없음,보행자,남,65세,경상
보행자사고,2020071500100597,2020년 7월 15일 22시,수요일,부산광역시 사하구 하단동,중상사고,0,1,0,0,차대사람 - 차도통행중,안전운전불이행,건조,맑음,단일로 - 기타,승용,남,65세,상해없음,보행자,여,57세,중상
보행자사고,2020071600100047,2020년 7월 16일 05시,목요일,부산광역시 부산진구 부전동,경상사고,0,0,1,0,차대차 - 추돌,안전운전불이행,건조,맑음,단일로 - 기타,승용,남,34세,상해없음,승용,남,65세,상해없음
보행자사고,2020071600100095,2020년 7월 16일 08시,목요일,부산광역시 중구 중앙동4가,경상사고,0,0,1,0,차대사람 - 길가장자리구역통행중,안전운전불이행,건조,맑음,단일로 - 기타,승합,남,40세,상해없음,보행자,여,55세,경상
보행자사고,2020071600100096,2020년 7월 16일 08시,목요일,부산광역시 수영구 광안동,경상사고,0,0,1,0,차대사람 - 기타,안전운전불이행,건조,맑음,단일로 - 기타,승용,여,63세,상해없음,보행자,남,20세,경상
보행자사고,2.02007E+15,2020년 7월 16일 11시,목요일,부산광역시 수영구 광안동,부상신고사고,0,0,0,1,차대사람 - 기타,교차로운행방법위반,건조,맑음,교차로 - 교차로안,화물,남,58세,상해없음,보행자,남,30세,부상신고
보행자사고,2020071600100212,2020년 7월 16일 11시,목요일,부산광역시 부산진구 범천동,경상사고,0,0,1,0,차대사람 - 기타,안전운전불이행,건조,맑음,단일로 - 기타,기타불명,기타불명,미분류,기타불명,보행자,남,60세,경상
보행자사고,2020071600100275,2020년 7월 16일 13시,목요일,부산광역시 북구 화명동,중상사고,0,1,0,0,차대사람 - 횡단중,보행자보호의무위반,건조,맑음,단일로 - 지하차도(도로)내,승용,남,26세,상해없음,보행자,여,73세,중상
보행자사고,2020071600100277,2020년 7월 16일 13시,목요일,부산광역시 사하구 하단동,중상사고,0,1,0,0,차대사람 - 횡단중,보행자보호의무위반,건조,맑음,교차로 - 교차로횡단보도내,화물,남,59세,상해없음,보행자,여,43세,중상
보행자사고,2020071600100312,2020년 7월 16일 14시,목요일,부산광역시 서구 서대신동2가,부상신고사고,0,0,0,1,차대사람 - 횡단중,안전운전불이행,건조,맑음,단일로 - 기타,승용,여,29세,상해없음,보행자,여,84세,부상신고
보행자사고,2020071600100393,2020년 7월 16일 16시,목요일,부산광역시 수영구 망미동,부상신고사고,0,0,0,1,차대사람 - 기타,불법유턴,건조,맑음,교차로 - 교차로안,승용,남,67세,상해없음,보행자,여,17세,부상신고
보행자사고,2020071600100565,2020년 7월 16일 20시,목요일,부산광역시 북구 덕천동,경상사고,0,0,1,0,차대사람 - 기타,기타,건조,맑음,교차로 - 교차로부근,승용,남,32세,상해없음,보행자,여,72세,경상
보행자사고,2020071600100566,2020년 7월 16일 20시,목요일,부산광역시 북구 화명동,중상사고,0,1,0,1,차대사람 - 기타,안전운전불이행,건조,맑음,단일로 - 기타,원동기,남,18세,부상신고,보행자,남,9세,중상
보행자사고,2020071600100567,2020년 7월 16일 20시,목요일,부산광역시 사하구 괴정동,경상사고,0,0,1,0,차대사람 - 차도통행중,안전운전불이행,건조,맑음,단일로 - 지하차도(도로)내,승용,남,66세,상해없음,보행자,여,17세,경상
보행자사고,2020071600100594,2020년 7월 16일 21시,목요일,부산광역시 사하구 괴정동,경상사고,0,0,1,0,차대사람 - 기타,안전운전불이행,건조,맑음,단일로 - 기타,승용,여,38세,상해없음,보행자,여,16세,경상
보행자사고,2020071700100067,2020년 7월 17일 07시,금요일,부산광역시 해운대구 중동,중상사고,0,1,0,0,차대사람 - 기타,안전운전불이행,건조,맑음,교차로 - 교차로안,승용,남,69세,상해없음,보행자,여,48세,중상
보행자사고,2020071700100068,2020년 7월 17일 07시,금요일,부산광역시 사하구 괴정동,경상사고,0,0,1,0,차대사람 - 기타,안전운전불이행,건조,맑음,교차로 - 교차로안,승용,남,58세,상해없음,보행자,남,41세,경상
보행자사고,2020071700100088,2020년 7월 17일 08시,금요일,부산광역시 부산진구 부전동,경상사고,0,0,1,0,차대사람 - 횡단중,안전운전불이행,건조,맑음,단일로 - 기타,승용,남,62세,상해없음,보행자,남,21세,경상
보행자사고,2020071700100183,2020년 7월 17일 11시,금요일,부산광역시 금정구 장전동,부상신고사고,0,0,0,1,차대사람 - 기타,안전운전불이행,건조,맑음,기타 - 기타,화물,남,54세,상해없음,보행자,여,22세,부상신고
보행자사고,2.02007E+15,2020년 7월 17일 16시,금요일,부산광역시 연제구 거제동,중상사고,0,1,0,0,차대사람 - 횡단중,보행자보호의무위반,건조,맑음,교차로 - 교차로횡단보도내,화물,남,37세,상해없음,보행자,여,83세,중상
보행자사고,2020071700100431,2020년 7월 17일 17시,금요일,부산광역시 남구 대연동,중상사고,0,1,0,0,차대사람 - 횡단중,신호위반,건조,맑음,단일로 - 기타,화물,남,61세,상해없음,보행자,여,75세,중상
보행자사고,2.02007E+15,2020년 7월 17일 18시,금요일,부산광역시 강서구 명지동,경상사고,0,0,1,0,차대사람 - 보도통행중,보행자보호의무위반,건조,맑음,교차로 - 교차로부근,승용,남,50세,상해없음,보행자,남,9세,경상
보행자사고,2.02007E+15,2020년 7월 17일 20시,금요일,부산광역시 남구 문현동,경상사고,0,0,1,0,차대사람 - 횡단중,안전운전불이행,건조,맑음,단일로 - 기타,이륜,남,19세,상해없음,보행자,여,78세,경상
보행자사고,2020071800100388,2020년 7월 18일 16시,토요일,부산광역시 부산진구 부전동,경상사고,0,0,1,0,차대사람 - 기타,안전운전불이행,건조,맑음,단일로 - 기타,승용,남,37세,상해없음,보행자,남,57세,경상
보행자사고,2020071800100557,2020년 7월 18일 21시,토요일,부산광역시 부산진구 부전동,중상사고,0,1,0,0,차대사람 - 기타,안전운전불이행,건조,맑음,교차로 - 교차로안,승용,남,26세,상해없음,보행자,남,53세,중상
보행자사고,2020071900100115,2020년 7월 19일 10시,일요일,부산광역시 해운대구 우동,경상사고,0,0,1,0,차대사람 - 기타,신호위반,건조,맑음,교차로 - 교차로안,승용,남,43세,상해없음,보행자,남,62세,경상
보행자사고,2.02007E+15,2020년 7월 19일 12시,일요일,부산광역시 해운대구 중동,중상사고,0,1,0,0,차대사람 - 보도통행중,기타,건조,맑음,기타 - 기타,이륜,남,45세,상해없음,보행자,여,76세,중상
보행자사고,2.02007E+15,2020년 7월 19일 15시,일요일,부산광역시 북구 구포동,중상사고,0,1,0,0,차대사람 - 보도통행중,기타,건조,맑음,교차로 - 교차로부근,승용,남,68세,상해없음,보행자,여,74세,중상
보행자사고,2020071900100405,2020년 7월 19일 22시,일요일,부산광역시 수영구 망미동,경상사고,0,0,1,0,차대사람 - 기타,안전운전불이행,건조,맑음,단일로 - 기타,승용,여,30세,상해없음,보행자,남,66세,경상
보행자사고,2020071900100425,2020년 7월 19일 23시,일요일,부산광역시 부산진구 개금동,경상사고,0,0,1,0,차대사람 - 횡단중,안전운전불이행,건조,맑음,교차로 - 교차로안,승용,남,56세,상해없음,보행자,남,22세,경상
보행자사고,2020072000100043,2020년 7월 20일 06시,월요일,부산광역시 서구 남부민동,중상사고,0,1,0,0,차대사람 - 횡단중,안전운전불이행,건조,흐림,단일로 - 기타,화물,남,50세,상해없음,보행자,여,80세,중상
보행자사고,2020072000100055,2020년 7월 20일 07시,월요일,부산광역시 부산진구 가야동,경상사고,0,0,1,0,차대사람 - 횡단중,보행자보호의무위반,건조,흐림,교차로 - 교차로부근,승용,여,50세,상해없음,보행자,남,80세,경상
보행자사고,2020072000100181,2020년 7월 20일 11시,월요일,부산광역시 동래구 수안동,경상사고,0,0,1,0,차대사람 - 보도통행중,보행자보호의무위반,건조,맑음,단일로 - 기타,승용,여,61세,상해없음,보행자,여,28세,경상
보행자사고,2020072000100183,2020년 7월 20일 11시,월요일,부산광역시 사상구 주례동,경상사고,0,0,1,0,차대사람 - 기타,안전운전불이행,건조,맑음,주차장 - 주차장,기타불명,기타불명,미분류,기타불명,보행자,여,56세,경상
보행자사고,2020072000100214,2020년 7월 20일 12시,월요일,부산광역시 해운대구 우동,경상사고,0,0,1,0,차대사람 - 횡단중,보행자보호의무위반,건조,맑음,교차로 - 교차로안,승용,여,39세,상해없음,보행자,여,30세,경상
보행자사고,2020072000100243,2020년 7월 20일 13시,월요일,부산광역시 해운대구 반여동,중상사고,0,1,0,0,차대사람 - 횡단중,보행자보호의무위반,건조,맑음,교차로 - 교차로횡단보도내,화물,남,21세,상해없음,보행자,남,42세,중상
보행자사고,2020072000100275,2020년 7월 20일 14시,월요일,부산광역시 사하구 괴정동,경상사고,0,0,1,0,차대사람 - 기타,안전운전불이행,건조,맑음,단일로 - 기타,승용,여,67세,상해없음,보행자,남,61세,경상
보행자사고,2020072000100308,2020년 7월 20일 15시,월요일,부산광역시 북구 덕천동,중상사고,0,1,0,0,차대사람 - 기타,안전운전불이행,건조,맑음,단일로 - 기타,화물,남,50세,상해없음,보행자,여,62세,중상
보행자사고,2.02007E+15,2020년 7월 20일 17시,월요일,부산광역시 동래구 온천동,중상사고,0,1,0,0,차대사람 - 횡단중,안전운전불이행,건조,맑음,단일로 - 기타,승용,남,46세,상해없음,보행자,남,8세,중상
보행자사고,2020072100100024,2020년 7월 21일 01시,화요일,부산광역시 동래구 사직동,중상사고,0,1,0,0,차대사람 - 횡단중,안전운전불이행,건조,맑음,단일로 - 기타,승합,남,74세,상해없음,보행자,남,61세,중상
보행자사고,2020072100100025,2020년 7월 21일 01시,화요일,부산광역시 연제구 연산동,중상사고,0,1,0,0,차대사람 - 기타,안전운전불이행,건조,맑음,단일로 - 기타,승용,남,23세,상해없음,보행자,남,47세,중상
보행자사고,2020072100100083,2020년 7월 21일 07시,화요일,부산광역시 금정구 금사동,중상사고,0,1,0,0,차대사람 - 기타,교차로운행방법위반,건조,맑음,교차로 - 교차로안,승용,여,60세,상해없음,보행자,남,71세,중상
보행자사고,2020072100100191,2020년 7월 21일 11시,화요일,부산광역시 중구 동광동5가,중상사고,0,1,0,0,차대사람 - 횡단중,안전운전불이행,건조,맑음,단일로 - 기타,승용,남,65세,상해없음,보행자,남,70세,중상
보행자사고,2020072100100193,2020년 7월 21일 11시,화요일,부산광역시 북구 만덕동,중상사고,0,1,0,0,차대사람 - 기타,안전운전불이행,건조,맑음,단일로 - 기타,승용,여,47세,상해없음,보행자,남,49세,중상
보행자사고,2020072100100267,2020년 7월 21일 13시,화요일,부산광역시 해운대구 우동,경상사고,0,0,1,0,차대사람 - 기타,안전운전불이행,기타,기타,기타 - 기타,승용,기타불명,미분류,기타불명,보행자,남,19세,경상
보행자사고,2020072100100268,2020년 7월 21일 13시,화요일,부산광역시 금정구 부곡동,경상사고,0,0,1,0,차대사람 - 기타,안전운전불이행,건조,맑음,교차로 - 교차로안,승용,남,65세,상해없음,보행자,여,41세,경상
보행자사고,2020072100100306,2020년 7월 21일 14시,화요일,부산광역시 북구 덕천동,중상사고,0,1,0,0,차대사람 - 기타,중앙선침범,건조,맑음,교차로 - 교차로안,승용,남,68세,상해없음,보행자,여,86세,중상
보행자사고,2020072100100461,2020년 7월 21일 18시,화요일,부산광역시 금정구 구서동,경상사고,0,0,1,0,차대사람 - 기타,안전운전불이행,건조,맑음,교차로 - 교차로안,승용,남,56세,상해없음,보행자,여,65세,경상
보행자사고,2020072100100462,2020년 7월 21일 18시,화요일,부산광역시 수영구 수영동,경상사고,0,0,1,0,차대사람 - 횡단중,보행자보호의무위반,건조,맑음,단일로 - 기타,이륜,남,20세,상해없음,보행자,여,74세,경상
보행자사고,2020072100100505,2020년 7월 21일 19시,화요일,부산광역시 동래구 안락동,부상신고사고,0,0,0,1,차대사람 - 기타,안전운전불이행,젖음/습기,맑음,단일로 - 지하차도(도로)내,승합,남,42세,상해없음,보행자,여,20세,부상신고
보행자사고,2020072100100617,2020년 7월 21일 23시,화요일,부산광역시 금정구 남산동,중상사고,0,1,0,0,차대사람 - 기타,안전운전불이행,젖음/습기,비,단일로 - 기타,승용,남,65세,상해없음,보행자,남,60세,중상
보행자사고,2020072200100038,2020년 7월 22일 03시,수요일,부산광역시 해운대구 우동,중상사고,0,1,0,0,차대사람 - 기타,보행자보호의무위반,젖음/습기,비,단일로 - 기타,승용,남,37세,상해없음,보행자,여,37세,중상
보행자사고,2020072200100235,2020년 7월 22일 11시,수요일,부산광역시 금정구 서동,중상사고,0,1,0,0,차대사람 - 기타,보행자보호의무위반,건조,맑음,단일로 - 기타,이륜,남,63세,상해없음,보행자,여,82세,중상
보행자사고,2020072200100264,2020년 7월 22일 12시,수요일,부산광역시 금정구 남산동,경상사고,0,0,1,0,차대사람 - 차도통행중,안전운전불이행,건조,맑음,단일로 - 터널,승용,남,72세,상해없음,보행자,남,34세,경상
보행자사고,2020072200100265,2020년 7월 22일 12시,수요일,부산광역시 연제구 거제동,중상사고,0,1,0,0,차대사람 - 횡단중,보행자보호의무위반,기타,흐림,교차로 - 교차로안,승용,여,53세,상해없음,보행자,여,63세,중상
보행자사고,2020072200100293,2020년 7월 22일 13시,수요일,부산광역시 부산진구 부전동,경상사고,0,0,1,0,차대사람 - 기타,안전운전불이행,건조,맑음,교차로 - 교차로안,화물,남,38세,상해없음,보행자,여,24세,경상
보행자사고,2020072200100294,2020년 7월 22일 13시,수요일,부산광역시 연제구 거제동,경상사고,0,0,1,0,차대사람 - 기타,안전운전불이행,젖음/습기,비,단일로 - 기타,승용,여,27세,상해없음,보행자,남,59세,경상
보행자사고,2020072200100428,2020년 7월 22일 17시,수요일,부산광역시 동래구 낙민동,중상사고,0,1,0,0,차대사람 - 횡단중,보행자보호의무위반,젖음/습기,비,단일로 - 기타,승용,남,58세,상해없음,보행자,여,65세,중상
보행자사고,2020072200100478,2020년 7월 22일 18시,수요일,부산광역시 사상구 학장동,부상신고사고,0,0,0,1,차대사람 - 기타,안전운전불이행,건조,맑음,단일로 - 기타,승용,남,58세,상해없음,보행자,남,51세,부상신고
보행자사고,2020072200100566,2020년 7월 22일 20시,수요일,부산광역시 사상구 덕포동,경상사고,0,0,1,0,차대사람 - 보도통행중,신호위반,건조,흐림,교차로 - 교차로횡단보도내,승용,남,70세,상해없음,보행자,여,30세,경상
보행자사고,2020072200100597,2020년 7월 22일 21시,수요일,부산광역시 부산진구 부전동,중상사고,0,1,1,0,차대사람 - 기타,안전운전불이행,젖음/습기,비,기타 - 기타,이륜,남,30세,상해없음,보행자,남,52세,경상
보행자사고,2020072200100624,2020년 7월 22일 22시,수요일,부산광역시 사상구 모라동,중상사고,0,1,0,0,차대사람 - 횡단중,안전운전불이행,건조,맑음,단일로 - 기타,승용,여,62세,상해없음,보행자,남,69세,중상
보행자사고,2020072200100625,2020년 7월 22일 22시,수요일,부산광역시 기장군 일광면,경상사고,0,0,1,0,차대사람 - 기타,안전운전불이행,기타,기타,주차장 - 주차장,승용,남,25세,상해없음,보행자,남,29세,경상
보행자사고,2020072300100053,2020년 7월 23일 05시,목요일,부산광역시 수영구 남천동,사망사고,1,0,0,0,차대사람 - 차도통행중,안전운전불이행,젖음/습기,흐림,교차로 - 교차로횡단보도내,승용,남,60세,상해없음,보행자,여,83세,사망
보행자사고,2020072300100073,2020년 7월 23일 07시,목요일,부산광역시 사상구 학장동,경상사고,0,0,1,0,차대사람 - 길가장자리구역통행중,안전운전불이행,젖음/습기,비,기타 - 기타,승합,남,44세,상해없음,보행자,남,48세,경상
보행자사고,2020072300100102,2020년 7월 23일 08시,목요일,부산광역시 사상구 괘법동,중상사고,0,1,0,0,차대사람 - 차도통행중,안전운전불이행,젖음/습기,비,교차로 - 교차로부근,승용,남,29세,상해없음,보행자,남,85세,중상
보행자사고,2020072300100188,2020년 7월 23일 11시,목요일,부산광역시 남구 대연동,중상사고,0,1,0,0,차대사람 - 횡단중,안전운전불이행,건조,맑음,교차로 - 교차로안,승용,여,62세,상해없음,보행자,남,56세,중상
보행자사고,2020072300100275,2020년 7월 23일 14시,목요일,부산광역시 부산진구 범천동,경상사고,0,0,1,0,차대사람 - 횡단중,보행자보호의무위반,건조,맑음,단일로 - 기타,승용,여,43세,상해없음,보행자,여,61세,경상
보행자사고,2020072300100477,2020년 7월 23일 19시,목요일,부산광역시 사상구 주례동,경상사고,0,0,1,0,차대사람 - 횡단중,안전운전불이행,젖음/습기,비,교차로 - 교차로안,승용,남,58세,상해없음,보행자,남,23세,경상
보행자사고,2020072300100635,2020년 7월 23일 22시,목요일,부산광역시 수영구 망미동,중상사고,0,1,0,0,차대사람 - 횡단중,안전운전불이행,젖음/습기,비,단일로 - 기타,승용,여,48세,상해없음,보행자,남,65세,중상
보행자사고,2020072300100679,2020년 7월 23일 23시,목요일,부산광역시 금정구 금사동,경상사고,0,0,1,0,차대사람 - 횡단중,보행자보호의무위반,젖음/습기,비,교차로 - 교차로횡단보도내,승용,남,52세,상해없음,보행자,여,54세,경상
보행자사고,2020072400100004,2020년 7월 24일 00시,금요일,부산광역시 동구 초량동,경상사고,0,0,1,0,차대사람 - 기타,안전운전불이행,젖음/습기,비,단일로 - 기타,승용,남,42세,상해없음,보행자,남,52세,경상
보행자사고,2020072400100027,2020년 7월 24일 01시,금요일,부산광역시 사상구 모라동,중상사고,0,1,0,0,차대사람 - 기타,안전운전불이행,젖음/습기,비,기타 - 기타,승용,남,62세,상해없음,보행자,남,34세,중상
보행자사고,2020072400100073,2020년 7월 24일 07시,금요일,부산광역시 사상구 괘법동,경상사고,0,0,1,0,차대사람 - 기타,안전운전불이행,건조,맑음,단일로 - 기타,승용,남,45세,상해없음,보행자,남,51세,경상
보행자사고,2020072400100205,2020년 7월 24일 12시,금요일,부산광역시 기장군 기장읍,경상사고,0,0,1,0,차대사람 - 횡단중,보행자보호의무위반,건조,맑음,교차로 - 교차로횡단보도내,승용,남,19세,상해없음,보행자,여,23세,경상
보행자사고,2020072400100238,2020년 7월 24일 13시,금요일,부산광역시 금정구 부곡동,부상신고사고,0,0,0,1,차대사람 - 기타,안전운전불이행,건조,맑음,단일로 - 기타,승용,남,58세,상해없음,보행자,남,22세,부상신고
보행자사고,2020072400100259,2020년 7월 24일 14시,금요일,부산광역시 사상구 감전동,경상사고,0,0,1,0,차대사람 - 기타,안전운전불이행,건조,맑음,단일로 - 기타,승용,남,30세,상해없음,보행자,남,70세,경상
보행자사고,2020072400100329,2020년 7월 24일 16시,금요일,부산광역시 수영구 수영동,경상사고,0,0,1,0,차대사람 - 길가장자리구역통행중,안전운전불이행,건조,흐림,교차로 - 교차로부근,화물,남,55세,상해없음,보행자,남,81세,경상
보행자사고,2.02007E+15,2020년 7월 24일 18시,금요일,부산광역시 남구 대연동,부상신고사고,0,0,0,1,차대사람 - 길가장자리구역통행중,안전운전불이행,건조,맑음,교차로 - 교차로부근,승용,여,65세,상해없음,보행자,여,9세,부상신고
보행자사고,2020072400100547,2020년 7월 24일 21시,금요일,부산광역시 해운대구 재송동,경상사고,0,0,1,1,차대사람 - 횡단중,신호위반,젖음/습기,비,단일로 - 기타,이륜,남,17세,부상신고,보행자,여,9세,경상
보행자사고,2020072400100548,2020년 7월 24일 21시,금요일,부산광역시 사하구 장림동,사망사고,1,1,0,0,차대사람 - 횡단중,안전운전불이행,젖음/습기,비,단일로 - 기타,이륜,남,18세,중상,보행자,남,73세,사망
보행자사고,2020072500100102,2020년 7월 25일 06시,토요일,부산광역시 북구 구포동,경상사고,0,0,1,0,차대사람 - 기타,안전운전불이행,건조,맑음,교차로 - 교차로안,승용,남,59세,상해없음,보행자,여,50세,경상
보행자사고,2020072500100177,2020년 7월 25일 10시,토요일,부산광역시 연제구 거제동,중상사고,0,1,0,0,차대사람 - 기타,안전운전불이행,건조,맑음,단일로 - 기타,화물,남,52세,상해없음,보행자,남,69세,중상
보행자사고,2020072600100071,2020년 7월 26일 06시,일요일,부산광역시 기장군 일광면,중상사고,0,1,0,0,차대사람 - 기타,안전운전불이행,건조,맑음,교차로 - 교차로부근,승용,남,24세,상해없음,보행자,여,65세,중상
보행자사고,2020072600100087,2020년 7월 26일 08시,일요일,부산광역시 해운대구 중동,경상사고,0,0,1,0,차대사람 - 횡단중,안전운전불이행,건조,맑음,교차로 - 교차로부근,승용,여,56세,상해없음,보행자,여,53세,경상
보행자사고,2020072600100131,2020년 7월 26일 11시,일요일,부산광역시 수영구 민락동,경상사고,0,0,1,0,차대사람 - 기타,안전운전불이행,건조,맑음,교차로 - 교차로안,승용,여,46세,상해없음,보행자,남,51세,경상