사고부문,사고번호,사고일시,요일,시군구,사고내용,사망자수,중상자수,경상자수,부상신고자수,사고유형,법규위반,노면상태,기상상태,도로형태,가해운전자 차종,가해운전자 성별,가해운전자 연령,가해운전자 상해정도,피해운전자 차종,피해운전자 성별,피해운전자 연령,피해운전자 상해정도
보행자사고,2020110800100006,2020년 11월 8일 00시,일요일,부산광역시 사상구 덕포동,경상사고,0,0,1,0,차대사람 - 기타,교차로운행방법위반,건조,맑음,교차로 - 교차로안,이륜,남,54세,상해없음,보행자,남,23세,경상
보행자사고,2020110800100059,2020년 11월 8일 04시,일요일,부산광역시 서구 암남동,중상사고,0,1,0,0,차대사람 - 길가장자리구역통행중,안전운전불이행,건조,맑음,단일로 - 기타,원동기,남,20세,상해없음,보행자,남,72세,중상
보행자사고,2020110800100471,2020년 11월 8일 19시,일요일,부산광역시 기장군 정관읍,경상사고,0,0,1,0,차대사람 - 횡단중,신호위반,건조,맑음,교차로 - 교차로횡단보도내,이륜,남,51세,상해없음,보행자,여,57세,경상
보행자사고,2020110800100557,2020년 11월 8일 23시,일요일,부산광역시 금정구 구서동,중상사고,0,1,0,0,차대사람 - 기타,안전운전불이행,건조,맑음,교차로 - 교차로부근,승용,남,62세,상해없음,보행자,남,58세,중상
보행자사고,2020110900100036,2020년 11월 9일 05시,월요일,부산광역시 해운대구 중동,경상사고,0,0,1,0,차대사람 - 기타,안전운전불이행,건조,맑음,단일로 - 기타,기타불명,기타불명,미분류,기타불명,보행자,남,25세,경상
보행자사고,2020110900100187,2020년 11월 9일 10시,월요일,부산광역시 중구 대청동4가,경상사고,0,0,1,0,차대사람 - 기타,안전운전불이행,건조,맑음,단일로 - 기타,승용,남,49세,상해없음,보행자,남,70세,경상
보행자사고,2020110900100258,2020년 11월 9일 12시,월요일,부산광역시 기장군 기장읍,경상사고,0,0,1,0,차대사람 - 횡단중,보행자보호의무위반,건조,맑음,교차로 - 교차로횡단보도내,화물,남,60세,상해없음,보행자,남,65세,경상
보행자사고,2020110900100338,2020년 11월 9일 14시,월요일,부산광역시 부산진구 양정동,경상사고,0,0,1,0,차대사람 - 차도통행중,안전운전불이행,건조,맑음,단일로 - 기타,승용,여,62세,상해없음,보행자,여,56세,경상
보행자사고,2020110900100381,2020년 11월 9일 15시,월요일,부산광역시 사상구 감전동,부상신고사고,0,0,0,1,차대사람 - 기타,안전운전불이행,건조,맑음,단일로 - 기타,승용,남,43세,상해없음,보행자,남,33세,부상신고
보행자사고,2020110900100485,2020년 11월 9일 17시,월요일,부산광역시 사상구 학장동,중상사고,0,1,0,0,차대사람 - 기타,안전운전불이행,건조,맑음,단일로 - 기타,승용,남,61세,상해없음,보행자,남,12세,중상
보행자사고,2020111000100046,2020년 11월 10일 05시,화요일,부산광역시 동구 범일동,중상사고,0,1,0,0,차대사람 - 차도통행중,보행자보호의무위반,건조,맑음,단일로 - 기타,승용,남,52세,상해없음,보행자,여,69세,중상
보행자사고,2020111000100047,2020년 11월 10일 05시,화요일,부산광역시 서구 충무동1가,경상사고,0,0,1,0,차대사람 - 보도통행중,기타,건조,맑음,교차로 - 교차로부근,기타불명,여,66세,상해없음,보행자,여,70세,경상
보행자사고,2020111000100101,2020년 11월 10일 08시,화요일,부산광역시 남구 용호동,경상사고,0,0,1,0,차대사람 - 기타,안전운전불이행,건조,맑음,단일로 - 기타,승용,남,58세,상해없음,보행자,남,60세,경상
보행자사고,2020111000100192,2020년 11월 10일 10시,화요일,부산광역시 부산진구 부전동,경상사고,0,0,1,0,차대차 - 기타,안전운전불이행,건조,맑음,단일로 - 기타,이륜,남,26세,상해없음,승용,남,73세,상해없음
보행자사고,2020111000100193,2020년 11월 10일 10시,화요일,부산광역시 연제구 거제동,중상사고,0,1,0,0,차대사람 - 횡단중,안전운전불이행,건조,맑음,단일로 - 기타,승용,여,51세,상해없음,보행자,여,82세,중상
보행자사고,2020111000100268,2020년 11월 10일 12시,화요일,부산광역시 동구 초량동,경상사고,0,0,1,0,차대사람 - 길가장자리구역통행중,안전운전불이행,건조,맑음,단일로 - 기타,승용,여,57세,상해없음,보행자,여,66세,경상
보행자사고,2020111000100269,2020년 11월 10일 12시,화요일,부산광역시 동구 수정동,경상사고,0,0,1,0,차대사람 - 기타,신호위반,건조,맑음,교차로 - 교차로부근,승합,남,41세,상해없음,보행자,여,30세,경상
보행자사고,2020111000100295,2020년 11월 10일 13시,화요일,부산광역시 부산진구 부전동,경상사고,0,0,1,0,차대사람 - 길가장자리구역통행중,안전운전불이행,건조,맑음,단일로 - 기타,승용,남,70세,상해없음,보행자,남,78세,경상
보행자사고,2020111000100425,2020년 11월 10일 16시,화요일,부산광역시 해운대구 재송동,중상사고,0,1,0,0,차대사람 - 기타,안전운전불이행,건조,맑음,교차로 - 교차로부근,화물,남,27세,상해없음,보행자,여,74세,중상
보행자사고,2020111000100542,2020년 11월 10일 18시,화요일,부산광역시 금정구 구서동,경상사고,0,0,1,0,차대사람 - 보도통행중,보행자보호의무위반,건조,맑음,교차로 - 교차로횡단보도내,화물,남,59세,상해없음,보행자,여,67세,경상
보행자사고,2020111000100543,2020년 11월 10일 18시,화요일,부산광역시 사하구 감천동,중상사고,0,1,0,0,차대사람 - 기타,안전운전불이행,건조,맑음,단일로 - 지하차도(도로)내,승용,남,47세,상해없음,보행자,여,55세,중상
보행자사고,2020111000100643,2020년 11월 10일 20시,화요일,부산광역시 사하구 하단동,경상사고,0,0,1,0,차대사람 - 횡단중,신호위반,건조,맑음,단일로 - 기타,이륜,남,23세,상해없음,보행자,남,28세,경상
보행자사고,2020111000100679,2020년 11월 10일 21시,화요일,부산광역시 동래구 온천동,중상사고,0,1,0,0,차대사람 - 기타,안전운전불이행,건조,맑음,단일로 - 기타,승용,남,61세,상해없음,보행자,여,83세,중상
보행자사고,2020111100100028,2020년 11월 11일 04시,수요일,부산광역시 사상구 덕포동,중상사고,0,1,0,0,차대사람 - 기타,안전운전불이행,건조,맑음,교차로 - 교차로안,승용,여,51세,상해없음,보행자,여,61세,중상
보행자사고,2020111100100061,2020년 11월 11일 07시,수요일,부산광역시 금정구 서동,중상사고,0,1,0,0,차대사람 - 기타,기타,건조,맑음,교차로 - 교차로안,승용,남,70세,상해없음,보행자,여,30세,중상
보행자사고,2020111100100087,2020년 11월 11일 08시,수요일,부산광역시 해운대구 우동,경상사고,0,0,1,0,차대사람 - 기타,불법유턴,건조,맑음,기타 - 기타,자전거,남,42세,상해없음,보행자,남,24세,경상
보행자사고,2.02011E+15,2020년 11월 11일 11시,수요일,부산광역시 금정구 서동,중상사고,0,1,0,0,차대사람 - 길가장자리구역통행중,안전운전불이행,건조,맑음,교차로 - 교차로안,승용,여,58세,상해없음,보행자,여,70세,중상
보행자사고,2020111100100273,2020년 11월 11일 12시,수요일,부산광역시 사하구 당리동,경상사고,0,0,1,0,차대사람 - 횡단중,신호위반,건조,맑음,단일로 - 기타,이륜,남,51세,상해없음,보행자,남,52세,경상
보행자사고,2020111100100315,2020년 11월 11일 13시,수요일,부산광역시 수영구 광안동,경상사고,0,0,1,0,차대사람 - 기타,보행자보호의무위반,건조,맑음,단일로 - 기타,승용,남,36세,상해없음,보행자,남,17세,경상
보행자사고,2020111100100316,2020년 11월 11일 13시,수요일,부산광역시 동래구 명장동,경상사고,0,0,1,0,차대사람 - 기타,보행자보호의무위반,건조,맑음,교차로 - 교차로안,승용,여,39세,상해없음,보행자,여,9세,경상
보행자사고,2020111100100358,2020년 11월 11일 14시,수요일,부산광역시 동구 수정동,중상사고,0,1,0,0,차대사람 - 기타,안전운전불이행,건조,맑음,단일로 - 기타,건설기계,남,69세,상해없음,보행자,여,28세,중상
보행자사고,2.02011E+15,2020년 11월 11일 14시,수요일,부산광역시 금정구 회동동,중상사고,0,1,1,0,차대차 - 추돌,안전운전불이행,건조,맑음,단일로 - 기타,화물,남,37세,상해없음,화물,남,73세,기타불명
보행자사고,2020111100100393,2020년 11월 11일 15시,수요일,부산광역시 동래구 수안동,경상사고,0,0,1,0,차대사람 - 길가장자리구역통행중,안전운전불이행,건조,맑음,단일로 - 기타,승용,남,68세,상해없음,보행자,여,20세,경상
보행자사고,2020111100100489,2020년 11월 11일 17시,수요일,부산광역시 사상구 엄궁동,경상사고,0,0,1,0,차대사람 - 횡단중,보행자보호의무위반,건조,맑음,단일로 - 기타,이륜,남,29세,상해없음,보행자,남,54세,경상
보행자사고,2020111100100662,2020년 11월 11일 20시,수요일,부산광역시 부산진구 부전동,경상사고,0,0,1,0,차대사람 - 기타,안전운전불이행,건조,맑음,교차로 - 교차로부근,승용,남,35세,상해없음,보행자,남,18세,경상
보행자사고,2020111200100112,2020년 11월 12일 08시,목요일,부산광역시 북구 화명동,중상사고,0,1,0,0,차대사람 - 기타,안전운전불이행,건조,맑음,단일로 - 기타,승합,남,46세,상해없음,보행자,여,78세,중상
보행자사고,2020111200100157,2020년 11월 12일 09시,목요일,부산광역시 해운대구 재송동,중상사고,0,2,0,0,차대사람 - 횡단중,신호위반,건조,맑음,단일로 - 기타,이륜,남,24세,상해없음,보행자,여,71세,중상
보행자사고,2020111200100158,2020년 11월 12일 09시,목요일,부산광역시 사하구 감천동,경상사고,0,0,1,0,차대사람 - 기타,안전운전불이행,건조,맑음,단일로 - 기타,승용,남,49세,상해없음,보행자,남,54세,경상
보행자사고,2020111200100316,2020년 11월 12일 14시,목요일,부산광역시 남구 대연동,경상사고,0,0,1,0,차대사람 - 기타,안전운전불이행,건조,맑음,단일로 - 기타,승합,남,47세,상해없음,보행자,여,50세,경상
보행자사고,2020111200100317,2020년 11월 12일 14시,목요일,부산광역시 부산진구 부전동,경상사고,0,0,2,0,차대사람 - 차도통행중,안전운전불이행,건조,맑음,단일로 - 기타,승용,남,38세,상해없음,보행자,여,75세,경상
보행자사고,2020111200100361,2020년 11월 12일 15시,목요일,부산광역시 남구 대연동,경상사고,0,0,1,0,차대사람 - 기타,안전운전불이행,건조,맑음,단일로 - 기타,승용,남,35세,상해없음,보행자,여,80세,경상
보행자사고,2020111200100363,2020년 11월 12일 15시,목요일,부산광역시 사상구 괘법동,경상사고,0,0,1,0,차대사람 - 차도통행중,안전운전불이행,건조,맑음,단일로 - 기타,승용,남,47세,기타불명,보행자,여,47세,경상
보행자사고,2020111200100578,2020년 11월 12일 19시,목요일,부산광역시 해운대구 좌동,중상사고,0,1,0,0,차대사람 - 횡단중,보행자보호의무위반,건조,맑음,교차로 - 교차로안,화물,남,30세,상해없음,보행자,여,66세,중상
보행자사고,2020111200100612,2020년 11월 12일 20시,목요일,부산광역시 사상구 모라동,경상사고,0,0,1,0,차대사람 - 기타,안전운전불이행,건조,맑음,단일로 - 기타,승용,남,65세,상해없음,보행자,남,62세,경상
보행자사고,2020111300100023,2020년 11월 13일 02시,금요일,부산광역시 중구 부평동3가,중상사고,0,1,0,0,차대사람 - 횡단중,신호위반,건조,맑음,단일로 - 기타,이륜,남,21세,상해없음,보행자,남,53세,중상
보행자사고,2020111300100024,2020년 11월 13일 02시,금요일,부산광역시 금정구 서동,경상사고,0,0,2,0,차대사람 - 기타,안전운전불이행,건조,맑음,교차로 - 교차로안,승용,남,69세,상해없음,보행자,남,59세,경상
보행자사고,2020111300100036,2020년 11월 13일 04시,금요일,부산광역시 금정구 청룡동,경상사고,0,0,1,0,차대사람 - 기타,안전운전불이행,건조,맑음,교차로 - 교차로안,승용,남,40세,상해없음,보행자,여,81세,경상
보행자사고,2020111300100103,2020년 11월 13일 08시,금요일,부산광역시 기장군 장안읍,중상사고,0,1,0,0,차대사람 - 기타,안전거리미확보,건조,맑음,단일로 - 기타,승용,여,41세,상해없음,보행자,남,48세,중상
보행자사고,2020111300100458,2020년 11월 13일 18시,금요일,부산광역시 해운대구 반송동,중상사고,0,1,1,0,차대사람 - 횡단중,안전운전불이행,건조,맑음,단일로 - 기타,승용,남,26세,상해없음,보행자,남,10세,경상
보행자사고,2020111300100459,2020년 11월 13일 18시,금요일,부산광역시 해운대구 중동,경상사고,0,0,1,0,차대사람 - 횡단중,보행자보호의무위반,건조,맑음,단일로 - 기타,기타불명,기타불명,미분류,기타불명,보행자,여,22세,경상
보행자사고,2020111300100461,2020년 11월 13일 18시,금요일,부산광역시 사상구 모라동,경상사고,0,0,1,0,차대사람 - 차도통행중,안전운전불이행,건조,맑음,단일로 - 기타,기타불명,기타불명,미분류,기타불명,보행자,남,65세,경상
보행자사고,2.02011E+15,2020년 11월 13일 19시,금요일,부산광역시 남구 대연동,경상사고,0,0,1,0,차대사람 - 기타,안전운전불이행,건조,맑음,단일로 - 기타,승용,남,33세,상해없음,보행자,남,52세,경상
보행자사고,2020111400100041,2020년 11월 14일 02시,토요일,부산광역시 수영구 수영동,경상사고,0,0,1,0,차대사람 - 기타,안전운전불이행,건조,맑음,단일로 - 기타,승합,남,29세,상해없음,보행자,남,43세,경상
보행자사고,2.02011E+15,2020년 11월 14일 05시,토요일,부산광역시 영도구 동삼동,중상사고,0,2,0,0,차대사람 - 횡단중,안전운전불이행,건조,맑음,교차로 - 교차로안,원동기,남,63세,중상,보행자,여,68세,중상
보행자사고,2020111400100082,2020년 11월 14일 05시,토요일,부산광역시 연제구 연산동,경상사고,0,0,1,0,차대사람 - 횡단중,신호위반,건조,맑음,단일로 - 기타,이륜,남,65세,상해없음,보행자,남,71세,경상
보행자사고,2020111400100288,2020년 11월 14일 13시,토요일,부산광역시 부산진구 범천동,경상사고,0,0,1,0,차대사람 - 횡단중,안전운전불이행,건조,맑음,단일로 - 기타,승용,남,73세,상해없음,보행자,여,28세,경상
보행자사고,2020111400100322,2020년 11월 14일 14시,토요일,부산광역시 금정구 장전동,중상사고,0,1,0,0,차대사람 - 기타,보행자보호의무위반,건조,맑음,교차로 - 교차로횡단보도내,이륜,남,26세,상해없음,보행자,여,36세,중상
보행자사고,2020111400100442,2020년 11월 14일 17시,토요일,부산광역시 수영구 광안동,중상사고,0,1,0,0,차대사람 - 길가장자리구역통행중,안전운전불이행,건조,맑음,단일로 - 기타,승용,여,49세,상해없음,보행자,남,62세,중상
보행자사고,2020111400100443,2020년 11월 14일 17시,토요일,부산광역시 북구 화명동,경상사고,0,0,2,0,차대사람 - 기타,안전운전불이행,건조,맑음,단일로 - 지하차도(도로)내,승용,여,27세,상해없음,보행자,남,51세,경상
보행자사고,2020111400100445,2020년 11월 14일 17시,토요일,부산광역시 영도구 영선동4가,중상사고,0,1,0,0,차대사람 - 횡단중,보행자보호의무위반,건조,맑음,기타 - 기타,승용,남,57세,상해없음,보행자,남,71세,중상
보행자사고,2020111400100499,2020년 11월 14일 18시,토요일,부산광역시 북구 구포동,중상사고,0,1,0,0,차대사람 - 보도통행중,보행자보호의무위반,건조,맑음,교차로 - 교차로횡단보도내,승용,남,64세,상해없음,보행자,여,85세,중상
보행자사고,2.02011E+15,2020년 11월 14일 18시,토요일,부산광역시 해운대구 우동,경상사고,0,0,1,0,차대사람 - 기타,안전운전불이행,건조,맑음,교차로 - 교차로부근,승용,여,45세,상해없음,보행자,남,38세,경상
보행자사고,2020111400100543,2020년 11월 14일 19시,토요일,부산광역시 동래구 온천동,경상사고,0,0,1,0,차대사람 - 횡단중,안전운전불이행,건조,맑음,단일로 - 기타,이륜,남,40세,상해없음,보행자,여,27세,경상
보행자사고,2.02011E+15,2020년 11월 14일 20시,토요일,부산광역시 동래구 온천동,경상사고,0,0,1,0,차대사람 - 횡단중,신호위반,건조,맑음,교차로 - 교차로횡단보도내,승용,남,57세,상해없음,보행자,남,54세,경상
보행자사고,2020111400100571,2020년 11월 14일 20시,토요일,부산광역시 사상구 괘법동,중상사고,0,1,0,0,차대사람 - 기타,안전운전불이행,건조,맑음,단일로 - 기타,승용,여,47세,상해없음,보행자,여,66세,중상
보행자사고,2020111400100601,2020년 11월 14일 21시,토요일,부산광역시 북구 화명동,경상사고,0,0,1,0,차대사람 - 보도통행중,기타,건조,맑음,단일로 - 지하차도(도로)내,개인형이동수단(PM),남,14세,상해없음,보행자,여,72세,경상
보행자사고,2020111400100629,2020년 11월 14일 23시,토요일,부산광역시 남구 용호동,경상사고,0,0,1,0,차대사람 - 기타,기타,건조,맑음,단일로 - 기타,승용,남,63세,상해없음,보행자,여,27세,경상
보행자사고,2.02011E+15,2020년 11월 14일 23시,토요일,부산광역시 사상구 덕포동,사망사고,1,0,0,0,차대사람 - 기타,안전운전불이행,건조,맑음,단일로 - 기타,승용,남,34세,상해없음,보행자,남,49세,사망
보행자사고,2020111500100029,2020년 11월 15일 04시,일요일,부산광역시 남구 대연동,경상사고,0,0,1,0,차대사람 - 차도통행중,보행자보호의무위반,건조,맑음,단일로 - 기타,승용,남,37세,상해없음,보행자,여,26세,경상
보행자사고,2020111500100066,2020년 11월 15일 09시,일요일,부산광역시 연제구 연산동,중상사고,0,1,0,0,차대사람 - 차도통행중,안전운전불이행,건조,맑음,교차로 - 교차로안,승용,남,42세,상해없음,보행자,여,80세,중상
보행자사고,2020111500100162,2020년 11월 15일 13시,일요일,부산광역시 동래구 온천동,경상사고,0,0,1,0,차대사람 - 횡단중,보행자보호의무위반,건조,맑음,단일로 - 기타,승용,남,42세,상해없음,보행자,남,70세,경상
보행자사고,2020111500100191,2020년 11월 15일 14시,일요일,부산광역시 동래구 온천동,중상사고,0,1,0,0,차대사람 - 기타,안전운전불이행,건조,맑음,교차로 - 교차로부근,승용,남,47세,상해없음,보행자,남,35세,중상
보행자사고,2.02011E+15,2020년 11월 15일 23시,일요일,부산광역시 연제구 연산동,중상사고,0,1,0,0,차대사람 - 길가장자리구역통행중,안전운전불이행,건조,맑음,단일로 - 기타,승용,남,25세,상해없음,보행자,여,74세,중상
보행자사고,2020111600100024,2020년 11월 16일 05시,월요일,부산광역시 사상구 모라동,중상사고,0,1,0,0,차대사람 - 기타,안전운전불이행,건조,맑음,단일로 - 기타,승용,남,44세,상해없음,보행자,여,62세,중상
보행자사고,2020111600100208,2020년 11월 16일 11시,월요일,부산광역시 부산진구 부전동,중상사고,0,1,0,0,차대사람 - 차도통행중,안전운전불이행,건조,맑음,단일로 - 기타,화물,남,64세,상해없음,보행자,여,75세,중상
보행자사고,2020111600100252,2020년 11월 16일 12시,월요일,부산광역시 중구 영주동,중상사고,0,1,0,0,차대사람 - 기타,안전운전불이행,건조,맑음,단일로 - 기타,승용,여,64세,상해없음,보행자,남,45세,중상
보행자사고,2020111600100496,2020년 11월 16일 18시,월요일,부산광역시 북구 화명동,경상사고,0,0,1,0,차대사람 - 기타,안전운전불이행,건조,맑음,단일로 - 기타,승용,남,34세,상해없음,보행자,여,57세,경상
보행자사고,2020111600100562,2020년 11월 16일 19시,월요일,부산광역시 서구 동대신동1가,경상사고,0,0,1,0,차대사람 - 기타,안전운전불이행,건조,맑음,단일로 - 기타,승용,남,42세,상해없음,보행자,여,31세,경상
보행자사고,2020111700100028,2020년 11월 17일 03시,화요일,부산광역시 부산진구 당감동,중상사고,0,1,0,0,차대사람 - 기타,안전운전불이행,건조,맑음,기타 - 기타,승용,남,28세,상해없음,보행자,남,63세,중상
보행자사고,2020111700100035,2020년 11월 17일 05시,화요일,부산광역시 부산진구 범천동,중상사고,0,1,0,0,차대사람 - 기타,안전운전불이행,건조,맑음,단일로 - 기타,화물,남,72세,상해없음,보행자,여,77세,중상
보행자사고,2020111700100136,2020년 11월 17일 09시,화요일,부산광역시 부산진구 부전동,경상사고,0,0,1,0,차대사람 - 횡단중,보행자보호의무위반,건조,맑음,단일로 - 기타,승용,남,31세,상해없음,보행자,남,46세,경상
보행자사고,2020111700100203,2020년 11월 17일 11시,화요일,부산광역시 사상구 학장동,경상사고,0,0,1,0,차대사람 - 기타,보행자보호의무위반,건조,맑음,교차로 - 교차로안,승용,여,50세,상해없음,보행자,여,36세,경상
보행자사고,2.02011E+15,2020년 11월 17일 13시,화요일,부산광역시 수영구 남천동,경상사고,0,0,1,0,차대사람 - 기타,안전운전불이행,건조,맑음,교차로 - 교차로안,원동기,남,81세,상해없음,보행자,여,36세,경상
보행자사고,2.02011E+15,2020년 11월 17일 15시,화요일,부산광역시 부산진구 부전동,중상사고,0,1,0,0,차대사람 - 횡단중,안전운전불이행,건조,맑음,단일로 - 기타,이륜,남,22세,상해없음,보행자,여,65세,중상
보행자사고,2020111700100321,2020년 11월 17일 15시,화요일,부산광역시 금정구 장전동,경상사고,0,0,1,0,차대사람 - 기타,안전운전불이행,건조,맑음,기타 - 기타,기타불명,기타불명,미분류,기타불명,보행자,여,20세,경상
보행자사고,2020111700100322,2020년 11월 17일 15시,화요일,부산광역시 사하구 감천동,경상사고,0,0,1,0,차대사람 - 기타,안전운전불이행,건조,맑음,단일로 - 기타,승용,여,72세,상해없음,보행자,남,47세,경상
보행자사고,2020111700100458,2020년 11월 17일 18시,화요일,부산광역시 남구 대연동,중상사고,0,1,0,0,차대사람 - 횡단중,안전운전불이행,건조,맑음,단일로 - 기타,승용,여,55세,상해없음,보행자,여,67세,중상
보행자사고,2020111700100649,2020년 11월 17일 23시,화요일,부산광역시 사하구 감천동,중상사고,0,1,0,0,차대사람 - 차도통행중,안전운전불이행,건조,맑음,단일로 - 기타,승용,남,49세,상해없음,보행자,남,56세,중상
보행자사고,2020111800100156,2020년 11월 18일 09시,수요일,부산광역시 해운대구 재송동,경상사고,0,0,1,0,차대사람 - 기타,기타,건조,맑음,단일로 - 기타,승용,여,37세,상해없음,보행자,여,3세,경상
보행자사고,2020111800100157,2020년 11월 18일 09시,수요일,부산광역시 부산진구 가야동,중상사고,0,1,0,0,차대사람 - 길가장자리구역통행중,안전운전불이행,건조,맑음,교차로 - 교차로안,화물,남,64세,상해없음,보행자,남,79세,중상
보행자사고,2020111800100158,2020년 11월 18일 09시,수요일,부산광역시 부산진구 부암동,경상사고,0,0,1,0,차대사람 - 보도통행중,기타,건조,맑음,기타 - 기타,승용,여,45세,상해없음,보행자,남,33세,경상
보행자사고,2020111800100357,2020년 11월 18일 15시,수요일,부산광역시 남구 용호동,중상사고,0,1,0,0,차대사람 - 횡단중,신호위반,건조,맑음,교차로 - 교차로횡단보도내,승용,여,60세,상해없음,보행자,남,60세,중상
보행자사고,2020111800100358,2020년 11월 18일 15시,수요일,부산광역시 영도구 동삼동,중상사고,0,1,0,0,차대사람 - 길가장자리구역통행중,안전운전불이행,건조,맑음,단일로 - 기타,승합,남,61세,상해없음,보행자,여,78세,중상
보행자사고,2020111900100033,2020년 11월 19일 02시,목요일,부산광역시 사상구 주례동,경상사고,0,0,1,0,차대사람 - 기타,안전운전불이행,건조,맑음,교차로 - 교차로안,승용,남,60세,상해없음,보행자,남,65세,경상
보행자사고,2020111900100105,2020년 11월 19일 07시,목요일,부산광역시 사상구 괘법동,중상사고,0,1,0,0,차대사람 - 기타,보행자보호의무위반,젖음/습기,비,교차로 - 교차로부근,화물,남,44세,상해없음,보행자,여,74세,중상
보행자사고,2020111900100202,2020년 11월 19일 09시,목요일,부산광역시 해운대구 우동,경상사고,0,0,1,0,차대사람 - 기타,안전운전불이행,건조,맑음,교차로 - 교차로안,기타불명,기타불명,미분류,기타불명,보행자,여,61세,경상
보행자사고,2020111900100341,2020년 11월 19일 13시,목요일,부산광역시 영도구 청학동,중상사고,0,1,0,0,차대사람 - 기타,안전운전불이행,건조,맑음,단일로 - 기타,승용,남,68세,상해없음,보행자,여,37세,중상
보행자사고,2020111900100342,2020년 11월 19일 13시,목요일,부산광역시 해운대구 반송동,중상사고,0,1,0,0,차대사람 - 차도통행중,안전운전불이행,젖음/습기,비,단일로 - 기타,이륜,남,53세,상해없음,보행자,여,75세,중상
보행자사고,2020112000100189,2020년 11월 20일 11시,금요일,부산광역시 수영구 민락동,중상사고,0,1,0,0,차대사람 - 기타,안전운전불이행,건조,맑음,단일로 - 기타,승용,남,61세,상해없음,보행자,여,47세,중상
보행자사고,2020112000100191,2020년 11월 20일 11시,금요일,부산광역시 해운대구 반여동,경상사고,0,0,1,0,차대사람 - 기타,보행자보호의무위반,건조,맑음,교차로 - 교차로부근,승용,여,55세,상해없음,보행자,여,63세,경상
보행자사고,2020112000100231,2020년 11월 20일 12시,금요일,부산광역시 서구 동대신동3가,중상사고,0,1,0,0,차대사람 - 횡단중,보행자보호의무위반,건조,맑음,단일로 - 기타,승합,남,52세,상해없음,보행자,여,66세,중상
보행자사고,2020112000100266,2020년 11월 20일 13시,금요일,부산광역시 서구 암남동,중상사고,0,1,0,0,차대사람 - 기타,안전운전불이행,건조,맑음,단일로 - 기타,화물,남,63세,상해없음,보행자,남,55세,중상
보행자사고,2020112000100375,2020년 11월 20일 16시,금요일,부산광역시 중구 부평동1가,중상사고,0,2,0,0,차대사람 - 횡단중,보행자보호의무위반,건조,맑음,교차로 - 교차로안,화물,남,46세,상해없음,보행자,여,65세,중상
보행자사고,2.02011E+15,2020년 11월 20일 18시,금요일,부산광역시 부산진구 양정동,중상사고,0,2,1,1,차대사람 - 기타,기타,건조,맑음,단일로 - 기타,이륜,남,21세,상해없음,보행자,여,61세,중상
보행자사고,2020112000100503,2020년 11월 20일 18시,금요일,부산광역시 사상구 엄궁동,중상사고,0,1,0,0,차대사람 - 횡단중,보행자보호의무위반,건조,맑음,단일로 - 기타,승용,남,29세,상해없음,보행자,여,56세,중상
보행자사고,2020112000100619,2020년 11월 20일 20시,금요일,부산광역시 금정구 서동,부상신고사고,0,0,0,1,차대사람 - 기타,안전운전불이행,건조,맑음,단일로 - 기타,승용,여,69세,상해없음,보행자,남,65세,부상신고
보행자사고,2020112000100655,2020년 11월 20일 21시,금요일,부산광역시 사상구 모라동,경상사고,0,0,1,0,차대사람 - 기타,기타,건조,맑음,기타 - 기타,이륜,남,19세,상해없음,보행자,남,46세,경상
보행자사고,2020112100100149,2020년 11월 21일 10시,토요일,부산광역시 금정구 구서동,경상사고,0,0,1,0,차대사람 - 차도통행중,안전운전불이행,건조,맑음,단일로 - 기타,승합,남,43세,상해없음,보행자,여,78세,경상
보행자사고,2020112100100177,2020년 11월 21일 11시,토요일,부산광역시 연제구 거제동,경상사고,0,0,1,0,차대사람 - 횡단중,보행자보호의무위반,건조,맑음,교차로 - 교차로부근,승용,남,29세,상해없음,보행자,여,31세,경상
보행자사고,2020112100100256,2020년 11월 21일 13시,토요일,부산광역시 동구 초량동,중상사고,0,1,0,0,차대사람 - 기타,안전운전불이행,건조,흐림,단일로 - 기타,승용,남,38세,상해없음,보행자,남,71세,중상
보행자사고,2020112100100369,2020년 11월 21일 16시,토요일,부산광역시 해운대구 우동,경상사고,0,0,1,0,차대사람 - 보도통행중,보행자보호의무위반,건조,맑음,단일로 - 기타,승용,여,45세,상해없음,보행자,여,30세,경상
보행자사고,2020112100100396,2020년 11월 21일 17시,토요일,부산광역시 서구 남부민동,중상사고,0,1,0,1,차대사람 - 횡단중,안전운전불이행,건조,맑음,단일로 - 기타,이륜,남,37세,부상신고,보행자,여,79세,중상
보행자사고,2020112100100397,2020년 11월 21일 17시,토요일,부산광역시 동래구 명륜동,경상사고,0,0,1,0,차대사람 - 길가장자리구역통행중,안전운전불이행,건조,맑음,단일로 - 기타,승용,남,61세,기타불명,보행자,남,18세,경상
보행자사고,2020112100100398,2020년 11월 21일 17시,토요일,부산광역시 부산진구 범천동,경상사고,0,0,1,0,차대사람 - 횡단중,안전운전불이행,건조,맑음,교차로 - 교차로안,승용,남,32세,상해없음,보행자,남,52세,경상