사고부문,사고번호,사고일시,요일,시군구,사고내용,사망자수,중상자수,경상자수,부상신고자수,사고유형,법규위반,노면상태,기상상태,도로형태,가해운전자 차종,가해운전자 성별,가해운전자 연령,가해운전자 상해정도,피해운전자 차종,피해운전자 성별,피해운전자 연령,피해운전자 상해정도
보행자사고,2020112100100399,2020년 11월 21일 17시,토요일,부산광역시 부산진구 부전동,경상사고,0,0,1,0,차대사람 - 기타,안전운전불이행,건조,맑음,단일로 - 기타,승합,남,59세,상해없음,보행자,남,77세,경상
보행자사고,2020112100100484,2020년 11월 21일 19시,토요일,부산광역시 중구 광복동1가,중상사고,0,1,0,0,차대사람 - 차도통행중,안전운전불이행,건조,맑음,단일로 - 기타,이륜,남,19세,상해없음,보행자,여,5세,중상
보행자사고,2020112100100541,2020년 11월 21일 21시,토요일,부산광역시 연제구 거제동,경상사고,0,0,1,0,차대사람 - 횡단중,안전운전불이행,건조,맑음,단일로 - 기타,이륜,남,22세,상해없음,보행자,남,39세,경상
보행자사고,2020112200100004,2020년 11월 22일 00시,일요일,부산광역시 사하구 하단동,부상신고사고,0,0,0,1,차대사람 - 길가장자리구역통행중,안전운전불이행,건조,맑음,단일로 - 기타,기타불명,기타불명,미분류,기타불명,보행자,남,30세,부상신고
보행자사고,2.02011E+15,2020년 11월 22일 01시,일요일,부산광역시 사상구 모라동,중상사고,0,1,0,0,차대사람 - 차도통행중,안전운전불이행,건조,흐림,단일로 - 지하차도(도로)내,승용,남,67세,상해없음,보행자,여,59세,중상
보행자사고,2020112200100061,2020년 11월 22일 04시,일요일,부산광역시 사하구 하단동,중상사고,0,1,0,0,차대사람 - 횡단중,안전운전불이행,건조,맑음,단일로 - 기타,이륜,남,16세,상해없음,보행자,남,30세,중상
보행자사고,2.02011E+15,2020년 11월 22일 13시,일요일,부산광역시 기장군 기장읍,중상사고,0,1,0,0,차대사람 - 횡단중,보행자보호의무위반,건조,맑음,교차로 - 교차로부근,승용,여,43세,상해없음,보행자,남,68세,중상
보행자사고,2020112200100274,2020년 11월 22일 17시,일요일,부산광역시 금정구 회동동,중상사고,0,1,0,0,차대사람 - 횡단중,보행자보호의무위반,건조,맑음,교차로 - 교차로안,승용,여,63세,상해없음,보행자,여,78세,중상
보행자사고,2020112200100303,2020년 11월 22일 18시,일요일,부산광역시 부산진구 개금동,중상사고,0,1,0,0,차대사람 - 횡단중,신호위반,건조,맑음,교차로 - 교차로안,승용,여,58세,상해없음,보행자,남,68세,중상
보행자사고,2020112200100383,2020년 11월 22일 21시,일요일,부산광역시 남구 대연동,경상사고,0,0,1,1,차대사람 - 기타,안전운전불이행,건조,맑음,단일로 - 기타,이륜,남,34세,부상신고,보행자,남,34세,경상
보행자사고,2020112200100384,2020년 11월 22일 21시,일요일,부산광역시 연제구 연산동,중상사고,0,1,0,0,차대사람 - 횡단중,과속,건조,맑음,단일로 - 기타,승용,남,59세,상해없음,보행자,여,68세,중상
보행자사고,2020112300100136,2020년 11월 23일 09시,월요일,부산광역시 중구 남포동4가,중상사고,0,1,0,0,차대사람 - 기타,안전운전불이행,건조,맑음,단일로 - 기타,승합,남,60세,상해없음,보행자,남,79세,중상
보행자사고,2020112300100139,2020년 11월 23일 09시,월요일,부산광역시 해운대구 우동,중상사고,0,1,0,0,차대사람 - 횡단중,보행자보호의무위반,건조,맑음,단일로 - 기타,승용,여,62세,상해없음,보행자,여,27세,중상
보행자사고,2020112300100232,2020년 11월 23일 12시,월요일,부산광역시 서구 남부민동,중상사고,0,1,0,0,차대사람 - 길가장자리구역통행중,안전운전불이행,건조,맑음,단일로 - 기타,화물,남,39세,기타불명,보행자,여,76세,중상
보행자사고,2020112300100233,2020년 11월 23일 12시,월요일,부산광역시 수영구 남천동,경상사고,0,0,1,0,차대사람 - 횡단중,안전운전불이행,건조,맑음,단일로 - 기타,화물,남,37세,상해없음,보행자,남,73세,경상
보행자사고,2020112300100235,2020년 11월 23일 12시,월요일,부산광역시 연제구 연산동,중상사고,0,1,0,0,차대사람 - 기타,안전운전불이행,건조,맑음,단일로 - 기타,승합,남,63세,상해없음,보행자,여,80세,중상
보행자사고,2.02011E+15,2020년 11월 23일 13시,월요일,부산광역시 강서구 명지동,중상사고,0,1,0,0,차대사람 - 횡단중,안전운전불이행,건조,맑음,교차로 - 교차로부근,승용,남,41세,상해없음,보행자,여,67세,중상
보행자사고,2020112300100316,2020년 11월 23일 14시,월요일,부산광역시 부산진구 개금동,중상사고,0,1,0,0,차대사람 - 차도통행중,안전운전불이행,건조,맑음,교차로 - 교차로안,승용,남,59세,상해없음,보행자,남,82세,중상
보행자사고,2020112300100347,2020년 11월 23일 15시,월요일,부산광역시 북구 구포동,경상사고,0,0,1,0,차대사람 - 기타,기타,건조,맑음,단일로 - 기타,화물,남,43세,상해없음,보행자,남,58세,경상
보행자사고,2.02011E+15,2020년 11월 23일 16시,월요일,부산광역시 금정구 장전동,경상사고,0,0,1,0,차대사람 - 길가장자리구역통행중,안전운전불이행,건조,맑음,단일로 - 기타,승용,남,30세,상해없음,보행자,여,23세,경상
보행자사고,2020112300100425,2020년 11월 23일 17시,월요일,부산광역시 부산진구 전포동,중상사고,0,1,0,0,차대사람 - 차도통행중,안전운전불이행,건조,맑음,단일로 - 기타,승용,남,41세,상해없음,보행자,남,13세,중상
보행자사고,2020112300100468,2020년 11월 23일 18시,월요일,부산광역시 해운대구 석대동,중상사고,0,1,0,0,차대사람 - 횡단중,안전운전불이행,건조,맑음,단일로 - 기타,승용,남,31세,상해없음,보행자,여,15세,중상
보행자사고,2020112300100558,2020년 11월 23일 20시,월요일,부산광역시 동래구 사직동,경상사고,0,0,1,0,차대사람 - 횡단중,보행자보호의무위반,건조,맑음,단일로 - 기타,승용,남,60세,상해없음,보행자,여,42세,경상
보행자사고,2020112300100601,2020년 11월 23일 22시,월요일,부산광역시 사하구 괴정동,중상사고,0,1,0,0,차대사람 - 기타,안전운전불이행,건조,맑음,단일로 - 기타,이륜,남,37세,상해없음,보행자,여,49세,중상
보행자사고,2020112400100009,2020년 11월 24일 00시,화요일,부산광역시 수영구 수영동,경상사고,0,0,1,0,차대사람 - 기타,안전운전불이행,건조,맑음,단일로 - 기타,화물,남,42세,상해없음,보행자,남,30세,경상
보행자사고,2020112400100041,2020년 11월 24일 06시,화요일,부산광역시 연제구 연산동,중상사고,0,1,0,0,차대사람 - 횡단중,보행자보호의무위반,건조,맑음,교차로 - 교차로안,승용,남,51세,상해없음,보행자,여,60세,중상
보행자사고,2020112400100238,2020년 11월 24일 13시,화요일,부산광역시 동래구 온천동,부상신고사고,0,0,0,1,차대사람 - 기타,안전운전불이행,건조,맑음,교차로 - 교차로안,승용,남,54세,상해없음,보행자,남,59세,부상신고
보행자사고,2020112400100239,2020년 11월 24일 13시,화요일,부산광역시 금정구 장전동,중상사고,0,1,0,0,차대사람 - 길가장자리구역통행중,보행자보호의무위반,건조,맑음,교차로 - 교차로안,승용,여,32세,상해없음,보행자,남,41세,중상
보행자사고,2.02011E+15,2020년 11월 24일 13시,화요일,부산광역시 수영구 수영동,경상사고,0,0,1,0,차대사람 - 차도통행중,안전운전불이행,건조,맑음,교차로 - 교차로안,승용,남,26세,상해없음,보행자,여,62세,경상
보행자사고,2020112400100406,2020년 11월 24일 17시,화요일,부산광역시 동구 수정동,경상사고,0,0,2,0,차대차 - 기타,안전운전불이행,건조,맑음,단일로 - 기타,승용,남,83세,상해없음,승용,남,36세,상해없음
보행자사고,2020112400100407,2020년 11월 24일 17시,화요일,부산광역시 부산진구 부전동,경상사고,0,0,1,0,차대사람 - 횡단중,안전운전불이행,건조,맑음,단일로 - 기타,승용,남,37세,상해없음,보행자,남,71세,경상
보행자사고,2020112400100518,2020년 11월 24일 19시,화요일,부산광역시 중구 신창동4가,중상사고,0,1,0,0,차대사람 - 횡단중,안전운전불이행,건조,맑음,단일로 - 기타,이륜,남,48세,상해없음,보행자,여,68세,중상
보행자사고,2020112400100519,2020년 11월 24일 19시,화요일,부산광역시 해운대구 반여동,중상사고,0,1,1,0,차대사람 - 기타,안전운전불이행,건조,맑음,단일로 - 기타,승용,여,59세,경상,보행자,여,50세,중상
보행자사고,2020112500100074,2020년 11월 25일 08시,수요일,부산광역시 수영구 광안동,부상신고사고,0,0,0,1,차대사람 - 길가장자리구역통행중,안전운전불이행,건조,맑음,단일로 - 기타,승용,남,65세,상해없음,보행자,여,41세,부상신고
보행자사고,2020112500100284,2020년 11월 25일 14시,수요일,부산광역시 금정구 부곡동,중상사고,0,1,0,0,차대사람 - 횡단중,보행자보호의무위반,건조,맑음,교차로 - 교차로부근,승용,여,39세,상해없음,보행자,남,81세,중상
보행자사고,2020112500100451,2020년 11월 25일 18시,수요일,부산광역시 금정구 장전동,경상사고,0,0,1,0,차대사람 - 기타,안전운전불이행,건조,맑음,교차로 - 교차로부근,승용,남,31세,상해없음,보행자,남,29세,경상
보행자사고,2020112500100598,2020년 11월 25일 22시,수요일,부산광역시 동래구 수안동,중상사고,0,1,0,0,차대사람 - 횡단중,보행자보호의무위반,건조,맑음,교차로 - 교차로안,승용,남,67세,상해없음,보행자,남,66세,중상
보행자사고,2020112600100047,2020년 11월 26일 06시,목요일,부산광역시 해운대구 우동,중상사고,0,1,0,0,차대사람 - 횡단중,보행자보호의무위반,건조,맑음,단일로 - 기타,승용,남,34세,상해없음,보행자,남,72세,중상
보행자사고,2020112600100075,2020년 11월 26일 07시,목요일,부산광역시 강서구 대저2동,경상사고,0,0,1,0,차대사람 - 기타,안전운전불이행,건조,맑음,단일로 - 기타,승용,남,62세,상해없음,보행자,남,55세,경상
보행자사고,2020112600100096,2020년 11월 26일 08시,목요일,부산광역시 사하구 다대동,중상사고,0,1,0,0,차대사람 - 보도통행중,안전운전불이행,건조,맑음,단일로 - 기타,이륜,남,66세,상해없음,보행자,남,68세,중상
보행자사고,2020112600100243,2020년 11월 26일 13시,목요일,부산광역시 금정구 서동,중상사고,0,1,0,0,차대사람 - 길가장자리구역통행중,안전운전불이행,건조,맑음,교차로 - 교차로안,승용,남,67세,상해없음,보행자,여,81세,중상
보행자사고,2020112600100306,2020년 11월 26일 15시,목요일,부산광역시 수영구 수영동,경상사고,0,0,1,0,차대사람 - 기타,안전운전불이행,건조,맑음,단일로 - 기타,화물,남,70세,상해없음,보행자,남,58세,경상
보행자사고,2020112600100375,2020년 11월 26일 17시,목요일,부산광역시 수영구 망미동,경상사고,0,0,1,0,차대사람 - 길가장자리구역통행중,안전운전불이행,건조,맑음,교차로 - 교차로안,화물,남,65세,상해없음,보행자,남,55세,경상
보행자사고,2020112700100123,2020년 11월 27일 10시,금요일,부산광역시 북구 구포동,부상신고사고,0,0,0,1,차대사람 - 기타,안전운전불이행,건조,맑음,단일로 - 기타,화물,남,48세,상해없음,보행자,남,66세,부상신고
보행자사고,2020112700100147,2020년 11월 27일 11시,금요일,부산광역시 동구 수정동,경상사고,0,0,1,0,차대사람 - 기타,안전운전불이행,건조,맑음,단일로 - 기타,승용,남,53세,상해없음,보행자,여,56세,경상
보행자사고,2020112700100148,2020년 11월 27일 11시,금요일,부산광역시 동구 수정동,중상사고,0,1,0,0,차대사람 - 기타,안전운전불이행,건조,맑음,단일로 - 기타,승용,남,57세,상해없음,보행자,여,72세,중상
보행자사고,2.02011E+15,2020년 11월 27일 11시,금요일,부산광역시 해운대구 재송동,중상사고,0,1,0,0,차대차 - 기타,안전운전불이행,건조,맑음,단일로 - 기타,승용,남,27세,상해없음,이륜,기타불명,미분류,기타불명
보행자사고,2020112700100279,2020년 11월 27일 15시,금요일,부산광역시 강서구 송정동,경상사고,0,0,2,1,차대차 - 측면충돌,교차로운행방법위반,건조,맑음,교차로 - 교차로안,화물,남,40세,상해없음,화물,남,66세,경상
보행자사고,2020112700100326,2020년 11월 27일 16시,금요일,부산광역시 연제구 연산동,경상사고,0,0,1,0,차대사람 - 횡단중,신호위반,건조,맑음,단일로 - 기타,승용,여,64세,상해없음,보행자,여,69세,경상
보행자사고,2020112700100434,2020년 11월 27일 18시,금요일,부산광역시 부산진구 전포동,중상사고,0,1,0,0,차대사람 - 기타,중앙선침범,건조,맑음,교차로 - 교차로안,화물,남,51세,기타불명,보행자,남,55세,중상
보행자사고,2020112800100076,2020년 11월 28일 09시,토요일,부산광역시 동래구 명륜동,부상신고사고,0,0,0,1,차대사람 - 기타,안전운전불이행,건조,맑음,기타 - 기타,자전거,여,71세,상해없음,보행자,여,73세,부상신고
보행자사고,2020112800100078,2020년 11월 28일 09시,토요일,부산광역시 기장군 정관읍,경상사고,0,0,1,0,차대사람 - 기타,안전운전불이행,건조,맑음,기타 - 기타,자전거,여,50세,상해없음,보행자,여,62세,경상
보행자사고,2020112800100111,2020년 11월 28일 10시,토요일,부산광역시 연제구 연산동,경상사고,0,0,1,0,차대사람 - 기타,안전운전불이행,건조,맑음,단일로 - 기타,승용,남,66세,상해없음,보행자,여,11세,경상
보행자사고,2020112800100175,2020년 11월 28일 12시,토요일,부산광역시 동래구 안락동,경상사고,0,0,1,0,차대사람 - 기타,안전운전불이행,건조,맑음,단일로 - 기타,승용,남,81세,상해없음,보행자,여,74세,경상
보행자사고,2020112800100217,2020년 11월 28일 13시,토요일,부산광역시 사하구 장림동,중상사고,0,1,0,0,차대사람 - 차도통행중,보행자보호의무위반,건조,맑음,단일로 - 기타,승용,남,43세,상해없음,보행자,여,45세,중상
보행자사고,2020112800100218,2020년 11월 28일 13시,토요일,부산광역시 사하구 감천동,중상사고,0,1,0,0,차대사람 - 횡단중,기타,건조,맑음,단일로 - 기타,승용,여,48세,상해없음,보행자,여,7세,중상
보행자사고,2.02011E+15,2020년 11월 28일 16시,토요일,부산광역시 부산진구 부전동,경상사고,0,0,1,0,차대사람 - 횡단중,안전운전불이행,건조,맑음,단일로 - 기타,승용,남,28세,상해없음,보행자,남,25세,경상
보행자사고,2020112800100418,2020년 11월 28일 18시,토요일,부산광역시 사하구 신평동,중상사고,0,1,0,0,차대사람 - 기타,안전운전불이행,건조,맑음,교차로 - 교차로안,승용,남,62세,상해없음,보행자,남,41세,중상
보행자사고,2.02011E+15,2020년 11월 28일 18시,토요일,부산광역시 사상구 감전동,중상사고,0,1,0,0,차대사람 - 차도통행중,안전운전불이행,건조,맑음,단일로 - 기타,화물,남,38세,기타불명,보행자,남,74세,중상
보행자사고,2020112800100514,2020년 11월 28일 21시,토요일,부산광역시 해운대구 반여동,경상사고,0,0,1,0,차대사람 - 기타,안전운전불이행,건조,맑음,단일로 - 기타,이륜,남,34세,상해없음,보행자,남,40세,경상
보행자사고,2020112800100574,2020년 11월 28일 23시,토요일,부산광역시 사상구 괘법동,중상사고,0,1,0,0,차대사람 - 횡단중,보행자보호의무위반,건조,맑음,교차로 - 교차로횡단보도내,승용,남,18세,상해없음,보행자,남,39세,중상
보행자사고,2020112900100205,2020년 11월 29일 15시,일요일,부산광역시 부산진구 당감동,중상사고,0,1,0,0,차대사람 - 기타,안전운전불이행,건조,맑음,단일로 - 기타,승용,남,49세,상해없음,보행자,남,49세,중상
보행자사고,2020112900100259,2020년 11월 29일 17시,일요일,부산광역시 동래구 안락동,중상사고,0,1,0,0,차대사람 - 기타,안전운전불이행,건조,맑음,교차로 - 교차로횡단보도내,승용,남,36세,상해없음,보행자,남,79세,중상
보행자사고,2020112900100285,2020년 11월 29일 18시,일요일,부산광역시 사상구 덕포동,부상신고사고,0,0,0,1,차대사람 - 차도통행중,안전운전불이행,건조,맑음,단일로 - 기타,기타불명,기타불명,미분류,기타불명,보행자,여,59세,부상신고
보행자사고,2020113000100133,2020년 11월 30일 09시,월요일,부산광역시 기장군 기장읍,경상사고,0,0,1,0,차대사람 - 기타,안전운전불이행,건조,맑음,단일로 - 기타,승용,남,59세,상해없음,보행자,남,37세,경상
보행자사고,2020113000100229,2020년 11월 30일 12시,월요일,부산광역시 연제구 연산동,경상사고,0,0,1,0,차대사람 - 횡단중,보행자보호의무위반,건조,맑음,단일로 - 기타,승용,남,35세,상해없음,보행자,여,46세,경상
보행자사고,2020113000100265,2020년 11월 30일 13시,월요일,부산광역시 부산진구 개금동,경상사고,0,0,1,0,차대사람 - 차도통행중,안전운전불이행,건조,맑음,단일로 - 기타,승용,남,24세,상해없음,보행자,여,27세,경상
보행자사고,2020113000100297,2020년 11월 30일 14시,월요일,부산광역시 영도구 영선동1가,경상사고,0,0,1,0,차대사람 - 횡단중,보행자보호의무위반,건조,맑음,교차로 - 교차로횡단보도내,승용,여,59세,상해없음,보행자,남,10세,경상
보행자사고,2020113000100334,2020년 11월 30일 15시,월요일,부산광역시 부산진구 양정동,경상사고,0,0,1,0,차대사람 - 기타,안전운전불이행,건조,맑음,단일로 - 기타,기타불명,기타불명,미분류,기타불명,보행자,여,31세,경상
보행자사고,2020113000100423,2020년 11월 30일 17시,월요일,부산광역시 해운대구 중동,중상사고,0,1,0,0,차대사람 - 길가장자리구역통행중,기타,건조,맑음,단일로 - 기타,이륜,남,46세,상해없음,보행자,여,67세,중상
보행자사고,2020113000100425,2020년 11월 30일 17시,월요일,부산광역시 연제구 연산동,경상사고,0,0,1,0,차대사람 - 기타,안전운전불이행,건조,맑음,단일로 - 기타,승합,남,69세,상해없음,보행자,남,79세,경상
보행자사고,2020113000100473,2020년 11월 30일 18시,월요일,부산광역시 동래구 온천동,경상사고,0,0,1,0,차대사람 - 횡단중,신호위반,건조,맑음,교차로 - 교차로횡단보도내,이륜,남,22세,상해없음,보행자,여,34세,경상
보행자사고,2020113000100474,2020년 11월 30일 18시,월요일,부산광역시 해운대구 우동,경상사고,0,0,1,1,차대사람 - 기타,보행자보호의무위반,건조,맑음,교차로 - 교차로횡단보도내,자전거,남,10세,부상신고,보행자,여,58세,경상
보행자사고,2020120100100131,2020년 12월 1일 09시,화요일,부산광역시 남구 대연동,중상사고,0,1,0,0,차대사람 - 횡단중,안전운전불이행,건조,맑음,단일로 - 기타,승용,남,21세,상해없음,보행자,여,68세,중상
보행자사고,2020120100100132,2020년 12월 1일 09시,화요일,부산광역시 부산진구 가야동,경상사고,0,0,1,0,차대사람 - 기타,기타,건조,맑음,단일로 - 기타,승용,남,68세,상해없음,보행자,남,24세,경상
보행자사고,2.02012E+15,2020년 12월 1일 10시,화요일,부산광역시 부산진구 범천동,경상사고,0,0,1,0,차대사람 - 기타,안전운전불이행,건조,맑음,단일로 - 기타,승용,여,65세,상해없음,보행자,여,28세,경상
보행자사고,2020120100100229,2020년 12월 1일 12시,화요일,부산광역시 금정구 서동,중상사고,0,1,0,0,차대사람 - 횡단중,보행자보호의무위반,건조,맑음,교차로 - 교차로안,화물,남,64세,상해없음,보행자,여,60세,중상
보행자사고,2020120100100317,2020년 12월 1일 14시,화요일,부산광역시 영도구 영선동1가,중상사고,0,1,0,0,차대사람 - 횡단중,신호위반,건조,맑음,교차로 - 교차로횡단보도내,승합,남,37세,상해없음,보행자,여,64세,중상
보행자사고,2020120100100396,2020년 12월 1일 16시,화요일,부산광역시 수영구 민락동,중상사고,0,1,0,0,차대사람 - 기타,안전운전불이행,건조,맑음,단일로 - 기타,승용,여,53세,상해없음,보행자,여,62세,중상
보행자사고,2020120100100445,2020년 12월 1일 17시,화요일,부산광역시 동래구 온천동,경상사고,0,0,1,0,차대사람 - 기타,안전운전불이행,건조,맑음,단일로 - 기타,승용,여,25세,상해없음,보행자,남,71세,경상
보행자사고,2020120100100493,2020년 12월 1일 18시,화요일,부산광역시 북구 화명동,경상사고,0,0,1,0,차대사람 - 차도통행중,안전운전불이행,건조,맑음,교차로 - 교차로안,승용,여,23세,상해없음,보행자,남,58세,경상
보행자사고,2020120100100494,2020년 12월 1일 18시,화요일,부산광역시 금정구 서동,중상사고,0,1,0,0,차대사람 - 기타,안전운전불이행,건조,맑음,단일로 - 기타,승용,여,30세,상해없음,보행자,여,82세,중상
보행자사고,2020120100100573,2020년 12월 1일 20시,화요일,부산광역시 수영구 망미동,중상사고,0,1,0,0,차대사람 - 횡단중,보행자보호의무위반,건조,맑음,교차로 - 교차로부근,승용,여,23세,상해없음,보행자,여,66세,중상
보행자사고,2020120200100066,2020년 12월 2일 08시,수요일,부산광역시 서구 남부민동,중상사고,0,1,0,0,차대사람 - 기타,안전운전불이행,건조,맑음,단일로 - 기타,승합,남,39세,상해없음,보행자,남,68세,중상
보행자사고,2020120200100068,2020년 12월 2일 08시,수요일,부산광역시 부산진구 초읍동,경상사고,0,0,1,0,차대사람 - 기타,안전운전불이행,건조,맑음,단일로 - 기타,승용,남,64세,상해없음,보행자,여,46세,경상
보행자사고,2020120200100275,2020년 12월 2일 15시,수요일,부산광역시 부산진구 당감동,경상사고,0,0,1,0,차대사람 - 기타,안전운전불이행,건조,맑음,단일로 - 기타,화물,남,54세,상해없음,보행자,남,80세,경상
보행자사고,2.02012E+15,2020년 12월 2일 17시,수요일,부산광역시 사상구 감전동,중상사고,0,1,0,0,차대사람 - 길가장자리구역통행중,안전운전불이행,건조,맑음,단일로 - 기타,승용,여,60세,상해없음,보행자,여,58세,중상
보행자사고,2020120200100396,2020년 12월 2일 18시,수요일,부산광역시 부산진구 양정동,중상사고,0,1,2,1,차대차 - 기타,안전운전불이행,건조,맑음,교차로 - 교차로부근,승용,남,30세,부상신고,승용,여,45세,경상
보행자사고,2020120200100397,2020년 12월 2일 18시,수요일,부산광역시 부산진구 부암동,중상사고,0,1,0,0,차대사람 - 횡단중,안전운전불이행,건조,맑음,단일로 - 기타,이륜,남,58세,상해없음,보행자,여,78세,중상
보행자사고,2020120200100398,2020년 12월 2일 18시,수요일,부산광역시 사하구 다대동,중상사고,0,1,0,0,차대사람 - 횡단중,보행자보호의무위반,건조,맑음,단일로 - 지하차도(도로)내,승용,남,55세,상해없음,보행자,남,61세,중상
보행자사고,2020120200100468,2020년 12월 2일 19시,수요일,부산광역시 금정구 장전동,중상사고,0,1,0,0,차대사람 - 기타,안전운전불이행,건조,맑음,단일로 - 기타,승용,남,35세,상해없음,보행자,여,68세,중상
보행자사고,2.02012E+15,2020년 12월 2일 19시,수요일,부산광역시 사하구 당리동,중상사고,0,1,0,0,차대사람 - 횡단중,보행자보호의무위반,건조,맑음,교차로 - 교차로횡단보도내,이륜,남,20세,상해없음,보행자,여,20세,중상
보행자사고,2.02012E+15,2020년 12월 3일 01시,목요일,부산광역시 동래구 안락동,경상사고,0,0,1,0,차대사람 - 차도통행중,신호위반,건조,맑음,단일로 - 기타,승용,남,69세,상해없음,보행자,남,47세,경상
보행자사고,2.02012E+15,2020년 12월 3일 07시,목요일,부산광역시 해운대구 반여동,경상사고,0,0,1,0,차대사람 - 기타,안전운전불이행,건조,맑음,단일로 - 기타,화물,남,66세,상해없음,보행자,여,29세,경상
보행자사고,2020120300100074,2020년 12월 3일 08시,목요일,부산광역시 해운대구 좌동,중상사고,0,1,1,0,차대사람 - 횡단중,신호위반,건조,맑음,교차로 - 교차로횡단보도내,승용,남,67세,상해없음,보행자,남,72세,중상
보행자사고,2020120300100251,2020년 12월 3일 14시,목요일,부산광역시 사하구 다대동,중상사고,0,1,0,0,차대사람 - 기타,안전운전불이행,건조,맑음,단일로 - 기타,승용,여,36세,상해없음,보행자,여,75세,중상
보행자사고,2020120300100359,2020년 12월 3일 17시,목요일,부산광역시 수영구 광안동,경상사고,0,0,1,0,차대사람 - 기타,안전운전불이행,건조,맑음,단일로 - 기타,자전거,남,44세,상해없음,보행자,여,45세,경상
보행자사고,2020120400100022,2020년 12월 4일 03시,금요일,부산광역시 서구 충무동1가,사망사고,1,0,0,0,차대사람 - 횡단중,안전운전불이행,건조,맑음,교차로 - 교차로횡단보도내,승용,남,64세,상해없음,보행자,여,76세,사망
보행자사고,2020120400100131,2020년 12월 4일 09시,금요일,부산광역시 부산진구 부암동,중상사고,0,1,0,0,차대사람 - 차도통행중,안전운전불이행,건조,맑음,교차로 - 교차로횡단보도내,화물,남,60세,상해없음,보행자,여,83세,중상
보행자사고,2020120400100226,2020년 12월 4일 12시,금요일,부산광역시 남구 용호동,중상사고,0,1,0,0,차대사람 - 기타,안전운전불이행,건조,맑음,단일로 - 기타,승용,남,68세,상해없음,보행자,여,41세,중상
보행자사고,2020120400100295,2020년 12월 4일 14시,금요일,부산광역시 부산진구 가야동,부상신고사고,0,0,0,1,차대사람 - 보도통행중,보행자보호의무위반,건조,맑음,단일로 - 기타,승용,남,62세,상해없음,보행자,남,81세,부상신고
보행자사고,2020120400100363,2020년 12월 4일 16시,금요일,부산광역시 동래구 수안동,중상사고,0,1,0,0,차대사람 - 차도통행중,안전운전불이행,건조,맑음,단일로 - 기타,승용,남,46세,상해없음,보행자,여,81세,중상
보행자사고,2020120400100403,2020년 12월 4일 17시,금요일,부산광역시 수영구 광안동,경상사고,0,0,1,0,차대사람 - 기타,안전운전불이행,건조,맑음,교차로 - 교차로부근,승용,여,46세,상해없음,보행자,여,53세,경상
보행자사고,2020120400100567,2020년 12월 4일 20시,금요일,부산광역시 금정구 장전동,부상신고사고,0,0,0,1,차대사람 - 기타,안전운전불이행,건조,맑음,단일로 - 기타,개인형이동수단(PM),남,13세,상해없음,보행자,남,32세,부상신고
보행자사고,2020120400100568,2020년 12월 4일 20시,금요일,부산광역시 강서구 대저1동,중상사고,0,1,0,0,차대사람 - 기타,안전운전불이행,건조,맑음,단일로 - 기타,승용,남,27세,상해없음,보행자,남,37세,중상
보행자사고,2020120500100103,2020년 12월 5일 10시,토요일,부산광역시 사상구 괘법동,경상사고,0,0,1,0,차대사람 - 기타,안전운전불이행,건조,맑음,교차로 - 교차로안,승용,남,31세,상해없음,보행자,여,63세,경상
보행자사고,2020120500100263,2020년 12월 5일 14시,토요일,부산광역시 북구 화명동,경상사고,0,0,2,0,차대사람 - 기타,기타,건조,맑음,단일로 - 기타,승용,여,61세,상해없음,보행자,여,23세,경상
보행자사고,2020120500100331,2020년 12월 5일 16시,토요일,부산광역시 해운대구 좌동,경상사고,0,0,1,0,차대사람 - 횡단중,보행자보호의무위반,건조,맑음,교차로 - 교차로부근,승용,남,59세,상해없음,보행자,남,22세,경상
보행자사고,2020120500100361,2020년 12월 5일 17시,토요일,부산광역시 동래구 온천동,중상사고,0,1,0,0,차대사람 - 횡단중,보행자보호의무위반,건조,맑음,교차로 - 교차로안,승용,여,49세,상해없음,보행자,남,66세,중상
보행자사고,2020120500100362,2020년 12월 5일 17시,토요일,부산광역시 부산진구 부전동,중상사고,0,1,0,0,차대사람 - 보도통행중,기타,건조,맑음,단일로 - 기타,이륜,남,18세,상해없음,보행자,남,24세,중상
보행자사고,2020120600100002,2020년 12월 6일 00시,일요일,부산광역시 해운대구 우동,중상사고,0,1,0,0,차대사람 - 횡단중,보행자보호의무위반,건조,맑음,교차로 - 교차로횡단보도내,승용,남,42세,상해없음,보행자,남,44세,중상
보행자사고,2020120600100049,2020년 12월 6일 06시,일요일,부산광역시 금정구 남산동,중상사고,0,1,0,0,차대사람 - 기타,안전운전불이행,건조,맑음,교차로 - 교차로횡단보도내,화물,남,42세,상해없음,보행자,여,77세,중상
보행자사고,2020120600100275,2020년 12월 6일 17시,일요일,부산광역시 사하구 괴정동,경상사고,0,0,1,0,차대사람 - 길가장자리구역통행중,안전운전불이행,건조,맑음,단일로 - 기타,승용,여,51세,상해없음,보행자,여,35세,경상
보행자사고,2020120600100335,2020년 12월 6일 19시,일요일,부산광역시 사하구 괴정동,중상사고,0,1,0,0,차대사람 - 기타,안전운전불이행,건조,맑음,교차로 - 교차로부근,승용,남,29세,상해없음,보행자,남,86세,중상