사고부문,사고번호,사고일시,요일,시군구,사고내용,사망자수,중상자수,경상자수,부상신고자수,사고유형,법규위반,노면상태,기상상태,도로형태,가해운전자 차종,가해운전자 성별,가해운전자 연령,가해운전자 상해정도,피해운전자 차종,피해운전자 성별,피해운전자 연령,피해운전자 상해정도
보행자사고,2021021600100429,2021년 2월 16일 19시,화요일,부산광역시 사상구 모라동,경상사고,0,0,1,0,차대사람 - 기타,안전운전불이행,건조,맑음,교차로 - 교차로횡단보도내,이륜,남,43세,상해없음,보행자,남,54세,경상
보행자사고,2021021700100193,2021년 2월 17일 12시,수요일,부산광역시 해운대구 반여동,경상사고,0,0,1,0,차대사람 - 횡단중,보행자보호의무위반,건조,맑음,교차로 - 교차로횡단보도내,화물,남,52세,상해없음,보행자,여,24세,경상
보행자사고,2021021700100227,2021년 2월 17일 13시,수요일,부산광역시 사상구 주례동,중상사고,0,1,0,0,차대사람 - 횡단중,보행자보호의무위반,건조,맑음,교차로 - 교차로안,승용,남,65세,상해없음,보행자,여,19세,중상
보행자사고,2021021700100285,2021년 2월 17일 15시,수요일,부산광역시 금정구 부곡동,경상사고,0,0,1,0,차대사람 - 기타,안전운전불이행,건조,맑음,기타 - 기타,승용,여,49세,상해없음,보행자,여,75세,경상
보행자사고,2021021800100031,2021년 2월 18일 06시,목요일,부산광역시 수영구 광안동,부상신고사고,0,0,0,1,차대사람 - 기타,안전운전불이행,건조,맑음,교차로 - 교차로안,승용,남,59세,상해없음,보행자,여,73세,부상신고
보행자사고,2021021800100203,2021년 2월 18일 13시,목요일,부산광역시 남구 대연동,경상사고,0,0,1,0,차대사람 - 횡단중,신호위반,건조,맑음,교차로 - 교차로부근,승용,남,57세,상해없음,보행자,남,9세,경상
보행자사고,2021021800100204,2021년 2월 18일 13시,목요일,부산광역시 금정구 금사동,중상사고,0,1,0,0,차대사람 - 길가장자리구역통행중,안전운전불이행,건조,맑음,교차로 - 교차로안,승용,여,60세,상해없음,보행자,남,58세,중상
보행자사고,2021021800100272,2021년 2월 18일 15시,목요일,부산광역시 부산진구 개금동,경상사고,0,0,1,0,차대사람 - 기타,안전운전불이행,건조,맑음,교차로 - 교차로안,화물,남,44세,상해없음,보행자,남,57세,경상
보행자사고,2021021800100312,2021년 2월 18일 16시,목요일,부산광역시 금정구 남산동,중상사고,0,1,0,0,차대사람 - 횡단중,안전운전불이행,건조,맑음,교차로 - 교차로안,승용,남,35세,상해없음,보행자,여,44세,중상
보행자사고,2021021800100383,2021년 2월 18일 18시,목요일,부산광역시 해운대구 좌동,경상사고,0,0,1,0,차대사람 - 횡단중,신호위반,건조,맑음,단일로 - 기타,승용,여,55세,상해없음,보행자,여,13세,경상
보행자사고,2021021800100541,2021년 2월 18일 23시,목요일,부산광역시 북구 화명동,중상사고,0,1,1,0,차대사람 - 기타,안전운전불이행,건조,맑음,단일로 - 기타,이륜,남,24세,경상,보행자,여,44세,중상
보행자사고,2021021900100071,2021년 2월 19일 08시,금요일,부산광역시 해운대구 우동,사망사고,1,0,0,0,차대사람 - 횡단중,보행자보호의무위반,건조,맑음,단일로 - 기타,건설기계,남,58세,상해없음,보행자,여,26세,사망
보행자사고,2021021900100166,2021년 2월 19일 11시,금요일,부산광역시 연제구 연산동,중상사고,0,1,0,0,차대사람 - 기타,안전운전불이행,건조,맑음,교차로 - 교차로부근,승용,남,63세,상해없음,보행자,여,75세,중상
보행자사고,2021021900100291,2021년 2월 19일 14시,금요일,부산광역시 서구 충무동1가,중상사고,0,1,0,0,차대사람 - 횡단중,안전운전불이행,건조,맑음,교차로 - 교차로부근,승용,남,70세,상해없음,보행자,여,80세,중상
보행자사고,2021021900100441,2021년 2월 19일 17시,금요일,부산광역시 동래구 명륜동,부상신고사고,0,0,0,1,차대사람 - 기타,안전운전불이행,건조,맑음,단일로 - 기타,기타불명,기타불명,미분류,기타불명,보행자,남,65세,부상신고
보행자사고,2021021900100484,2021년 2월 19일 18시,금요일,부산광역시 해운대구 반송동,중상사고,0,1,0,0,차대사람 - 횡단중,안전운전불이행,건조,맑음,단일로 - 기타,승용,남,44세,상해없음,보행자,남,60세,중상
보행자사고,2021021900100547,2021년 2월 19일 19시,금요일,부산광역시 부산진구 범전동,중상사고,0,1,0,0,차대사람 - 차도통행중,안전운전불이행,건조,맑음,단일로 - 기타,승용,여,41세,상해없음,보행자,남,54세,중상
보행자사고,2021021900100598,2021년 2월 19일 20시,금요일,부산광역시 부산진구 부전동,경상사고,0,0,1,0,차대사람 - 차도통행중,안전운전불이행,건조,맑음,단일로 - 기타,승용,남,19세,기타불명,보행자,여,18세,경상
보행자사고,2021022000100038,2021년 2월 20일 04시,토요일,부산광역시 사상구 모라동,사망사고,1,0,0,0,차대사람 - 횡단중,안전운전불이행,건조,맑음,단일로 - 기타,승합,남,68세,상해없음,보행자,여,75세,사망
보행자사고,2021022000100132,2021년 2월 20일 11시,토요일,부산광역시 부산진구 전포동,중상사고,0,1,0,0,차대사람 - 차도통행중,안전운전불이행,건조,맑음,교차로 - 교차로안,이륜,남,21세,상해없음,보행자,남,68세,중상
보행자사고,2021022000100171,2021년 2월 20일 12시,토요일,부산광역시 동구 범일동,중상사고,0,1,0,0,차대사람 - 횡단중,보행자보호의무위반,건조,맑음,단일로 - 기타,승용,남,59세,상해없음,보행자,여,23세,중상
보행자사고,2021022000100246,2021년 2월 20일 14시,토요일,부산광역시 부산진구 부전동,경상사고,0,0,1,0,차대사람 - 횡단중,안전운전불이행,서리/결빙,맑음,단일로 - 기타,승용,남,63세,상해없음,보행자,여,65세,경상
보행자사고,2021022000100316,2021년 2월 20일 16시,토요일,부산광역시 금정구 금사동,경상사고,0,0,1,0,차대사람 - 횡단중,보행자보호의무위반,건조,맑음,교차로 - 교차로부근,승용,남,40세,상해없음,보행자,남,42세,경상
보행자사고,2.02102E+15,2021년 2월 20일 17시,토요일,부산광역시 부산진구 부전동,경상사고,0,0,1,0,차대사람 - 기타,안전운전불이행,기타,맑음,단일로 - 기타,승용,여,40세,상해없음,보행자,남,27세,경상
보행자사고,2.02102E+15,2021년 2월 20일 23시,토요일,부산광역시 부산진구 당감동,경상사고,0,0,1,0,차대사람 - 기타,안전운전불이행,건조,맑음,단일로 - 기타,승용,남,42세,상해없음,보행자,남,68세,경상
보행자사고,2021022100100087,2021년 2월 21일 11시,일요일,부산광역시 연제구 연산동,중상사고,0,1,0,0,차대사람 - 기타,안전운전불이행,건조,맑음,기타 - 기타,승용,남,52세,상해없음,보행자,여,60세,중상
보행자사고,2021022100100153,2021년 2월 21일 14시,일요일,부산광역시 중구 신창동3가,경상사고,0,0,1,0,차대사람 - 기타,안전운전불이행,건조,맑음,단일로 - 기타,승용,남,69세,상해없음,보행자,남,10세,경상
보행자사고,2021022100100296,2021년 2월 21일 18시,일요일,부산광역시 사상구 학장동,부상신고사고,0,0,0,1,차대사람 - 기타,안전운전불이행,건조,맑음,단일로 - 기타,승용,남,61세,상해없음,보행자,남,61세,부상신고
보행자사고,2021022100100364,2021년 2월 21일 21시,일요일,부산광역시 중구 남포동5가,경상사고,0,0,1,0,차대사람 - 횡단중,신호위반,건조,맑음,교차로 - 교차로횡단보도내,기타불명,기타불명,미분류,기타불명,보행자,여,63세,경상
보행자사고,2021022200100247,2021년 2월 22일 13시,월요일,부산광역시 강서구 명지동,중상사고,0,1,0,0,차대사람 - 기타,보행자보호의무위반,건조,맑음,기타 - 기타,자전거,여,66세,기타불명,보행자,여,42세,중상
보행자사고,2021022200100277,2021년 2월 22일 14시,월요일,부산광역시 연제구 연산동,중상사고,0,1,0,0,차대사람 - 길가장자리구역통행중,안전운전불이행,건조,맑음,단일로 - 기타,승용,남,54세,상해없음,보행자,여,59세,중상
보행자사고,2.02102E+15,2021년 2월 22일 15시,월요일,부산광역시 동구 좌천동,중상사고,0,1,0,0,차대사람 - 기타,보행자보호의무위반,건조,맑음,단일로 - 기타,승용,남,40세,상해없음,보행자,여,6세,중상
보행자사고,2021022200100399,2021년 2월 22일 17시,월요일,부산광역시 부산진구 전포동,중상사고,0,1,0,0,차대사람 - 기타,보행자보호의무위반,건조,맑음,단일로 - 기타,자전거,남,32세,상해없음,보행자,남,25세,중상
보행자사고,2021022200100505,2021년 2월 22일 20시,월요일,부산광역시 수영구 광안동,경상사고,0,0,2,0,차대사람 - 기타,불법유턴,건조,맑음,단일로 - 기타,승용,남,34세,상해없음,보행자,남,34세,경상
보행자사고,2021022200100506,2021년 2월 22일 20시,월요일,부산광역시 동래구 사직동,경상사고,0,0,1,0,차대사람 - 기타,안전운전불이행,건조,맑음,교차로 - 교차로부근,승용,여,39세,상해없음,보행자,남,30세,경상
보행자사고,2.02102E+15,2021년 2월 22일 21시,월요일,부산광역시 해운대구 재송동,경상사고,0,0,1,0,차대사람 - 길가장자리구역통행중,안전운전불이행,건조,맑음,단일로 - 기타,승용,남,56세,상해없음,보행자,남,24세,경상
보행자사고,2021022200100531,2021년 2월 22일 21시,월요일,부산광역시 부산진구 부전동,경상사고,0,0,1,0,차대사람 - 횡단중,안전운전불이행,건조,맑음,기타 - 기타,승용,여,22세,상해없음,보행자,여,42세,경상
보행자사고,2021022300100069,2021년 2월 23일 08시,화요일,부산광역시 금정구 구서동,경상사고,0,0,1,0,차대사람 - 횡단중,보행자보호의무위반,건조,맑음,교차로 - 교차로안,승용,여,34세,상해없음,보행자,여,50세,경상
보행자사고,2021022300100296,2021년 2월 23일 15시,화요일,부산광역시 금정구 부곡동,경상사고,0,0,1,0,차대사람 - 횡단중,안전운전불이행,건조,맑음,단일로 - 기타,이륜,남,20세,상해없음,보행자,여,59세,경상
보행자사고,2021022300100335,2021년 2월 23일 16시,화요일,부산광역시 사상구 괘법동,경상사고,0,0,1,0,차대사람 - 횡단중,안전운전불이행,건조,맑음,기타 - 기타,화물,남,75세,상해없음,보행자,여,49세,경상
보행자사고,2021022300100373,2021년 2월 23일 17시,화요일,부산광역시 기장군 기장읍,경상사고,0,0,1,0,차대사람 - 길가장자리구역통행중,안전운전불이행,건조,맑음,교차로 - 교차로부근,승용,남,81세,상해없음,보행자,남,50세,경상
보행자사고,2021022300100412,2021년 2월 23일 18시,화요일,부산광역시 부산진구 부전동,중상사고,0,1,1,0,차대사람 - 횡단중,안전운전불이행,건조,맑음,단일로 - 기타,이륜,남,37세,상해없음,보행자,여,34세,경상
보행자사고,2021022300100486,2021년 2월 23일 20시,화요일,부산광역시 남구 문현동,경상사고,0,0,1,0,차대사람 - 보도통행중,기타,건조,맑음,단일로 - 기타,이륜,남,24세,상해없음,보행자,남,57세,경상
보행자사고,2021022300100539,2021년 2월 23일 22시,화요일,부산광역시 영도구 대평동1가,부상신고사고,0,0,0,1,차대사람 - 기타,안전운전불이행,건조,맑음,단일로 - 기타,승용,여,51세,상해없음,보행자,남,46세,부상신고
보행자사고,2.02102E+15,2021년 2월 24일 07시,수요일,부산광역시 동래구 낙민동,중상사고,0,1,0,0,차대사람 - 기타,안전운전불이행,건조,맑음,단일로 - 기타,승합,남,60세,상해없음,보행자,여,64세,중상
보행자사고,2021022400100222,2021년 2월 24일 14시,수요일,부산광역시 수영구 광안동,경상사고,0,0,1,0,차대사람 - 기타,안전운전불이행,건조,맑음,단일로 - 기타,승용,남,26세,상해없음,보행자,남,28세,경상
보행자사고,2021022400100319,2021년 2월 24일 17시,수요일,부산광역시 서구 아미동2가,중상사고,0,1,0,0,차대사람 - 횡단중,보행자보호의무위반,건조,맑음,교차로 - 교차로횡단보도내,화물,남,25세,상해없음,보행자,남,63세,중상
보행자사고,2.02102E+15,2021년 2월 24일 17시,수요일,부산광역시 동래구 명장동,경상사고,0,0,1,0,차대사람 - 횡단중,안전운전불이행,건조,맑음,단일로 - 기타,승용,남,65세,기타불명,보행자,남,19세,경상
보행자사고,2.02102E+15,2021년 2월 24일 20시,수요일,부산광역시 동래구 온천동,중상사고,0,1,0,0,차대사람 - 기타,안전운전불이행,건조,맑음,교차로 - 교차로부근,이륜,남,40세,상해없음,보행자,여,52세,중상
보행자사고,2021022500100177,2021년 2월 25일 13시,목요일,부산광역시 동구 수정동,경상사고,0,0,1,0,차대사람 - 차도통행중,안전운전불이행,건조,맑음,단일로 - 기타,승용,여,44세,상해없음,보행자,여,19세,경상
보행자사고,2021022500100243,2021년 2월 25일 15시,목요일,부산광역시 강서구 명지동,중상사고,0,1,0,0,차대사람 - 길가장자리구역통행중,기타,건조,맑음,단일로 - 기타,승합,남,69세,상해없음,보행자,여,41세,중상
보행자사고,2021022500100304,2021년 2월 25일 17시,목요일,부산광역시 수영구 민락동,경상사고,0,0,1,0,차대사람 - 보도통행중,보행자보호의무위반,건조,맑음,교차로 - 교차로횡단보도내,승용,남,50세,상해없음,보행자,여,29세,경상
보행자사고,2021022500100346,2021년 2월 25일 18시,목요일,부산광역시 금정구 서동,중상사고,0,1,0,0,차대사람 - 횡단중,보행자보호의무위반,젖음/습기,비,교차로 - 교차로안,승용,여,53세,상해없음,보행자,여,64세,중상
보행자사고,2021022500100399,2021년 2월 25일 19시,목요일,부산광역시 부산진구 범천동,경상사고,0,0,1,0,차대사람 - 기타,안전운전불이행,기타,맑음,단일로 - 기타,이륜,남,38세,상해없음,보행자,남,26세,경상
보행자사고,2.02102E+15,2021년 2월 25일 19시,목요일,부산광역시 사하구 다대동,중상사고,0,1,0,0,차대사람 - 횡단중,안전운전불이행,젖음/습기,비,교차로 - 교차로횡단보도내,승용,남,48세,상해없음,보행자,여,49세,중상
보행자사고,2021022500100437,2021년 2월 25일 20시,목요일,부산광역시 연제구 연산동,경상사고,0,0,2,0,차대사람 - 기타,안전운전불이행,젖음/습기,비,단일로 - 기타,승용,여,53세,상해없음,보행자,남,39세,경상
보행자사고,2021022500100498,2021년 2월 25일 22시,목요일,부산광역시 사하구 장림동,경상사고,0,0,1,0,차대사람 - 차도통행중,안전운전불이행,젖음/습기,비,단일로 - 기타,이륜,남,36세,기타불명,보행자,남,64세,경상
보행자사고,2021022600100004,2021년 2월 26일 00시,금요일,부산광역시 해운대구 우동,경상사고,0,0,1,0,차대사람 - 횡단중,안전운전불이행,젖음/습기,비,교차로 - 교차로안,승용,남,57세,상해없음,보행자,남,44세,경상
보행자사고,2021022600100133,2021년 2월 26일 10시,금요일,부산광역시 남구 대연동,중상사고,0,1,0,0,차대사람 - 횡단중,안전운전불이행,젖음/습기,비,교차로 - 교차로횡단보도내,화물,남,46세,상해없음,보행자,여,70세,중상
보행자사고,2021022600100342,2021년 2월 26일 16시,금요일,부산광역시 남구 대연동,경상사고,0,0,1,0,차대사람 - 횡단중,안전운전불이행,건조,맑음,교차로 - 교차로횡단보도내,화물,남,45세,상해없음,보행자,남,29세,경상
보행자사고,2021022600100583,2021년 2월 26일 22시,금요일,부산광역시 중구 부평동2가,중상사고,0,1,0,0,차대사람 - 기타,안전운전불이행,건조,맑음,단일로 - 기타,승용,여,56세,상해없음,보행자,남,64세,중상
보행자사고,2021022600100606,2021년 2월 26일 23시,금요일,부산광역시 부산진구 전포동,중상사고,0,1,0,0,차대사람 - 횡단중,안전운전불이행,건조,맑음,교차로 - 교차로안,승용,여,55세,상해없음,보행자,남,40세,중상
보행자사고,2.02102E+15,2021년 2월 27일 14시,토요일,부산광역시 서구 부민동1가,경상사고,0,0,1,0,차대사람 - 길가장자리구역통행중,안전운전불이행,건조,맑음,단일로 - 교량,승용,남,62세,상해없음,보행자,여,51세,경상
보행자사고,2021022700100244,2021년 2월 27일 14시,토요일,부산광역시 금정구 부곡동,중상사고,0,1,0,0,차대사람 - 횡단중,보행자보호의무위반,건조,맑음,단일로 - 기타,승용,여,50세,상해없음,보행자,여,84세,중상
보행자사고,2021022700100464,2021년 2월 27일 20시,토요일,부산광역시 사하구 감천동,사망사고,1,0,0,0,차대사람 - 기타,안전운전불이행,건조,맑음,단일로 - 기타,승용,남,64세,상해없음,보행자,여,63세,사망
보행자사고,2021022800100005,2021년 2월 28일 00시,일요일,부산광역시 동구 범일동,경상사고,0,0,1,0,차대사람 - 차도통행중,안전운전불이행,건조,맑음,단일로 - 기타,승용,남,59세,상해없음,보행자,남,51세,경상
보행자사고,2021022800100014,2021년 2월 28일 01시,일요일,부산광역시 남구 문현동,중상사고,0,1,0,0,차대사람 - 횡단중,안전운전불이행,건조,맑음,단일로 - 기타,기타불명,기타불명,미분류,기타불명,보행자,남,41세,중상
보행자사고,2021022800100015,2021년 2월 28일 01시,일요일,부산광역시 사하구 하단동,중상사고,0,1,0,0,차대사람 - 기타,안전운전불이행,건조,맑음,단일로 - 기타,승용,남,65세,상해없음,보행자,여,77세,중상
보행자사고,2021022800100035,2021년 2월 28일 04시,일요일,부산광역시 사하구 장림동,중상사고,0,1,0,0,차대사람 - 횡단중,신호위반,건조,맑음,교차로 - 교차로안,승합,남,39세,상해없음,보행자,남,63세,중상
보행자사고,2021022800100088,2021년 2월 28일 11시,일요일,부산광역시 사하구 감천동,경상사고,0,0,1,0,차대사람 - 기타,안전운전불이행,건조,맑음,단일로 - 기타,승용,여,30세,상해없음,보행자,여,26세,경상
보행자사고,2021030100100036,2021년 3월 1일 06시,월요일,부산광역시 사상구 엄궁동,중상사고,0,1,0,0,차대사람 - 기타,안전운전불이행,건조,맑음,기타 - 기타,화물,남,65세,상해없음,보행자,남,38세,중상
보행자사고,2021030100100135,2021년 3월 1일 14시,월요일,부산광역시 금정구 장전동,경상사고,0,0,1,0,차대사람 - 기타,안전운전불이행,젖음/습기,비,교차로 - 교차로부근,이륜,남,14세,상해없음,보행자,남,17세,경상
보행자사고,2.02103E+15,2021년 3월 1일 17시,월요일,부산광역시 부산진구 가야동,중상사고,0,1,0,0,차대사람 - 기타,안전운전불이행,젖음/습기,비,교차로 - 교차로부근,승용,남,50세,상해없음,보행자,남,79세,중상
보행자사고,2021030100100262,2021년 3월 1일 18시,월요일,부산광역시 동래구 명장동,경상사고,0,0,1,0,차대사람 - 기타,안전운전불이행,젖음/습기,비,단일로 - 기타,승합,남,69세,상해없음,보행자,남,66세,경상
보행자사고,2021030100100264,2021년 3월 1일 18시,월요일,부산광역시 해운대구 우동,경상사고,0,0,1,0,차대사람 - 횡단중,신호위반,건조,맑음,교차로 - 교차로횡단보도내,이륜,남,46세,상해없음,보행자,남,43세,경상
보행자사고,2021030100100266,2021년 3월 1일 18시,월요일,부산광역시 사상구 학장동,중상사고,0,1,0,0,차대사람 - 기타,신호위반,젖음/습기,비,단일로 - 기타,이륜,남,33세,기타불명,보행자,여,72세,중상
보행자사고,2021030100100391,2021년 3월 1일 21시,월요일,부산광역시 수영구 광안동,중상사고,0,1,0,0,차대사람 - 기타,안전운전불이행,젖음/습기,비,교차로 - 교차로부근,기타불명,기타불명,미분류,기타불명,보행자,남,50세,중상
보행자사고,2021030100100449,2021년 3월 1일 23시,월요일,부산광역시 동래구 칠산동,중상사고,0,1,0,0,차대사람 - 횡단중,안전운전불이행,젖음/습기,비,단일로 - 기타,승용,남,50세,상해없음,보행자,남,64세,중상
보행자사고,2021030200100012,2021년 3월 2일 01시,화요일,부산광역시 연제구 연산동,중상사고,0,1,0,0,차대사람 - 횡단중,안전운전불이행,젖음/습기,비,단일로 - 기타,승용,남,34세,상해없음,보행자,여,72세,중상
보행자사고,2021030200100235,2021년 3월 2일 14시,화요일,부산광역시 남구 문현동,중상사고,0,1,0,0,차대사람 - 보도통행중,안전운전불이행,건조,맑음,교차로 - 교차로안,화물,남,44세,상해없음,보행자,여,59세,중상
보행자사고,2021030200100236,2021년 3월 2일 14시,화요일,부산광역시 수영구 수영동,중상사고,0,1,0,0,차대사람 - 보도통행중,안전운전불이행,건조,맑음,단일로 - 기타,화물,남,42세,상해없음,보행자,남,10세,중상
보행자사고,2021030200100424,2021년 3월 2일 19시,화요일,부산광역시 사상구 엄궁동,중상사고,0,1,0,0,차대사람 - 기타,안전운전불이행,건조,맑음,교차로 - 교차로안,승용,남,29세,상해없음,보행자,남,29세,중상
보행자사고,2021030200100498,2021년 3월 2일 22시,화요일,부산광역시 남구 대연동,중상사고,0,1,0,0,차대사람 - 기타,안전운전불이행,건조,맑음,단일로 - 기타,승용,여,22세,상해없음,보행자,남,51세,중상
보행자사고,2.02103E+15,2021년 3월 2일 22시,화요일,부산광역시 해운대구 좌동,부상신고사고,0,0,0,1,차대사람 - 횡단중,안전운전불이행,건조,맑음,단일로 - 기타,기타불명,기타불명,미분류,기타불명,보행자,남,59세,부상신고
보행자사고,2021030300100025,2021년 3월 3일 05시,수요일,부산광역시 중구 부평동1가,중상사고,0,1,0,0,차대사람 - 횡단중,안전운전불이행,건조,맑음,단일로 - 기타,화물,남,60세,상해없음,보행자,남,73세,중상
보행자사고,2021030300100081,2021년 3월 3일 08시,수요일,부산광역시 부산진구 부전동,중상사고,0,1,0,1,차대사람 - 횡단중,안전운전불이행,건조,맑음,단일로 - 기타,이륜,남,30세,부상신고,보행자,여,18세,중상
보행자사고,2021030300100082,2021년 3월 3일 08시,수요일,부산광역시 사상구 덕포동,중상사고,0,1,0,0,차대사람 - 기타,안전운전불이행,건조,맑음,단일로 - 기타,승용,남,65세,상해없음,보행자,남,36세,중상
보행자사고,2.02103E+15,2021년 3월 3일 09시,수요일,부산광역시 동래구 낙민동,중상사고,0,1,0,0,차대사람 - 보도통행중,신호위반,건조,맑음,단일로 - 기타,승용,남,50세,상해없음,보행자,여,51세,중상
보행자사고,2021030300100147,2021년 3월 3일 10시,수요일,부산광역시 동래구 복천동,부상신고사고,0,0,0,1,차대사람 - 횡단중,보행자보호의무위반,건조,맑음,교차로 - 교차로안,화물,남,45세,상해없음,보행자,여,71세,부상신고
보행자사고,2021030300100272,2021년 3월 3일 14시,수요일,부산광역시 동래구 온천동,경상사고,0,0,1,0,차대사람 - 기타,신호위반,건조,맑음,단일로 - 기타,승용,남,67세,상해없음,보행자,남,53세,경상
보행자사고,2021030300100383,2021년 3월 3일 18시,수요일,부산광역시 연제구 연산동,경상사고,0,0,1,0,차대사람 - 길가장자리구역통행중,안전운전불이행,건조,맑음,단일로 - 기타,승용,남,26세,상해없음,보행자,남,22세,경상
보행자사고,2021030300100504,2021년 3월 3일 22시,수요일,부산광역시 금정구 장전동,경상사고,0,0,1,0,차대사람 - 횡단중,보행자보호의무위반,건조,맑음,교차로 - 교차로횡단보도내,승용,여,60세,상해없음,보행자,남,55세,경상
보행자사고,2021030400100021,2021년 3월 4일 04시,목요일,부산광역시 남구 대연동,경상사고,0,0,1,0,차대사람 - 기타,안전운전불이행,건조,맑음,교차로 - 교차로안,승용,남,68세,상해없음,보행자,남,41세,경상
보행자사고,2021030400100134,2021년 3월 4일 10시,목요일,부산광역시 중구 영주동,경상사고,0,0,1,0,차대사람 - 길가장자리구역통행중,안전운전불이행,건조,맑음,단일로 - 기타,이륜,남,24세,상해없음,보행자,여,62세,경상
보행자사고,2021030400100135,2021년 3월 4일 10시,목요일,부산광역시 금정구 구서동,경상사고,0,0,1,0,차대사람 - 길가장자리구역통행중,보행자보호의무위반,건조,맑음,단일로 - 기타,승용,여,19세,상해없음,보행자,여,91세,경상
보행자사고,2.02103E+15,2021년 3월 4일 13시,목요일,부산광역시 사하구 하단동,중상사고,0,1,0,0,차대사람 - 차도통행중,안전운전불이행,건조,맑음,단일로 - 기타,화물,남,55세,상해없음,보행자,남,83세,중상
보행자사고,2021030400100235,2021년 3월 4일 14시,목요일,부산광역시 동구 범일동,경상사고,0,0,1,0,차대사람 - 차도통행중,보행자보호의무위반,건조,맑음,단일로 - 기타,승용,여,59세,상해없음,보행자,남,25세,경상
보행자사고,2021030400100258,2021년 3월 4일 15시,목요일,부산광역시 남구 용호동,경상사고,0,0,1,0,차대사람 - 차도통행중,안전운전불이행,건조,맑음,단일로 - 기타,승용,남,31세,상해없음,보행자,남,78세,경상
보행자사고,2021030400100279,2021년 3월 4일 16시,목요일,부산광역시 부산진구 당감동,경상사고,0,0,2,0,차대사람 - 기타,안전운전불이행,건조,맑음,교차로 - 교차로횡단보도내,화물,남,55세,상해없음,보행자,남,61세,경상
보행자사고,2021030400100334,2021년 3월 4일 18시,목요일,부산광역시 금정구 서동,중상사고,0,1,0,0,차대사람 - 횡단중,보행자보호의무위반,젖음/습기,비,단일로 - 지하차도(도로)내,화물,남,64세,상해없음,보행자,여,58세,중상
보행자사고,2021030400100422,2021년 3월 4일 20시,목요일,부산광역시 중구 중앙동4가,중상사고,0,1,0,0,차대사람 - 횡단중,신호위반,젖음/습기,비,교차로 - 교차로안,이륜,남,39세,상해없음,보행자,여,41세,중상
보행자사고,2021030400100425,2021년 3월 4일 20시,목요일,부산광역시 사상구 모라동,부상신고사고,0,0,0,1,차대사람 - 기타,안전운전불이행,건조,맑음,교차로 - 교차로부근,승합,남,42세,상해없음,보행자,남,42세,부상신고
보행자사고,2021030400100452,2021년 3월 4일 21시,목요일,부산광역시 동래구 온천동,중상사고,0,1,0,0,차대사람 - 기타,보행자보호의무위반,건조,맑음,단일로 - 기타,승용,남,63세,상해없음,보행자,남,51세,중상
보행자사고,2.02103E+15,2021년 3월 4일 22시,목요일,부산광역시 동래구 안락동,경상사고,0,0,1,0,차대사람 - 기타,보행자보호의무위반,젖음/습기,맑음,교차로 - 교차로부근,승합,남,73세,상해없음,보행자,남,59세,경상
보행자사고,2021030400100511,2021년 3월 4일 23시,목요일,부산광역시 수영구 광안동,중상사고,0,1,0,0,차대사람 - 기타,안전운전불이행,젖음/습기,비,교차로 - 교차로안,승합,남,64세,상해없음,보행자,남,59세,중상
보행자사고,2021030500100032,2021년 3월 5일 05시,금요일,부산광역시 중구 대창동2가,중상사고,0,1,0,0,차대사람 - 횡단중,보행자보호의무위반,젖음/습기,흐림,교차로 - 교차로횡단보도내,승용,남,49세,상해없음,보행자,남,26세,중상
보행자사고,2021030500100033,2021년 3월 5일 05시,금요일,부산광역시 사하구 감천동,중상사고,0,1,0,0,차대사람 - 기타,안전운전불이행,젖음/습기,비,단일로 - 기타,승용,남,64세,상해없음,보행자,남,54세,중상
보행자사고,2021030500100081,2021년 3월 5일 08시,금요일,부산광역시 해운대구 중동,중상사고,0,1,0,0,차대사람 - 횡단중,보행자보호의무위반,건조,맑음,교차로 - 교차로횡단보도내,승용,여,79세,상해없음,보행자,여,23세,중상
보행자사고,2021030500100158,2021년 3월 5일 10시,금요일,부산광역시 사하구 다대동,경상사고,0,0,1,0,차대사람 - 기타,안전운전불이행,건조,맑음,단일로 - 기타,승용,여,57세,상해없음,보행자,남,81세,경상
보행자사고,2.02103E+15,2021년 3월 5일 13시,금요일,부산광역시 동구 범일동,중상사고,0,1,0,0,차대사람 - 횡단중,안전운전불이행,건조,맑음,교차로 - 교차로횡단보도내,자전거,남,52세,상해없음,보행자,여,68세,중상
보행자사고,2.02103E+15,2021년 3월 5일 15시,금요일,부산광역시 북구 구포동,경상사고,0,0,1,0,차대사람 - 기타,안전운전불이행,건조,맑음,단일로 - 기타,승용,여,50세,상해없음,보행자,여,9세,경상
보행자사고,2021030500100512,2021년 3월 5일 20시,금요일,부산광역시 사하구 감천동,중상사고,0,1,0,0,차대사람 - 차도통행중,중앙선침범,건조,맑음,단일로 - 기타,승용,남,40세,상해없음,보행자,남,80세,중상
보행자사고,2.02103E+15,2021년 3월 6일 03시,토요일,부산광역시 서구 충무동1가,경상사고,0,0,1,0,차대사람 - 길가장자리구역통행중,안전운전불이행,건조,맑음,단일로 - 기타,원동기,남,22세,상해없음,보행자,여,48세,경상
보행자사고,2021030600100047,2021년 3월 6일 06시,토요일,부산광역시 북구 화명동,중상사고,0,1,0,0,차대사람 - 차도통행중,안전운전불이행,건조,맑음,단일로 - 기타,승용,여,52세,상해없음,보행자,여,79세,중상
보행자사고,2021030600100159,2021년 3월 6일 12시,토요일,부산광역시 해운대구 반여동,중상사고,0,1,0,0,차대차 - 기타,신호위반,건조,맑음,단일로 - 기타,이륜,남,50세,상해없음,승용,남,41세,상해없음