사고부문,사고번호,사고일시,요일,시군구,사고내용,사망자수,중상자수,경상자수,부상신고자수,사고유형,법규위반,노면상태,기상상태,도로형태,가해운전자 차종,가해운전자 성별,가해운전자 연령,가해운전자 상해정도,피해운전자 차종,피해운전자 성별,피해운전자 연령,피해운전자 상해정도
보행자사고,2021030600100257,2021년 3월 6일 15시,토요일,부산광역시 수영구 광안동,중상사고,0,1,0,0,차대사람 - 횡단중,안전운전불이행,건조,맑음,교차로 - 교차로안,승용,여,40세,상해없음,보행자,여,76세,중상
보행자사고,2021030600100314,2021년 3월 6일 17시,토요일,부산광역시 동래구 안락동,중상사고,0,1,0,0,차대사람 - 기타,안전운전불이행,건조,흐림,단일로 - 기타,승용,여,42세,상해없음,보행자,남,51세,중상
보행자사고,2021030600100434,2021년 3월 6일 21시,토요일,부산광역시 부산진구 부전동,중상사고,0,1,0,0,차대사람 - 횡단중,신호위반,건조,기타,교차로 - 교차로횡단보도내,승용,남,58세,상해없음,보행자,여,47세,중상
보행자사고,2021030700100011,2021년 3월 7일 01시,일요일,부산광역시 부산진구 부전동,경상사고,0,0,1,0,차대사람 - 기타,안전운전불이행,건조,맑음,단일로 - 기타,승용,남,28세,상해없음,보행자,남,30세,경상
보행자사고,2021030700100043,2021년 3월 7일 08시,일요일,부산광역시 동래구 칠산동,경상사고,0,0,1,0,차대사람 - 차도통행중,불법유턴,건조,맑음,교차로 - 교차로부근,화물,남,64세,상해없음,보행자,여,62세,경상
보행자사고,2021030700100147,2021년 3월 7일 14시,일요일,부산광역시 연제구 연산동,경상사고,0,0,1,0,차대사람 - 기타,불법유턴,건조,맑음,주차장 - 주차장,승용,남,51세,상해없음,보행자,여,22세,경상
보행자사고,2021030800100027,2021년 3월 8일 06시,월요일,부산광역시 금정구 두구동,경상사고,0,0,1,0,차대사람 - 횡단중,안전운전불이행,젖음/습기,흐림,교차로 - 교차로부근,승용,남,37세,상해없음,보행자,남,75세,경상
보행자사고,2021030800100045,2021년 3월 8일 07시,월요일,부산광역시 동래구 사직동,경상사고,0,0,1,0,차대사람 - 기타,안전운전불이행,건조,맑음,교차로 - 교차로안,승용,여,48세,상해없음,보행자,여,81세,경상
보행자사고,2021030800100078,2021년 3월 8일 08시,월요일,부산광역시 해운대구 우동,중상사고,0,1,0,0,차대사람 - 횡단중,안전운전불이행,건조,맑음,단일로 - 기타,승용,여,47세,상해없음,보행자,여,16세,중상
보행자사고,2.02103E+15,2021년 3월 8일 10시,월요일,부산광역시 연제구 거제동,경상사고,0,0,1,0,차대사람 - 횡단중,안전운전불이행,건조,맑음,교차로 - 교차로안,승용,남,36세,상해없음,보행자,남,48세,경상
보행자사고,2021030800100194,2021년 3월 8일 11시,월요일,부산광역시 북구 구포동,경상사고,0,0,1,0,차대사람 - 횡단중,신호위반,건조,맑음,교차로 - 교차로횡단보도내,이륜,남,25세,상해없음,보행자,남,74세,경상
보행자사고,2.02103E+15,2021년 3월 8일 12시,월요일,부산광역시 부산진구 범전동,중상사고,0,1,0,0,차대사람 - 횡단중,신호위반,건조,맑음,단일로 - 기타,승용,여,57세,상해없음,보행자,여,50세,중상
보행자사고,2021030800100308,2021년 3월 8일 15시,월요일,부산광역시 해운대구 중동,경상사고,0,0,1,0,차대사람 - 횡단중,안전운전불이행,건조,맑음,단일로 - 기타,승용,여,60세,상해없음,보행자,남,36세,경상
보행자사고,2021030800100469,2021년 3월 8일 19시,월요일,부산광역시 서구 토성동1가,경상사고,0,0,1,0,차대사람 - 차도통행중,중앙선침범,건조,맑음,기타 - 기타,화물,남,47세,상해없음,보행자,남,64세,경상
보행자사고,2021030800100548,2021년 3월 8일 21시,월요일,부산광역시 서구 아미동2가,경상사고,0,0,1,0,차대사람 - 차도통행중,안전운전불이행,건조,맑음,교차로 - 교차로안,승용,남,25세,상해없음,보행자,남,73세,경상
보행자사고,2021030800100571,2021년 3월 8일 22시,월요일,부산광역시 금정구 장전동,경상사고,0,0,1,0,차대사람 - 보도통행중,기타,건조,맑음,기타 - 기타,개인형이동수단(PM),남,18세,상해없음,보행자,여,27세,경상
보행자사고,2021030900100024,2021년 3월 9일 05시,화요일,부산광역시 연제구 연산동,경상사고,0,0,1,0,차대사람 - 횡단중,보행자보호의무위반,건조,맑음,교차로 - 교차로부근,승합,남,44세,상해없음,보행자,여,63세,경상
보행자사고,2021030900100047,2021년 3월 9일 07시,화요일,부산광역시 부산진구 개금동,중상사고,0,1,0,0,차대사람 - 횡단중,안전운전불이행,건조,맑음,교차로 - 교차로부근,화물,남,41세,상해없음,보행자,여,68세,중상
보행자사고,2021030900100067,2021년 3월 9일 08시,화요일,부산광역시 부산진구 양정동,중상사고,0,1,0,0,차대사람 - 기타,안전운전불이행,건조,맑음,단일로 - 기타,승용,남,42세,상해없음,보행자,여,68세,중상
보행자사고,2021030900100114,2021년 3월 9일 10시,화요일,부산광역시 서구 서대신동2가,중상사고,0,1,0,0,차대사람 - 횡단중,안전운전불이행,건조,맑음,교차로 - 교차로부근,승용,여,48세,상해없음,보행자,여,74세,중상
보행자사고,2021030900100115,2021년 3월 9일 10시,화요일,부산광역시 사상구 삼락동,중상사고,0,1,0,0,차대사람 - 기타,안전운전불이행,건조,맑음,단일로 - 기타,화물,남,30세,상해없음,보행자,여,90세,중상
보행자사고,2021030900100177,2021년 3월 9일 12시,화요일,부산광역시 중구 창선동1가,경상사고,0,0,1,0,차대사람 - 기타,안전운전불이행,건조,맑음,교차로 - 교차로부근,승용,남,65세,상해없음,보행자,여,52세,경상
보행자사고,2.02103E+15,2021년 3월 9일 14시,화요일,부산광역시 수영구 광안동,중상사고,0,1,0,0,차대사람 - 횡단중,보행자보호의무위반,건조,맑음,교차로 - 교차로횡단보도내,화물,남,51세,상해없음,보행자,여,57세,중상
보행자사고,2021030900100296,2021년 3월 9일 16시,화요일,부산광역시 동래구 낙민동,경상사고,0,0,1,0,차대사람 - 횡단중,보행자보호의무위반,건조,맑음,교차로 - 교차로안,원동기,남,24세,상해없음,보행자,여,21세,경상
보행자사고,2.02103E+15,2021년 3월 9일 17시,화요일,부산광역시 금정구 구서동,중상사고,0,1,2,0,차대사람 - 기타,안전운전불이행,건조,맑음,단일로 - 기타,승합,남,56세,상해없음,보행자,여,55세,중상
보행자사고,2021030900100369,2021년 3월 9일 18시,화요일,부산광역시 부산진구 범천동,경상사고,0,0,1,0,차대사람 - 기타,안전운전불이행,건조,맑음,단일로 - 기타,이륜,남,79세,기타불명,보행자,여,81세,경상
보행자사고,2021030900100507,2021년 3월 9일 23시,화요일,부산광역시 동래구 온천동,사망사고,1,0,0,0,차대사람 - 기타,안전운전불이행,건조,맑음,단일로 - 기타,승용,남,44세,상해없음,보행자,남,60세,사망
보행자사고,2021031000100029,2021년 3월 10일 05시,수요일,부산광역시 연제구 연산동,경상사고,0,0,1,0,차대사람 - 횡단중,안전운전불이행,건조,맑음,교차로 - 교차로안,승용,남,61세,상해없음,보행자,남,42세,경상
보행자사고,2021031000100075,2021년 3월 10일 08시,수요일,부산광역시 해운대구 반여동,부상신고사고,0,0,0,1,차대사람 - 기타,안전운전불이행,건조,맑음,교차로 - 교차로횡단보도내,화물,남,60세,상해없음,보행자,남,12세,부상신고
보행자사고,2021031000100139,2021년 3월 10일 10시,수요일,부산광역시 부산진구 당감동,경상사고,0,0,1,0,차대사람 - 횡단중,보행자보호의무위반,건조,맑음,기타 - 기타,화물,남,54세,상해없음,보행자,남,66세,경상
보행자사고,2021031000100266,2021년 3월 10일 14시,수요일,부산광역시 수영구 수영동,중상사고,0,1,0,0,차대사람 - 기타,안전운전불이행,건조,맑음,교차로 - 교차로안,승용,남,26세,상해없음,보행자,남,47세,중상
보행자사고,2021031000100385,2021년 3월 10일 17시,수요일,부산광역시 영도구 동삼동,중상사고,0,1,0,0,차대사람 - 기타,보행자보호의무위반,건조,맑음,교차로 - 교차로부근,이륜,남,21세,상해없음,보행자,여,62세,중상
보행자사고,2021031000100388,2021년 3월 10일 17시,수요일,부산광역시 사하구 장림동,경상사고,0,0,1,0,차대사람 - 횡단중,안전운전불이행,건조,맑음,교차로 - 교차로안,화물,남,52세,상해없음,보행자,남,67세,경상
보행자사고,2021031000100389,2021년 3월 10일 17시,수요일,부산광역시 연제구 연산동,경상사고,0,0,1,0,차대사람 - 횡단중,보행자보호의무위반,건조,맑음,교차로 - 교차로횡단보도내,화물,남,46세,상해없음,보행자,여,42세,경상
보행자사고,2021031000100426,2021년 3월 10일 18시,수요일,부산광역시 금정구 부곡동,중상사고,0,1,0,0,차대사람 - 횡단중,안전운전불이행,건조,맑음,단일로 - 기타,승용,여,48세,상해없음,보행자,여,63세,중상
보행자사고,2021031000100466,2021년 3월 10일 19시,수요일,부산광역시 금정구 서동,중상사고,0,1,0,0,차대사람 - 차도통행중,안전운전불이행,건조,맑음,단일로 - 기타,원동기,남,18세,상해없음,보행자,남,59세,중상
보행자사고,2021031100100157,2021년 3월 11일 11시,목요일,부산광역시 해운대구 우동,경상사고,0,0,1,0,차대사람 - 차도통행중,안전운전불이행,건조,맑음,단일로 - 기타,자전거,여,43세,상해없음,보행자,여,75세,경상
보행자사고,2021031100100188,2021년 3월 11일 12시,목요일,부산광역시 금정구 장전동,경상사고,0,0,1,0,차대사람 - 기타,보행자보호의무위반,건조,맑음,교차로 - 교차로횡단보도내,승용,남,35세,상해없음,보행자,여,68세,경상
보행자사고,2021031100100269,2021년 3월 11일 15시,목요일,부산광역시 동래구 사직동,중상사고,0,1,0,0,차대사람 - 횡단중,보행자보호의무위반,건조,맑음,단일로 - 기타,원동기,남,73세,상해없음,보행자,여,84세,중상
보행자사고,2021031100100271,2021년 3월 11일 15시,목요일,부산광역시 연제구 거제동,중상사고,0,2,0,0,차대사람 - 기타,안전운전불이행,건조,맑음,단일로 - 기타,승용,여,49세,기타불명,보행자,남,78세,중상
보행자사고,2.02103E+15,2021년 3월 11일 16시,목요일,부산광역시 중구 남포동6가,경상사고,0,0,1,0,차대사람 - 차도통행중,안전운전불이행,건조,맑음,단일로 - 기타,승용,남,67세,상해없음,보행자,남,59세,경상
보행자사고,2021031100100416,2021년 3월 11일 19시,목요일,부산광역시 연제구 연산동,중상사고,0,1,0,0,차대사람 - 차도통행중,안전운전불이행,젖음/습기,맑음,단일로 - 기타,이륜,남,16세,상해없음,보행자,여,53세,중상
보행자사고,2021031100100461,2021년 3월 11일 20시,목요일,부산광역시 연제구 연산동,부상신고사고,0,0,0,1,차대사람 - 횡단중,안전운전불이행,건조,맑음,교차로 - 교차로부근,승합,남,66세,상해없음,보행자,남,37세,부상신고
보행자사고,2021031100100462,2021년 3월 11일 20시,목요일,부산광역시 연제구 거제동,중상사고,0,1,0,0,차대사람 - 차도통행중,교차로운행방법위반,건조,맑음,교차로 - 교차로안,승용,여,44세,기타불명,보행자,여,52세,중상
보행자사고,2021031100100464,2021년 3월 11일 20시,목요일,부산광역시 사상구 주례동,경상사고,0,0,1,0,차대사람 - 기타,안전운전불이행,건조,맑음,단일로 - 기타,승용,남,61세,상해없음,보행자,여,74세,경상
보행자사고,2021031200100011,2021년 3월 12일 02시,금요일,부산광역시 사상구 괘법동,경상사고,0,0,1,0,차대사람 - 기타,안전운전불이행,젖음/습기,비,교차로 - 교차로부근,승용,남,22세,상해없음,보행자,남,30세,경상
보행자사고,2.02103E+15,2021년 3월 12일 06시,금요일,부산광역시 부산진구 양정동,경상사고,0,0,1,0,차대사람 - 횡단중,안전운전불이행,젖음/습기,맑음,교차로 - 교차로부근,기타불명,기타불명,미분류,기타불명,보행자,남,24세,경상
보행자사고,2021031200100042,2021년 3월 12일 07시,금요일,부산광역시 남구 대연동,경상사고,0,0,1,0,차대사람 - 횡단중,안전운전불이행,젖음/습기,비,단일로 - 기타,승용,여,61세,상해없음,보행자,여,16세,경상
보행자사고,2021031200100058,2021년 3월 12일 08시,금요일,부산광역시 부산진구 초읍동,경상사고,0,0,1,0,차대사람 - 차도통행중,안전운전불이행,젖음/습기,비,단일로 - 기타,승용,남,38세,상해없음,보행자,여,23세,경상
보행자사고,2.02103E+15,2021년 3월 12일 08시,금요일,부산광역시 강서구 송정동,경상사고,0,0,1,0,차대사람 - 횡단중,보행자보호의무위반,젖음/습기,비,단일로 - 기타,원동기,남,43세,상해없음,보행자,여,55세,경상
보행자사고,2021031200100139,2021년 3월 12일 11시,금요일,부산광역시 북구 만덕동,경상사고,0,0,1,0,차대사람 - 기타,보행자보호의무위반,건조,맑음,교차로 - 교차로안,화물,남,75세,상해없음,보행자,여,63세,경상
보행자사고,2.02103E+15,2021년 3월 12일 11시,금요일,부산광역시 금정구 회동동,중상사고,0,1,0,0,차대사람 - 횡단중,보행자보호의무위반,젖음/습기,비,교차로 - 교차로횡단보도내,승용,남,60세,상해없음,보행자,여,64세,중상
보행자사고,2021031200100175,2021년 3월 12일 12시,금요일,부산광역시 부산진구 가야동,경상사고,0,0,1,0,차대사람 - 기타,보행자보호의무위반,젖음/습기,비,교차로 - 교차로안,승용,남,63세,상해없음,보행자,여,19세,경상
보행자사고,2021031200100209,2021년 3월 12일 13시,금요일,부산광역시 강서구 성북동,경상사고,0,0,1,0,차대사람 - 기타,안전운전불이행,젖음/습기,비,단일로 - 기타,특수,남,52세,상해없음,보행자,남,42세,경상
보행자사고,2021031200100277,2021년 3월 12일 15시,금요일,부산광역시 수영구 광안동,중상사고,0,1,0,0,차대사람 - 기타,안전운전불이행,젖음/습기,비,교차로 - 교차로안,승용,남,46세,상해없음,보행자,여,70세,중상
보행자사고,2021031200100318,2021년 3월 12일 16시,금요일,부산광역시 해운대구 우동,경상사고,0,0,1,0,차대사람 - 횡단중,신호위반,젖음/습기,비,단일로 - 기타,승용,여,62세,상해없음,보행자,여,45세,경상
보행자사고,2021031200100362,2021년 3월 12일 17시,금요일,부산광역시 부산진구 범천동,경상사고,0,0,1,0,차대사람 - 길가장자리구역통행중,안전운전불이행,젖음/습기,비,단일로 - 기타,승용,남,52세,상해없음,보행자,남,35세,경상
보행자사고,2021031200100446,2021년 3월 12일 19시,금요일,부산광역시 수영구 망미동,중상사고,0,1,0,0,차대사람 - 기타,안전운전불이행,건조,맑음,단일로 - 기타,승합,남,59세,상해없음,보행자,남,18세,중상
보행자사고,2.02103E+15,2021년 3월 12일 20시,금요일,부산광역시 북구 화명동,중상사고,0,1,0,0,차대사람 - 횡단중,교차로운행방법위반,건조,맑음,교차로 - 교차로부근,승용,남,52세,상해없음,보행자,남,36세,중상
보행자사고,2021031200100501,2021년 3월 12일 20시,금요일,부산광역시 사하구 하단동,경상사고,0,0,1,0,차대사람 - 기타,안전운전불이행,젖음/습기,비,단일로 - 기타,승용,남,47세,상해없음,보행자,남,65세,경상
보행자사고,2021031200100543,2021년 3월 12일 21시,금요일,부산광역시 부산진구 부전동,중상사고,0,1,0,0,차대사람 - 길가장자리구역통행중,안전운전불이행,건조,맑음,단일로 - 기타,승용,남,58세,상해없음,보행자,여,27세,중상
보행자사고,2021031300100182,2021년 3월 13일 12시,토요일,부산광역시 남구 용호동,경상사고,0,0,1,0,차대사람 - 차도통행중,안전운전불이행,건조,맑음,단일로 - 기타,승용,남,67세,상해없음,보행자,여,69세,경상
보행자사고,2021031300100228,2021년 3월 13일 13시,토요일,부산광역시 남구 용호동,중상사고,0,1,0,0,차대사람 - 기타,보행자보호의무위반,건조,맑음,교차로 - 교차로횡단보도내,승용,남,52세,상해없음,보행자,남,70세,중상
보행자사고,2021031300100229,2021년 3월 13일 13시,토요일,부산광역시 동래구 사직동,경상사고,0,0,1,0,차대사람 - 차도통행중,안전운전불이행,건조,맑음,단일로 - 기타,승용,남,42세,상해없음,보행자,여,69세,경상
보행자사고,2021031300100487,2021년 3월 13일 21시,토요일,부산광역시 해운대구 중동,부상신고사고,0,0,0,1,차대사람 - 길가장자리구역통행중,안전운전불이행,건조,맑음,단일로 - 기타,승용,여,54세,기타불명,보행자,남,48세,부상신고
보행자사고,2021031300100506,2021년 3월 13일 22시,토요일,부산광역시 수영구 광안동,경상사고,0,0,1,0,차대사람 - 기타,안전운전불이행,건조,맑음,단일로 - 기타,승용,남,27세,상해없음,보행자,남,39세,경상
보행자사고,2021031300100508,2021년 3월 13일 22시,토요일,부산광역시 기장군 기장읍,경상사고,0,0,1,0,차대사람 - 횡단중,보행자보호의무위반,건조,맑음,교차로 - 교차로부근,승용,남,73세,상해없음,보행자,남,49세,경상
보행자사고,2.02103E+15,2021년 3월 13일 23시,토요일,부산광역시 사하구 하단동,경상사고,0,0,1,0,차대사람 - 길가장자리구역통행중,안전운전불이행,건조,맑음,단일로 - 기타,승용,여,28세,상해없음,보행자,남,30세,경상
보행자사고,2021031400100002,2021년 3월 14일 00시,일요일,부산광역시 중구 부평동2가,경상사고,0,0,1,0,차대사람 - 기타,안전운전불이행,건조,맑음,단일로 - 기타,승용,여,25세,상해없음,보행자,남,32세,경상
보행자사고,2.02103E+15,2021년 3월 14일 11시,일요일,부산광역시 중구 남포동5가,경상사고,0,0,1,0,차대사람 - 차도통행중,안전운전불이행,젖음/습기,맑음,단일로 - 기타,이륜,남,55세,상해없음,보행자,여,58세,경상
보행자사고,2021031400100091,2021년 3월 14일 11시,일요일,부산광역시 남구 대연동,경상사고,0,0,1,0,차대사람 - 기타,안전운전불이행,건조,맑음,단일로 - 기타,기타불명,기타불명,미분류,기타불명,보행자,남,42세,경상
보행자사고,2021031400100111,2021년 3월 14일 12시,일요일,부산광역시 사상구 삼락동,중상사고,0,1,0,0,차대사람 - 횡단중,보행자보호의무위반,건조,맑음,교차로 - 교차로횡단보도내,승용,남,37세,상해없음,보행자,여,59세,중상
보행자사고,2021031400100243,2021년 3월 14일 17시,일요일,부산광역시 부산진구 부전동,경상사고,0,0,1,0,차대사람 - 횡단중,안전운전불이행,건조,맑음,단일로 - 기타,이륜,남,19세,기타불명,보행자,여,62세,경상
보행자사고,2021031400100311,2021년 3월 14일 19시,일요일,부산광역시 기장군 정관읍,경상사고,0,0,1,0,차대사람 - 보도통행중,기타,건조,맑음,기타 - 기타,이륜,남,54세,상해없음,보행자,여,41세,경상
보행자사고,2021031400100338,2021년 3월 14일 20시,일요일,부산광역시 동래구 온천동,경상사고,0,0,1,0,차대사람 - 기타,안전운전불이행,건조,맑음,단일로 - 기타,화물,남,61세,상해없음,보행자,남,30세,경상
보행자사고,2021031500100022,2021년 3월 15일 05시,월요일,부산광역시 북구 구포동,중상사고,0,1,0,0,차대사람 - 차도통행중,안전운전불이행,건조,맑음,단일로 - 기타,승용,남,54세,상해없음,보행자,남,82세,중상
보행자사고,2021031500100028,2021년 3월 15일 06시,월요일,부산광역시 해운대구 반여동,중상사고,0,1,0,0,차대사람 - 횡단중,보행자보호의무위반,건조,맑음,교차로 - 교차로횡단보도내,승용,남,47세,상해없음,보행자,여,69세,중상
보행자사고,2021031500100112,2021년 3월 15일 09시,월요일,부산광역시 영도구 봉래동1가,경상사고,0,0,1,0,차대사람 - 길가장자리구역통행중,안전운전불이행,건조,맑음,교차로 - 교차로안,승용,남,72세,상해없음,보행자,남,64세,경상
보행자사고,2021031500100174,2021년 3월 15일 11시,월요일,부산광역시 동구 초량동,중상사고,0,1,0,0,차대사람 - 길가장자리구역통행중,안전운전불이행,건조,맑음,교차로 - 교차로안,승용,남,62세,상해없음,보행자,여,66세,중상
보행자사고,2021031500100253,2021년 3월 15일 14시,월요일,부산광역시 연제구 연산동,경상사고,0,0,1,0,차대사람 - 보도통행중,기타,건조,맑음,단일로 - 기타,승용,여,62세,상해없음,보행자,여,76세,경상
보행자사고,2021031500100364,2021년 3월 15일 17시,월요일,부산광역시 금정구 부곡동,경상사고,0,0,1,0,차대사람 - 기타,안전운전불이행,건조,맑음,단일로 - 기타,원동기,남,69세,상해없음,보행자,남,19세,경상
보행자사고,2021031500100365,2021년 3월 15일 17시,월요일,부산광역시 금정구 구서동,경상사고,0,0,1,0,차대사람 - 기타,안전운전불이행,건조,맑음,기타 - 기타,기타불명,기타불명,미분류,기타불명,보행자,남,67세,경상
보행자사고,2021031500100406,2021년 3월 15일 18시,월요일,부산광역시 동래구 명장동,경상사고,0,0,1,0,차대사람 - 횡단중,안전운전불이행,건조,맑음,단일로 - 기타,화물,남,28세,상해없음,보행자,남,4세,경상
보행자사고,2.02103E+15,2021년 3월 15일 22시,월요일,부산광역시 사하구 괴정동,경상사고,0,0,1,0,차대사람 - 기타,안전운전불이행,건조,맑음,단일로 - 기타,승용,남,21세,상해없음,보행자,여,27세,경상
보행자사고,2021031500100531,2021년 3월 15일 22시,월요일,부산광역시 연제구 연산동,경상사고,0,0,1,0,차대사람 - 차도통행중,안전운전불이행,건조,맑음,단일로 - 기타,승용,남,36세,상해없음,보행자,남,59세,경상
보행자사고,2021031500100548,2021년 3월 15일 23시,월요일,부산광역시 영도구 봉래동4가,경상사고,0,0,1,0,차대사람 - 차도통행중,안전운전불이행,건조,흐림,단일로 - 기타,승용,남,68세,상해없음,보행자,남,68세,경상
보행자사고,2021031600100064,2021년 3월 16일 07시,화요일,부산광역시 서구 충무동1가,중상사고,0,1,0,0,차대사람 - 횡단중,안전운전불이행,건조,맑음,단일로 - 기타,자전거,남,61세,상해없음,보행자,여,74세,중상
보행자사고,2021031600100093,2021년 3월 16일 08시,화요일,부산광역시 서구 서대신동2가,경상사고,0,0,1,0,차대사람 - 횡단중,안전운전불이행,젖음/습기,맑음,단일로 - 기타,승용,남,80세,상해없음,보행자,남,14세,경상
보행자사고,2021031600100095,2021년 3월 16일 08시,화요일,부산광역시 금정구 금사동,경상사고,0,0,1,0,차대사람 - 기타,기타,건조,맑음,단일로 - 기타,승합,남,57세,상해없음,보행자,여,60세,경상
보행자사고,2021031600100096,2021년 3월 16일 08시,화요일,부산광역시 사하구 당리동,부상신고사고,0,0,0,1,차대사람 - 기타,기타,건조,맑음,단일로 - 기타,승합,남,59세,상해없음,보행자,여,16세,부상신고
보행자사고,2021031600100263,2021년 3월 16일 13시,화요일,부산광역시 동래구 사직동,중상사고,0,1,0,0,차대사람 - 횡단중,보행자보호의무위반,건조,맑음,교차로 - 교차로안,승합,남,69세,상해없음,보행자,여,9세,중상
보행자사고,2021031600100391,2021년 3월 16일 17시,화요일,부산광역시 해운대구 반송동,경상사고,0,0,1,0,차대사람 - 횡단중,보행자보호의무위반,건조,맑음,기타 - 기타,승용,남,60세,상해없음,보행자,남,69세,경상
보행자사고,2.02103E+15,2021년 3월 16일 18시,화요일,부산광역시 금정구 서동,중상사고,0,1,0,0,차대사람 - 횡단중,안전운전불이행,건조,맑음,교차로 - 교차로안,승용,남,61세,상해없음,보행자,여,79세,중상
보행자사고,2021031600100483,2021년 3월 16일 19시,화요일,부산광역시 동래구 사직동,경상사고,0,0,1,0,차대사람 - 기타,보행자보호의무위반,건조,맑음,교차로 - 교차로횡단보도내,승용,여,44세,상해없음,보행자,남,41세,경상
보행자사고,2021031600100484,2021년 3월 16일 19시,화요일,부산광역시 수영구 망미동,중상사고,0,1,0,0,차대사람 - 보도통행중,보행자보호의무위반,건조,맑음,교차로 - 교차로부근,승용,남,58세,상해없음,보행자,여,51세,중상
보행자사고,2021031600100561,2021년 3월 16일 22시,화요일,부산광역시 사하구 다대동,중상사고,0,1,0,0,차대사람 - 횡단중,신호위반,건조,맑음,교차로 - 교차로부근,이륜,남,16세,상해없음,보행자,남,17세,중상
보행자사고,2.02103E+15,2021년 3월 16일 23시,화요일,부산광역시 부산진구 부전동,경상사고,0,0,1,0,차대사람 - 길가장자리구역통행중,안전운전불이행,건조,맑음,단일로 - 기타,승용,남,63세,상해없음,보행자,남,25세,경상
보행자사고,2021031700100015,2021년 3월 17일 03시,수요일,부산광역시 동래구 온천동,경상사고,0,0,1,0,차대사람 - 기타,교차로운행방법위반,건조,맑음,교차로 - 교차로부근,화물,남,57세,상해없음,보행자,남,59세,경상
보행자사고,2021031700100019,2021년 3월 17일 04시,수요일,부산광역시 사상구 괘법동,중상사고,0,1,0,0,차대사람 - 기타,안전운전불이행,건조,맑음,교차로 - 교차로횡단보도내,승용,여,65세,상해없음,보행자,여,69세,중상
보행자사고,2021031700100044,2021년 3월 17일 07시,수요일,부산광역시 수영구 민락동,중상사고,0,1,0,0,차대사람 - 길가장자리구역통행중,안전운전불이행,건조,맑음,교차로 - 교차로부근,승용,남,62세,상해없음,보행자,여,81세,중상
보행자사고,2021031700100068,2021년 3월 17일 08시,수요일,부산광역시 사하구 하단동,경상사고,0,0,1,0,차대사람 - 차도통행중,안전운전불이행,건조,맑음,단일로 - 기타,승용,남,70세,상해없음,보행자,남,27세,경상
보행자사고,2021031700100219,2021년 3월 17일 13시,수요일,부산광역시 동래구 온천동,경상사고,0,0,1,0,차대사람 - 기타,안전운전불이행,건조,맑음,단일로 - 기타,승용,여,32세,상해없음,보행자,남,24세,경상
보행자사고,2021031700100366,2021년 3월 17일 17시,수요일,부산광역시 금정구 구서동,중상사고,0,1,0,0,차대사람 - 기타,기타,건조,맑음,단일로 - 기타,승용,남,29세,상해없음,보행자,여,74세,중상
보행자사고,2021031700100485,2021년 3월 17일 20시,수요일,부산광역시 중구 남포동5가,사망사고,1,0,0,0,차대사람 - 횡단중,안전운전불이행,건조,맑음,단일로 - 지하차도(도로)내,승용,남,74세,상해없음,보행자,여,66세,사망
보행자사고,2021031700100486,2021년 3월 17일 20시,수요일,부산광역시 수영구 광안동,중상사고,0,1,0,0,차대사람 - 보도통행중,보행자보호의무위반,건조,맑음,교차로 - 교차로횡단보도내,화물,남,46세,상해없음,보행자,남,51세,중상
보행자사고,2.02103E+15,2021년 3월 17일 21시,수요일,부산광역시 남구 대연동,경상사고,0,0,1,0,차대사람 - 기타,안전운전불이행,건조,맑음,단일로 - 기타,승용,남,54세,상해없음,보행자,남,22세,경상
보행자사고,2021031800100004,2021년 3월 18일 00시,목요일,부산광역시 북구 덕천동,중상사고,0,1,0,0,차대사람 - 차도통행중,신호위반,건조,맑음,단일로 - 기타,승용,남,22세,상해없음,보행자,여,21세,중상
보행자사고,2.02103E+15,2021년 3월 18일 03시,목요일,부산광역시 부산진구 가야동,사망사고,1,0,0,0,차대사람 - 기타,기타,건조,맑음,단일로 - 기타,승용,남,68세,상해없음,보행자,여,58세,사망
보행자사고,2021031800100032,2021년 3월 18일 05시,목요일,부산광역시 금정구 서동,중상사고,0,1,0,0,차대사람 - 횡단중,보행자보호의무위반,건조,맑음,교차로 - 교차로횡단보도내,승용,남,61세,상해없음,보행자,여,64세,중상
보행자사고,2021031800100084,2021년 3월 18일 08시,목요일,부산광역시 남구 문현동,중상사고,0,1,0,0,차대사람 - 횡단중,안전운전불이행,건조,맑음,교차로 - 교차로부근,승용,여,52세,상해없음,보행자,여,19세,중상
보행자사고,2021031800100285,2021년 3월 18일 15시,목요일,부산광역시 해운대구 반송동,중상사고,0,1,0,0,차대사람 - 기타,안전운전불이행,건조,맑음,단일로 - 기타,화물,남,68세,상해없음,보행자,남,64세,중상
보행자사고,2021031800100319,2021년 3월 18일 16시,목요일,부산광역시 사하구 장림동,중상사고,0,1,0,0,차대사람 - 기타,안전운전불이행,건조,맑음,단일로 - 기타,화물,남,61세,상해없음,보행자,여,57세,중상
보행자사고,2021031800100353,2021년 3월 18일 17시,목요일,부산광역시 금정구 노포동,부상신고사고,0,0,0,1,차대사람 - 기타,안전운전불이행,건조,맑음,단일로 - 기타,승용,남,51세,상해없음,보행자,남,68세,부상신고
보행자사고,2021031800100423,2021년 3월 18일 19시,목요일,부산광역시 북구 구포동,중상사고,0,1,0,0,차대사람 - 횡단중,신호위반,건조,맑음,교차로 - 교차로횡단보도내,이륜,남,71세,상해없음,보행자,여,55세,중상