사고부문,사고번호,사고일시,요일,시군구,사고내용,사망자수,중상자수,경상자수,부상신고자수,사고유형,법규위반,노면상태,기상상태,도로형태,가해운전자 차종,가해운전자 성별,가해운전자 연령,가해운전자 상해정도,피해운전자 차종,피해운전자 성별,피해운전자 연령,피해운전자 상해정도
보행자사고,2021031800100453,2021년 3월 18일 20시,목요일,부산광역시 부산진구 부전동,경상사고,0,0,1,0,차대사람 - 기타,안전운전불이행,건조,맑음,단일로 - 기타,승용,남,19세,상해없음,보행자,남,25세,경상
보행자사고,2021031900100019,2021년 3월 19일 03시,금요일,부산광역시 영도구 영선동2가,경상사고,0,0,2,0,차대사람 - 횡단중,보행자보호의무위반,건조,흐림,교차로 - 교차로횡단보도내,승용,남,53세,상해없음,보행자,여,66세,경상
보행자사고,2021031900100306,2021년 3월 19일 15시,금요일,부산광역시 수영구 남천동,경상사고,0,0,1,0,차대사람 - 기타,안전운전불이행,건조,맑음,교차로 - 교차로안,승용,남,56세,상해없음,보행자,여,66세,경상
보행자사고,2021031900100392,2021년 3월 19일 17시,금요일,부산광역시 동구 좌천동,중상사고,0,1,0,0,차대사람 - 횡단중,보행자보호의무위반,건조,맑음,단일로 - 기타,승용,여,39세,상해없음,보행자,남,27세,중상
보행자사고,2021031900100393,2021년 3월 19일 17시,금요일,부산광역시 해운대구 반송동,중상사고,0,1,0,1,차대사람 - 횡단중,신호위반,건조,맑음,단일로 - 기타,이륜,남,45세,부상신고,보행자,여,10세,중상
보행자사고,2.02103E+15,2021년 3월 19일 18시,금요일,부산광역시 금정구 남산동,중상사고,0,1,0,0,차대사람 - 횡단중,안전운전불이행,건조,맑음,단일로 - 기타,이륜,남,30세,상해없음,보행자,남,73세,중상
보행자사고,2021031900100441,2021년 3월 19일 18시,금요일,부산광역시 수영구 수영동,중상사고,0,1,0,0,차대사람 - 길가장자리구역통행중,안전운전불이행,건조,맑음,단일로 - 기타,승용,여,27세,상해없음,보행자,여,60세,중상
보행자사고,2021031900100483,2021년 3월 19일 19시,금요일,부산광역시 연제구 연산동,중상사고,0,1,0,0,차대사람 - 횡단중,보행자보호의무위반,건조,맑음,단일로 - 기타,승용,남,29세,상해없음,보행자,여,53세,중상
보행자사고,2021031900100577,2021년 3월 19일 21시,금요일,부산광역시 부산진구 부전동,중상사고,0,1,0,0,차대사람 - 기타,보행자보호의무위반,건조,맑음,기타 - 기타,승용,남,65세,상해없음,보행자,여,44세,중상
보행자사고,2021032000100042,2021년 3월 20일 06시,토요일,부산광역시 사하구 장림동,중상사고,0,1,0,0,차대사람 - 횡단중,신호위반,젖음/습기,비,교차로 - 교차로횡단보도내,승용,남,66세,상해없음,보행자,남,62세,중상
보행자사고,2021032000100077,2021년 3월 20일 09시,토요일,부산광역시 서구 서대신동2가,경상사고,0,0,4,0,차대차 - 측면충돌,안전운전불이행,젖음/습기,비,단일로 - 기타,승용,남,55세,상해없음,승용,남,33세,경상
보행자사고,2021032000100153,2021년 3월 20일 12시,토요일,부산광역시 부산진구 전포동,중상사고,0,1,0,0,차대사람 - 횡단중,보행자보호의무위반,젖음/습기,비,단일로 - 기타,화물,남,48세,상해없음,보행자,여,10세,중상
보행자사고,2021032000100227,2021년 3월 20일 14시,토요일,부산광역시 중구 중앙동3가,경상사고,0,0,1,0,차대사람 - 기타,안전운전불이행,건조,맑음,단일로 - 기타,승용,남,44세,상해없음,보행자,남,59세,경상
보행자사고,2021032000100288,2021년 3월 20일 16시,토요일,부산광역시 연제구 연산동,경상사고,0,0,1,0,차대사람 - 기타,안전운전불이행,젖음/습기,비,단일로 - 기타,이륜,남,27세,상해없음,보행자,여,25세,경상
보행자사고,2.02103E+15,2021년 3월 20일 18시,토요일,부산광역시 동구 범일동,경상사고,0,0,1,0,차대사람 - 횡단중,보행자보호의무위반,젖음/습기,맑음,교차로 - 교차로횡단보도내,승용,남,48세,상해없음,보행자,여,24세,경상
보행자사고,2021032000100456,2021년 3월 20일 21시,토요일,부산광역시 동래구 사직동,중상사고,0,1,0,0,차대사람 - 기타,안전운전불이행,건조,맑음,단일로 - 기타,승용,남,29세,상해없음,보행자,여,74세,중상
보행자사고,2021032000100484,2021년 3월 20일 22시,토요일,부산광역시 부산진구 부전동,경상사고,0,0,1,0,차대사람 - 보도통행중,안전운전불이행,건조,맑음,기타 - 기타,승용,남,25세,상해없음,보행자,남,28세,경상
보행자사고,2021032100100036,2021년 3월 21일 04시,일요일,부산광역시 북구 덕천동,경상사고,0,0,1,0,차대사람 - 기타,안전운전불이행,건조,맑음,교차로 - 교차로부근,승용,여,59세,상해없음,보행자,여,45세,경상
보행자사고,2021032100100091,2021년 3월 21일 11시,일요일,부산광역시 사상구 덕포동,중상사고,0,1,0,0,차대사람 - 기타,안전운전불이행,건조,맑음,단일로 - 기타,승용,남,63세,상해없음,보행자,여,55세,중상
보행자사고,2021032100100133,2021년 3월 21일 13시,일요일,부산광역시 해운대구 중동,경상사고,0,0,2,0,차대사람 - 기타,중앙선침범,건조,맑음,단일로 - 기타,승용,여,24세,기타불명,보행자,남,43세,경상
보행자사고,2.02103E+15,2021년 3월 22일 02시,월요일,부산광역시 동래구 사직동,중상사고,0,1,0,0,차대사람 - 기타,안전운전불이행,건조,맑음,교차로 - 교차로안,승용,남,35세,상해없음,보행자,남,23세,중상
보행자사고,2021032200100074,2021년 3월 22일 08시,월요일,부산광역시 동래구 낙민동,경상사고,0,0,1,0,차대사람 - 기타,보행자보호의무위반,건조,맑음,단일로 - 기타,승용,여,47세,상해없음,보행자,남,21세,경상
보행자사고,2021032200100151,2021년 3월 22일 10시,월요일,부산광역시 연제구 거제동,중상사고,0,1,0,0,차대사람 - 횡단중,신호위반,건조,맑음,단일로 - 기타,승용,여,52세,상해없음,보행자,남,65세,중상
보행자사고,2021032200100394,2021년 3월 22일 17시,월요일,부산광역시 연제구 거제동,경상사고,0,0,1,0,차대사람 - 횡단중,보행자보호의무위반,건조,맑음,교차로 - 교차로부근,승용,여,36세,상해없음,보행자,남,8세,경상
보행자사고,2021032200100395,2021년 3월 22일 17시,월요일,부산광역시 강서구 생곡동,경상사고,0,0,1,0,차대사람 - 차도통행중,안전운전불이행,건조,맑음,단일로 - 기타,승용,남,52세,상해없음,보행자,남,38세,경상
보행자사고,2021032200100529,2021년 3월 22일 21시,월요일,부산광역시 부산진구 연지동,경상사고,0,0,1,0,차대사람 - 횡단중,보행자보호의무위반,건조,맑음,교차로 - 교차로횡단보도내,승용,남,69세,상해없음,보행자,여,26세,경상
보행자사고,2021032300100183,2021년 3월 23일 12시,화요일,부산광역시 북구 구포동,부상신고사고,0,0,0,1,차대사람 - 기타,안전운전불이행,건조,맑음,단일로 - 기타,승용,남,76세,상해없음,보행자,남,74세,부상신고
보행자사고,2021032300100254,2021년 3월 23일 14시,화요일,부산광역시 수영구 광안동,경상사고,0,0,1,0,차대사람 - 길가장자리구역통행중,안전운전불이행,건조,맑음,교차로 - 교차로부근,승용,남,61세,상해없음,보행자,여,28세,경상
보행자사고,2021032300100517,2021년 3월 23일 21시,화요일,부산광역시 금정구 남산동,중상사고,0,1,0,0,차대사람 - 기타,보행자보호의무위반,건조,맑음,교차로 - 교차로안,승용,남,58세,상해없음,보행자,여,74세,중상
보행자사고,2021032300100564,2021년 3월 23일 23시,화요일,부산광역시 영도구 동삼동,중상사고,0,1,0,0,차대사람 - 기타,안전운전불이행,건조,맑음,주차장 - 주차장,승용,남,52세,상해없음,보행자,남,69세,중상
보행자사고,2021032400100013,2021년 3월 24일 02시,수요일,부산광역시 남구 대연동,중상사고,0,1,0,0,차대사람 - 보도통행중,기타,건조,맑음,단일로 - 기타,이륜,남,23세,기타불명,보행자,남,47세,중상
보행자사고,2021032400100051,2021년 3월 24일 07시,수요일,부산광역시 사상구 삼락동,중상사고,0,1,0,0,차대사람 - 기타,안전운전불이행,건조,맑음,단일로 - 기타,자전거,남,61세,상해없음,보행자,여,61세,중상
보행자사고,2021032400100085,2021년 3월 24일 08시,수요일,부산광역시 연제구 연산동,경상사고,0,0,1,0,차대사람 - 보도통행중,보행자보호의무위반,건조,맑음,단일로 - 기타,승용,여,56세,상해없음,보행자,남,44세,경상
보행자사고,2021032400100124,2021년 3월 24일 09시,수요일,부산광역시 동래구 안락동,경상사고,0,0,1,0,차대사람 - 기타,안전운전불이행,건조,맑음,교차로 - 교차로횡단보도내,승용,여,59세,상해없음,보행자,여,70세,경상
보행자사고,2021032400100159,2021년 3월 24일 10시,수요일,부산광역시 부산진구 범천동,중상사고,0,1,0,0,차대사람 - 기타,안전운전불이행,건조,맑음,교차로 - 교차로안,화물,남,61세,상해없음,보행자,여,66세,중상
보행자사고,2021032400100226,2021년 3월 24일 13시,수요일,부산광역시 수영구 광안동,경상사고,0,0,1,0,차대사람 - 보도통행중,보행자보호의무위반,건조,맑음,기타 - 기타,화물,남,64세,상해없음,보행자,여,7세,경상
보행자사고,2021032400100228,2021년 3월 24일 13시,수요일,부산광역시 동래구 수안동,경상사고,0,0,1,0,차대사람 - 기타,안전운전불이행,건조,맑음,교차로 - 교차로안,승용,여,46세,상해없음,보행자,여,65세,경상
보행자사고,2021032400100331,2021년 3월 24일 16시,수요일,부산광역시 연제구 연산동,중상사고,0,1,0,0,차대사람 - 기타,안전운전불이행,건조,맑음,단일로 - 기타,승용,여,47세,상해없음,보행자,남,42세,중상
보행자사고,2021032400100512,2021년 3월 24일 21시,수요일,부산광역시 해운대구 재송동,중상사고,0,1,0,0,차대사람 - 기타,안전운전불이행,건조,맑음,단일로 - 기타,승용,남,50세,상해없음,보행자,남,55세,중상
보행자사고,2021032400100538,2021년 3월 24일 22시,수요일,부산광역시 해운대구 재송동,중상사고,0,1,0,0,차대사람 - 횡단중,신호위반,건조,맑음,단일로 - 기타,승용,여,64세,상해없음,보행자,여,47세,중상
보행자사고,2021032400100556,2021년 3월 24일 23시,수요일,부산광역시 부산진구 초읍동,경상사고,0,0,1,0,차대사람 - 기타,안전운전불이행,건조,맑음,단일로 - 기타,승용,남,70세,상해없음,보행자,남,72세,경상
보행자사고,2021032500100017,2021년 3월 25일 02시,목요일,부산광역시 사하구 감천동,중상사고,0,1,0,0,차대사람 - 기타,신호위반,건조,맑음,교차로 - 교차로횡단보도내,특수,남,66세,상해없음,보행자,여,18세,중상
보행자사고,2021032500100075,2021년 3월 25일 08시,목요일,부산광역시 동래구 사직동,경상사고,0,0,1,0,차대사람 - 길가장자리구역통행중,안전운전불이행,건조,맑음,단일로 - 기타,승용,남,33세,상해없음,보행자,여,17세,경상
보행자사고,2021032500100102,2021년 3월 25일 09시,목요일,부산광역시 영도구 동삼동,중상사고,0,1,0,0,차대사람 - 횡단중,보행자보호의무위반,건조,맑음,교차로 - 교차로부근,승용,남,72세,상해없음,보행자,여,52세,중상
보행자사고,2021032500100103,2021년 3월 25일 09시,목요일,부산광역시 사하구 하단동,중상사고,0,1,0,0,차대사람 - 기타,안전운전불이행,건조,맑음,단일로 - 지하차도(도로)내,승용,여,60세,상해없음,보행자,여,41세,중상
보행자사고,2021032500100228,2021년 3월 25일 13시,목요일,부산광역시 수영구 광안동,중상사고,0,1,0,0,차대사람 - 기타,안전운전불이행,건조,맑음,단일로 - 기타,승용,여,51세,상해없음,보행자,여,53세,중상
보행자사고,2021032500100385,2021년 3월 25일 17시,목요일,부산광역시 부산진구 당감동,중상사고,0,1,0,0,차대사람 - 차도통행중,신호위반,건조,맑음,교차로 - 교차로부근,이륜,남,29세,상해없음,보행자,여,67세,중상
보행자사고,2021032500100513,2021년 3월 25일 20시,목요일,부산광역시 부산진구 당감동,경상사고,0,0,1,0,차대사람 - 차도통행중,안전운전불이행,건조,맑음,교차로 - 교차로부근,이륜,남,17세,상해없음,보행자,남,8세,경상
보행자사고,2021032600100277,2021년 3월 26일 14시,금요일,부산광역시 수영구 광안동,중상사고,0,1,0,0,차대사람 - 기타,안전운전불이행,건조,맑음,단일로 - 기타,승용,남,60세,상해없음,보행자,여,78세,중상
보행자사고,2.02103E+15,2021년 3월 26일 14시,금요일,부산광역시 해운대구 우동,중상사고,0,1,0,0,차대사람 - 횡단중,신호위반,건조,맑음,교차로 - 교차로횡단보도내,이륜,남,77세,상해없음,보행자,여,69세,중상
보행자사고,2021032600100281,2021년 3월 26일 14시,금요일,부산광역시 부산진구 전포동,중상사고,0,1,0,0,차대사람 - 기타,안전운전불이행,건조,맑음,단일로 - 기타,승합,남,54세,상해없음,보행자,여,80세,중상
보행자사고,2021032600100357,2021년 3월 26일 16시,금요일,부산광역시 동래구 낙민동,중상사고,0,1,0,0,차대사람 - 횡단중,보행자보호의무위반,건조,맑음,단일로 - 기타,승용,여,52세,상해없음,보행자,여,9세,중상
보행자사고,2021032600100402,2021년 3월 26일 17시,금요일,부산광역시 동구 초량동,경상사고,0,0,1,0,차대사람 - 기타,안전운전불이행,건조,맑음,단일로 - 기타,원동기,남,18세,상해없음,보행자,남,26세,경상
보행자사고,2021032600100405,2021년 3월 26일 17시,금요일,부산광역시 금정구 부곡동,경상사고,0,0,1,0,차대사람 - 횡단중,보행자보호의무위반,건조,맑음,단일로 - 기타,승용,남,63세,상해없음,보행자,여,11세,경상
보행자사고,2021032600100542,2021년 3월 26일 20시,금요일,부산광역시 부산진구 전포동,경상사고,0,0,1,0,차대사람 - 기타,안전운전불이행,건조,맑음,단일로 - 기타,화물,남,72세,상해없음,보행자,남,46세,경상
보행자사고,2021032600100575,2021년 3월 26일 21시,금요일,부산광역시 연제구 거제동,중상사고,0,1,0,0,차대사람 - 차도통행중,안전운전불이행,건조,맑음,단일로 - 기타,화물,남,64세,상해없음,보행자,남,52세,중상
보행자사고,2021032700100075,2021년 3월 27일 08시,토요일,부산광역시 연제구 연산동,중상사고,0,1,0,0,차대사람 - 보도통행중,기타,젖음/습기,비,기타 - 기타,개인형이동수단(PM),남,62세,기타불명,보행자,여,58세,중상
보행자사고,2021032700100111,2021년 3월 27일 10시,토요일,부산광역시 해운대구 반송동,경상사고,0,0,1,0,차대사람 - 기타,안전운전불이행,건조,맑음,단일로 - 기타,승용,여,57세,상해없음,보행자,여,58세,경상
보행자사고,2021032700100216,2021년 3월 27일 13시,토요일,부산광역시 부산진구 부전동,경상사고,0,0,1,0,차대사람 - 기타,안전운전불이행,건조,맑음,단일로 - 기타,승용,남,39세,상해없음,보행자,여,25세,경상
보행자사고,2021032700100308,2021년 3월 27일 15시,토요일,부산광역시 사상구 엄궁동,경상사고,0,0,1,0,차대사람 - 기타,안전거리미확보,건조,맑음,기타 - 기타,승용,남,55세,상해없음,보행자,여,36세,경상
보행자사고,2021032700100348,2021년 3월 27일 16시,토요일,부산광역시 영도구 동삼동,경상사고,0,0,1,0,차대사람 - 횡단중,보행자보호의무위반,젖음/습기,비,단일로 - 기타,승용,여,55세,상해없음,보행자,남,87세,경상
보행자사고,2021032700100392,2021년 3월 27일 17시,토요일,부산광역시 영도구 신선동2가,중상사고,0,1,0,0,차대사람 - 기타,안전운전불이행,젖음/습기,흐림,교차로 - 교차로부근,승용,여,42세,상해없음,보행자,여,75세,중상
보행자사고,2021032700100437,2021년 3월 27일 18시,토요일,부산광역시 부산진구 초읍동,중상사고,0,1,0,0,차대사람 - 횡단중,보행자보호의무위반,젖음/습기,비,단일로 - 기타,승용,여,64세,상해없음,보행자,여,63세,중상
보행자사고,2021032700100531,2021년 3월 27일 20시,토요일,부산광역시 남구 감만동,경상사고,0,0,1,0,차대사람 - 횡단중,신호위반,젖음/습기,비,단일로 - 기타,이륜,남,18세,상해없음,보행자,여,60세,경상
보행자사고,2021032700100532,2021년 3월 27일 20시,토요일,부산광역시 남구 문현동,경상사고,0,0,1,0,차대사람 - 기타,안전운전불이행,젖음/습기,비,기타 - 기타,승용,여,42세,상해없음,보행자,남,67세,경상
보행자사고,2021032800100003,2021년 3월 28일 00시,일요일,부산광역시 동래구 명장동,중상사고,0,1,0,0,차대사람 - 기타,보행자보호의무위반,젖음/습기,비,단일로 - 기타,승용,남,28세,상해없음,보행자,여,55세,중상
보행자사고,2021032800100046,2021년 3월 28일 02시,일요일,부산광역시 부산진구 부전동,경상사고,0,0,1,0,차대사람 - 기타,보행자보호의무위반,젖음/습기,비,기타 - 기타,승용,여,27세,상해없음,보행자,남,27세,경상
보행자사고,2021032800100071,2021년 3월 28일 06시,일요일,부산광역시 강서구 명지동,경상사고,0,0,1,0,차대사람 - 기타,안전운전불이행,젖음/습기,흐림,단일로 - 기타,기타불명,기타불명,미분류,기타불명,보행자,남,64세,경상
보행자사고,2021032800100182,2021년 3월 28일 13시,일요일,부산광역시 연제구 거제동,중상사고,0,1,0,0,차대사람 - 횡단중,안전운전불이행,건조,맑음,단일로 - 기타,승용,여,42세,상해없음,보행자,여,25세,중상
보행자사고,2021032800100213,2021년 3월 28일 14시,일요일,부산광역시 부산진구 초읍동,경상사고,0,0,1,0,차대사람 - 기타,안전운전불이행,건조,맑음,단일로 - 기타,승용,남,62세,상해없음,보행자,여,60세,경상
보행자사고,2021032800100244,2021년 3월 28일 15시,일요일,부산광역시 영도구 대교동1가,경상사고,0,0,1,0,차대사람 - 기타,안전운전불이행,건조,맑음,단일로 - 기타,승용,남,44세,상해없음,보행자,남,44세,경상
보행자사고,2021032800100245,2021년 3월 28일 15시,일요일,부산광역시 연제구 거제동,경상사고,0,0,1,0,차대사람 - 횡단중,보행자보호의무위반,건조,맑음,교차로 - 교차로안,승용,남,40세,상해없음,보행자,여,42세,경상
보행자사고,2021032800100246,2021년 3월 28일 15시,일요일,부산광역시 사상구 주례동,중상사고,0,1,0,0,차대사람 - 기타,기타,건조,맑음,기타 - 기타,승합,남,49세,기타불명,보행자,여,55세,중상
보행자사고,2021032800100301,2021년 3월 28일 17시,일요일,부산광역시 중구 대청동4가,경상사고,0,0,1,0,차대사람 - 기타,안전운전불이행,건조,맑음,교차로 - 교차로안,승용,남,46세,상해없음,보행자,여,43세,경상
보행자사고,2021032800100302,2021년 3월 28일 17시,일요일,부산광역시 금정구 남산동,경상사고,0,0,2,0,차대사람 - 보도통행중,안전운전불이행,건조,맑음,교차로 - 교차로안,화물,여,67세,상해없음,보행자,남,29세,경상
보행자사고,2021032800100331,2021년 3월 28일 18시,일요일,부산광역시 기장군 일광면,경상사고,0,0,1,0,차대사람 - 횡단중,안전운전불이행,건조,맑음,단일로 - 기타,이륜,남,21세,상해없음,보행자,남,62세,경상
보행자사고,2021032800100354,2021년 3월 28일 19시,일요일,부산광역시 금정구 구서동,경상사고,0,0,1,0,차대사람 - 횡단중,보행자보호의무위반,건조,맑음,교차로 - 교차로횡단보도내,승용,여,37세,상해없음,보행자,남,59세,경상
보행자사고,2.02103E+15,2021년 3월 29일 08시,월요일,부산광역시 금정구 남산동,경상사고,0,0,1,0,차대사람 - 기타,안전운전불이행,건조,맑음,단일로 - 기타,승용,여,45세,상해없음,보행자,남,48세,경상
보행자사고,2.02103E+15,2021년 3월 29일 09시,월요일,부산광역시 사상구 삼락동,중상사고,0,1,0,0,차대사람 - 기타,안전운전불이행,건조,맑음,교차로 - 교차로안,승용,남,43세,상해없음,보행자,남,65세,중상
보행자사고,2021032900100168,2021년 3월 29일 10시,월요일,부산광역시 수영구 남천동,경상사고,0,0,1,0,차대사람 - 기타,안전운전불이행,건조,맑음,교차로 - 교차로부근,승용,남,58세,상해없음,보행자,남,50세,경상
보행자사고,2021032900100169,2021년 3월 29일 10시,월요일,부산광역시 북구 구포동,경상사고,0,0,1,0,차대사람 - 길가장자리구역통행중,안전운전불이행,건조,맑음,단일로 - 기타,승용,여,30세,상해없음,보행자,남,36세,경상
보행자사고,2021032900100247,2021년 3월 29일 12시,월요일,부산광역시 해운대구 반송동,중상사고,0,1,0,0,차대사람 - 보도통행중,중앙선침범,건조,맑음,단일로 - 기타,승용,남,75세,상해없음,보행자,여,78세,중상
보행자사고,2021032900100282,2021년 3월 29일 13시,월요일,부산광역시 북구 만덕동,중상사고,0,1,1,0,차대사람 - 기타,안전운전불이행,건조,맑음,기타 - 기타,승용,남,60세,상해없음,보행자,여,66세,경상
보행자사고,2021032900100316,2021년 3월 29일 14시,월요일,부산광역시 중구 영주동,중상사고,0,1,0,0,차대사람 - 횡단중,안전운전불이행,건조,맑음,단일로 - 기타,승용,남,55세,상해없음,보행자,남,10세,중상
보행자사고,2.02103E+15,2021년 3월 29일 14시,월요일,부산광역시 수영구 수영동,중상사고,0,1,0,0,차대사람 - 기타,안전운전불이행,건조,맑음,단일로 - 기타,승용,남,72세,상해없음,보행자,남,26세,중상
보행자사고,2021032900100376,2021년 3월 29일 16시,월요일,부산광역시 금정구 구서동,경상사고,0,0,1,0,차대사람 - 기타,안전운전불이행,건조,맑음,기타 - 기타,승합,여,55세,상해없음,보행자,여,14세,경상
보행자사고,2.02103E+15,2021년 3월 29일 18시,월요일,부산광역시 동래구 온천동,중상사고,0,1,0,0,차대사람 - 차도통행중,안전운전불이행,건조,맑음,단일로 - 기타,승용,남,62세,상해없음,보행자,여,54세,중상
보행자사고,2021032900100452,2021년 3월 29일 18시,월요일,부산광역시 부산진구 가야동,경상사고,0,0,1,0,차대사람 - 기타,보행자보호의무위반,건조,맑음,단일로 - 기타,승용,남,47세,상해없음,보행자,남,15세,경상
보행자사고,2021032900100453,2021년 3월 29일 18시,월요일,부산광역시 금정구 남산동,중상사고,0,1,1,0,차대사람 - 기타,안전운전불이행,건조,맑음,단일로 - 기타,승용,남,61세,상해없음,보행자,남,62세,중상
보행자사고,2021032900100493,2021년 3월 29일 19시,월요일,부산광역시 수영구 망미동,경상사고,0,0,1,0,차대사람 - 기타,중앙선침범,건조,맑음,단일로 - 기타,승용,남,60세,상해없음,보행자,남,67세,경상
보행자사고,2021032900100545,2021년 3월 29일 21시,월요일,부산광역시 사상구 학장동,경상사고,0,0,1,0,차대사람 - 횡단중,신호위반,건조,맑음,교차로 - 교차로부근,승합,남,54세,상해없음,보행자,여,38세,경상
보행자사고,2021032900100574,2021년 3월 29일 22시,월요일,부산광역시 동래구 명륜동,중상사고,0,1,0,0,차대사람 - 기타,안전운전불이행,건조,맑음,단일로 - 기타,승용,남,32세,상해없음,보행자,남,25세,중상
보행자사고,2021033000100093,2021년 3월 30일 08시,화요일,부산광역시 사하구 장림동,경상사고,0,0,1,0,차대사람 - 횡단중,안전운전불이행,건조,맑음,교차로 - 교차로안,승합,남,60세,상해없음,보행자,여,17세,경상
보행자사고,2021033000100238,2021년 3월 30일 12시,화요일,부산광역시 부산진구 부전동,중상사고,0,1,0,0,차대사람 - 기타,보행자보호의무위반,건조,맑음,교차로 - 교차로횡단보도내,이륜,남,18세,상해없음,보행자,여,69세,중상
보행자사고,2021033000100264,2021년 3월 30일 13시,화요일,부산광역시 부산진구 초읍동,중상사고,0,1,0,0,차대사람 - 차도통행중,안전운전불이행,건조,맑음,교차로 - 교차로안,화물,남,71세,상해없음,보행자,남,88세,중상
보행자사고,2021033000100371,2021년 3월 30일 16시,화요일,부산광역시 남구 대연동,중상사고,0,1,0,0,차대사람 - 기타,안전운전불이행,건조,맑음,단일로 - 기타,화물,남,67세,상해없음,보행자,남,87세,중상
보행자사고,2021033000100411,2021년 3월 30일 17시,화요일,부산광역시 동구 초량동,중상사고,0,1,0,0,차대사람 - 기타,안전운전불이행,건조,맑음,교차로 - 교차로안,화물,남,38세,상해없음,보행자,남,63세,중상
보행자사고,2021033000100456,2021년 3월 30일 18시,화요일,부산광역시 부산진구 부암동,중상사고,0,1,0,0,차대사람 - 기타,안전운전불이행,건조,맑음,단일로 - 기타,승용,남,55세,상해없음,보행자,남,51세,중상
보행자사고,2021033000100576,2021년 3월 30일 21시,화요일,부산광역시 연제구 거제동,경상사고,0,0,1,0,차대사람 - 횡단중,보행자보호의무위반,건조,맑음,교차로 - 교차로횡단보도내,승용,남,57세,상해없음,보행자,남,75세,경상
보행자사고,2021033000100599,2021년 3월 30일 22시,화요일,부산광역시 수영구 민락동,중상사고,0,1,0,0,차대사람 - 횡단중,보행자보호의무위반,건조,맑음,교차로 - 교차로안,승용,여,48세,상해없음,보행자,남,63세,중상
보행자사고,2021033100100004,2021년 3월 31일 00시,수요일,부산광역시 부산진구 부전동,중상사고,0,1,0,0,차대사람 - 기타,신호위반,건조,맑음,단일로 - 기타,승용,남,25세,상해없음,보행자,여,26세,중상
보행자사고,2021033100100029,2021년 3월 31일 04시,수요일,부산광역시 서구 충무동1가,경상사고,0,0,1,0,차대사람 - 기타,안전운전불이행,건조,맑음,기타 - 기타,승용,남,61세,상해없음,보행자,남,59세,경상
보행자사고,2021033100100173,2021년 3월 31일 11시,수요일,부산광역시 사상구 괘법동,경상사고,0,0,1,0,차대사람 - 횡단중,안전운전불이행,건조,맑음,기타 - 기타,이륜,남,27세,상해없음,보행자,남,68세,경상
보행자사고,2021033100100304,2021년 3월 31일 15시,수요일,부산광역시 서구 서대신동2가,경상사고,0,0,1,0,차대사람 - 길가장자리구역통행중,안전운전불이행,건조,맑음,단일로 - 기타,화물,남,71세,상해없음,보행자,여,80세,경상
보행자사고,2021033100100356,2021년 3월 31일 16시,수요일,부산광역시 해운대구 재송동,경상사고,0,0,1,0,차대사람 - 기타,안전운전불이행,건조,맑음,단일로 - 기타,승용,남,61세,상해없음,보행자,여,51세,경상
보행자사고,2021033100100391,2021년 3월 31일 17시,수요일,부산광역시 사상구 감전동,중상사고,0,1,0,0,차대사람 - 횡단중,안전운전불이행,건조,맑음,기타 - 기타,승용,남,32세,상해없음,보행자,남,58세,중상
보행자사고,2021033100100552,2021년 3월 31일 21시,수요일,부산광역시 북구 화명동,중상사고,0,1,0,0,차대사람 - 횡단중,안전운전불이행,건조,맑음,단일로 - 기타,승용,여,50세,상해없음,보행자,남,56세,중상
보행자사고,2021040100100017,2021년 4월 1일 01시,목요일,부산광역시 부산진구 부전동,경상사고,0,0,1,0,차대사람 - 기타,안전운전불이행,건조,맑음,단일로 - 기타,원동기,남,23세,상해없음,보행자,여,27세,경상
보행자사고,2021040100100119,2021년 4월 1일 09시,목요일,부산광역시 부산진구 부암동,중상사고,0,1,0,0,차대사람 - 횡단중,안전운전불이행,건조,맑음,교차로 - 교차로횡단보도내,승용,남,59세,상해없음,보행자,남,78세,중상
보행자사고,2021040100100181,2021년 4월 1일 11시,목요일,부산광역시 북구 만덕동,경상사고,0,0,2,0,차대사람 - 횡단중,보행자보호의무위반,건조,맑음,교차로 - 교차로횡단보도내,승용,남,52세,상해없음,보행자,여,78세,경상
보행자사고,2021040100100182,2021년 4월 1일 11시,목요일,부산광역시 부산진구 양정동,부상신고사고,0,0,0,1,차대사람 - 기타,안전운전불이행,건조,맑음,단일로 - 기타,기타불명,기타불명,미분류,기타불명,보행자,남,15세,부상신고
보행자사고,2021040100100256,2021년 4월 1일 13시,목요일,부산광역시 금정구 장전동,경상사고,0,0,1,0,차대사람 - 기타,안전운전불이행,건조,맑음,기타 - 기타,이륜,남,57세,상해없음,보행자,여,27세,경상
보행자사고,2021040100100328,2021년 4월 1일 15시,목요일,부산광역시 동래구 사직동,경상사고,0,0,1,0,차대사람 - 차도통행중,안전운전불이행,건조,맑음,교차로 - 교차로안,승용,여,53세,상해없음,보행자,여,59세,경상
보행자사고,2.02104E+15,2021년 4월 1일 15시,목요일,부산광역시 강서구 명지동,중상사고,0,2,0,0,차대사람 - 기타,안전운전불이행,건조,맑음,단일로 - 기타,승용,남,71세,상해없음,보행자,여,70세,중상
보행자사고,2021040100100413,2021년 4월 1일 17시,목요일,부산광역시 북구 덕천동,부상신고사고,0,0,0,1,차대사람 - 기타,안전운전불이행,건조,맑음,교차로 - 교차로부근,화물,남,69세,상해없음,보행자,남,71세,부상신고