사고부문,사고번호,사고일시,요일,시군구,사고내용,사망자수,중상자수,경상자수,부상신고자수,사고유형,법규위반,노면상태,기상상태,도로형태,가해운전자 차종,가해운전자 성별,가해운전자 연령,가해운전자 상해정도,피해운전자 차종,피해운전자 성별,피해운전자 연령,피해운전자 상해정도
보행자사고,2021051700100216,2021년 5월 17일 13시,월요일,부산광역시 북구 화명동,경상사고,0,0,1,0,차대사람 - 횡단중,신호위반,젖음/습기,비,교차로 - 교차로횡단보도내,이륜,남,59세,상해없음,보행자,남,40세,경상
보행자사고,2021051700100381,2021년 5월 17일 18시,월요일,부산광역시 동구 좌천동,경상사고,0,0,2,0,차대차 - 측면충돌,안전운전불이행,젖음/습기,비,단일로 - 고가도로위,승용,남,40세,상해없음,승용,기타불명,미분류,기타불명
보행자사고,2021051700100382,2021년 5월 17일 18시,월요일,부산광역시 수영구 광안동,부상신고사고,0,0,0,1,차대사람 - 차도통행중,안전운전불이행,건조,맑음,단일로 - 기타,승용,남,53세,기타불명,보행자,남,9세,부상신고
보행자사고,2021051700100383,2021년 5월 17일 18시,월요일,부산광역시 금정구 장전동,경상사고,0,0,1,0,차대사람 - 기타,기타,젖음/습기,맑음,단일로 - 기타,승용,남,56세,상해없음,보행자,남,52세,경상
보행자사고,2021051700100483,2021년 5월 17일 21시,월요일,부산광역시 사하구 괴정동,중상사고,0,1,0,0,차대사람 - 횡단중,신호위반,건조,맑음,단일로 - 기타,승용,남,41세,상해없음,보행자,여,69세,중상
보행자사고,2021051700100513,2021년 5월 17일 22시,월요일,부산광역시 사상구 모라동,경상사고,0,0,1,0,차대사람 - 차도통행중,안전운전불이행,건조,맑음,교차로 - 교차로부근,승용,남,72세,상해없음,보행자,남,30세,경상
보행자사고,2021051800100025,2021년 5월 18일 04시,화요일,부산광역시 중구 광복동1가,중상사고,0,1,0,0,차대사람 - 횡단중,안전운전불이행,젖음/습기,비,교차로 - 교차로부근,승용,남,69세,상해없음,보행자,남,79세,중상
보행자사고,2021051800100103,2021년 5월 18일 09시,화요일,부산광역시 해운대구 재송동,중상사고,0,1,0,0,차대사람 - 길가장자리구역통행중,안전운전불이행,젖음/습기,비,교차로 - 교차로안,화물,남,64세,상해없음,보행자,여,64세,중상
보행자사고,2021051800100545,2021년 5월 18일 21시,화요일,부산광역시 동래구 사직동,중상사고,0,1,0,0,차대사람 - 기타,안전운전불이행,건조,맑음,단일로 - 기타,이륜,남,25세,상해없음,보행자,남,70세,중상
보행자사고,2021051900100196,2021년 5월 19일 12시,수요일,부산광역시 부산진구 범천동,경상사고,0,0,1,0,차대사람 - 횡단중,보행자보호의무위반,건조,맑음,교차로 - 교차로안,승용,여,50세,상해없음,보행자,여,11세,경상
보행자사고,2021051900100234,2021년 5월 19일 13시,수요일,부산광역시 부산진구 개금동,중상사고,0,1,0,0,차대사람 - 기타,안전운전불이행,건조,맑음,단일로 - 기타,승용,남,28세,상해없음,보행자,여,74세,중상
보행자사고,2021051900100304,2021년 5월 19일 15시,수요일,부산광역시 부산진구 부암동,경상사고,0,0,1,0,차대사람 - 횡단중,신호위반,건조,맑음,교차로 - 교차로횡단보도내,이륜,남,32세,상해없음,보행자,여,59세,경상
보행자사고,2021051900100305,2021년 5월 19일 15시,수요일,부산광역시 금정구 장전동,경상사고,0,0,1,0,차대사람 - 기타,안전운전불이행,건조,맑음,단일로 - 기타,승용,남,57세,상해없음,보행자,남,31세,경상
보행자사고,2021051900100451,2021년 5월 19일 19시,수요일,부산광역시 사상구 엄궁동,중상사고,0,1,0,0,차대사람 - 차도통행중,안전운전불이행,건조,맑음,단일로 - 기타,승용,남,49세,상해없음,보행자,여,77세,중상
보행자사고,2021051900100499,2021년 5월 19일 21시,수요일,부산광역시 기장군 정관읍,경상사고,0,0,1,0,차대사람 - 기타,안전운전불이행,건조,맑음,교차로 - 교차로안,화물,남,57세,상해없음,보행자,남,45세,경상
보행자사고,2021052000100041,2021년 5월 20일 07시,목요일,부산광역시 중구 남포동4가,중상사고,0,1,0,0,차대사람 - 보도통행중,기타,젖음/습기,비,단일로 - 기타,이륜,남,55세,상해없음,보행자,남,65세,중상
보행자사고,2021052000100118,2021년 5월 20일 10시,목요일,부산광역시 중구 영주동,경상사고,0,0,1,0,차대사람 - 차도통행중,안전운전불이행,젖음/습기,비,교차로 - 교차로부근,승용,남,76세,상해없음,보행자,여,76세,경상
보행자사고,2.02105E+15,2021년 5월 20일 12시,목요일,부산광역시 서구 부민동2가,부상신고사고,0,0,0,1,차대사람 - 길가장자리구역통행중,안전운전불이행,젖음/습기,비,단일로 - 기타,승용,남,76세,상해없음,보행자,남,24세,부상신고
보행자사고,2021052000100171,2021년 5월 20일 12시,목요일,부산광역시 남구 문현동,중상사고,0,1,0,0,차대사람 - 기타,신호위반,젖음/습기,비,교차로 - 교차로안,승용,여,36세,상해없음,보행자,여,78세,중상
보행자사고,2021052000100205,2021년 5월 20일 13시,목요일,부산광역시 부산진구 범천동,중상사고,0,1,0,0,차대사람 - 길가장자리구역통행중,안전운전불이행,젖음/습기,비,단일로 - 기타,승용,남,62세,상해없음,보행자,여,31세,중상
보행자사고,2021052000100233,2021년 5월 20일 14시,목요일,부산광역시 북구 금곡동,경상사고,0,0,1,0,차대사람 - 기타,보행자보호의무위반,젖음/습기,비,교차로 - 교차로횡단보도내,승용,남,70세,상해없음,보행자,여,70세,경상
보행자사고,2021052000100234,2021년 5월 20일 14시,목요일,부산광역시 부산진구 범천동,경상사고,0,0,1,0,차대사람 - 기타,불법유턴,건조,맑음,단일로 - 기타,승용,남,53세,상해없음,보행자,남,30세,경상
보행자사고,2021052000100294,2021년 5월 20일 16시,목요일,부산광역시 서구 서대신동2가,중상사고,0,1,0,0,차대사람 - 횡단중,중앙선침범,젖음/습기,흐림,교차로 - 교차로부근,승용,남,52세,상해없음,보행자,남,51세,중상
보행자사고,2021052000100295,2021년 5월 20일 16시,목요일,부산광역시 동래구 명장동,중상사고,0,1,0,0,차대사람 - 보도통행중,기타,건조,맑음,단일로 - 기타,승용,남,41세,상해없음,보행자,여,54세,중상
보행자사고,2021052000100529,2021년 5월 20일 22시,목요일,부산광역시 서구 초장동,경상사고,0,0,2,0,차대사람 - 횡단중,안전운전불이행,젖음/습기,비,교차로 - 교차로안,승용,남,59세,상해없음,보행자,여,60세,경상
보행자사고,2021052100100108,2021년 5월 21일 09시,금요일,부산광역시 동래구 명륜동,경상사고,0,0,1,0,차대사람 - 보도통행중,기타,건조,맑음,단일로 - 기타,승용,여,62세,상해없음,보행자,여,37세,경상
보행자사고,2021052100100134,2021년 5월 21일 10시,금요일,부산광역시 해운대구 재송동,중상사고,0,1,0,0,차대사람 - 횡단중,보행자보호의무위반,건조,맑음,교차로 - 교차로횡단보도내,승용,여,45세,상해없음,보행자,남,86세,중상
보행자사고,2021052100100425,2021년 5월 21일 18시,금요일,부산광역시 부산진구 전포동,경상사고,0,0,1,0,차대사람 - 기타,안전운전불이행,건조,맑음,기타 - 기타,승용,여,52세,기타불명,보행자,남,27세,경상
보행자사고,2021052200100115,2021년 5월 22일 10시,토요일,부산광역시 동래구 수안동,경상사고,0,0,1,0,차대사람 - 차도통행중,안전운전불이행,건조,맑음,교차로 - 교차로부근,승용,남,61세,상해없음,보행자,남,69세,경상
보행자사고,2021052200100187,2021년 5월 22일 12시,토요일,부산광역시 부산진구 부전동,중상사고,0,1,0,0,차대사람 - 기타,안전운전불이행,건조,맑음,단일로 - 기타,승용,남,61세,상해없음,보행자,여,54세,중상
보행자사고,2021052200100231,2021년 5월 22일 13시,토요일,부산광역시 사하구 신평동,경상사고,0,0,1,0,차대사람 - 차도통행중,안전운전불이행,건조,맑음,단일로 - 지하차도(도로)내,이륜,남,56세,상해없음,보행자,여,63세,경상
보행자사고,2021052200100268,2021년 5월 22일 14시,토요일,부산광역시 서구 충무동1가,경상사고,0,0,1,0,차대사람 - 길가장자리구역통행중,안전운전불이행,건조,맑음,단일로 - 기타,승용,남,34세,상해없음,보행자,여,64세,경상
보행자사고,2.02105E+15,2021년 5월 22일 14시,토요일,부산광역시 영도구 영선동1가,중상사고,0,2,0,0,차대사람 - 보도통행중,기타,건조,맑음,단일로 - 기타,승용,남,25세,상해없음,보행자,여,60세,중상
보행자사고,2021052200100329,2021년 5월 22일 15시,토요일,부산광역시 남구 대연동,중상사고,0,1,0,0,차대사람 - 기타,안전운전불이행,건조,맑음,교차로 - 교차로안,특수,남,53세,상해없음,보행자,남,78세,중상
보행자사고,2021052200100503,2021년 5월 22일 19시,토요일,부산광역시 기장군 정관읍,중상사고,0,1,0,0,차대사람 - 횡단중,안전운전불이행,건조,맑음,교차로 - 교차로안,이륜,남,45세,상해없음,보행자,여,17세,중상
보행자사고,2021052200100504,2021년 5월 22일 19시,토요일,부산광역시 기장군 기장읍,중상사고,0,1,0,0,차대사람 - 횡단중,안전운전불이행,건조,맑음,교차로 - 교차로안,승용,남,46세,상해없음,보행자,여,59세,중상
보행자사고,2021052200100558,2021년 5월 22일 21시,토요일,부산광역시 금정구 부곡동,중상사고,0,1,0,0,차대사람 - 횡단중,안전운전불이행,건조,맑음,교차로 - 교차로안,승용,남,27세,상해없음,보행자,남,41세,중상
보행자사고,2021052200100559,2021년 5월 22일 21시,토요일,부산광역시 강서구 지사동,경상사고,0,0,1,0,차대사람 - 차도통행중,안전운전불이행,건조,맑음,단일로 - 기타,승용,남,65세,상해없음,보행자,남,58세,경상
보행자사고,2.02105E+15,2021년 5월 22일 22시,토요일,부산광역시 연제구 거제동,경상사고,0,0,1,0,차대사람 - 차도통행중,보행자보호의무위반,건조,맑음,교차로 - 교차로횡단보도내,승용,남,30세,상해없음,보행자,남,52세,경상
보행자사고,2021052300100003,2021년 5월 23일 00시,일요일,부산광역시 부산진구 전포동,경상사고,0,0,1,0,차대사람 - 횡단중,안전운전불이행,건조,맑음,단일로 - 기타,화물,남,29세,상해없음,보행자,남,33세,경상
보행자사고,2021052300100115,2021년 5월 23일 12시,일요일,부산광역시 남구 대연동,부상신고사고,0,0,0,1,차대사람 - 기타,안전운전불이행,건조,맑음,단일로 - 기타,이륜,남,24세,상해없음,보행자,남,21세,부상신고
보행자사고,2021052300100117,2021년 5월 23일 12시,일요일,부산광역시 영도구 대교동1가,중상사고,0,1,0,0,차대사람 - 횡단중,안전운전불이행,건조,맑음,교차로 - 교차로안,화물,남,64세,상해없음,보행자,여,71세,중상
보행자사고,2021052300100143,2021년 5월 23일 13시,일요일,부산광역시 북구 금곡동,경상사고,0,0,1,0,차대사람 - 횡단중,보행자보호의무위반,건조,맑음,단일로 - 기타,승용,남,51세,상해없음,보행자,남,62세,경상
보행자사고,2021052300100186,2021년 5월 23일 14시,일요일,부산광역시 해운대구 송정동,경상사고,0,0,1,0,차대사람 - 기타,안전운전불이행,건조,맑음,단일로 - 기타,승용,여,55세,상해없음,보행자,남,6세,경상
보행자사고,2021052300100266,2021년 5월 23일 17시,일요일,부산광역시 부산진구 양정동,경상사고,0,0,1,0,차대사람 - 기타,안전운전불이행,건조,기타,단일로 - 기타,승용,남,63세,상해없음,보행자,남,27세,경상
보행자사고,2021052300100383,2021년 5월 23일 21시,일요일,부산광역시 강서구 명지동,경상사고,0,0,1,0,차대사람 - 기타,안전운전불이행,건조,맑음,단일로 - 기타,승용,남,62세,상해없음,보행자,남,31세,경상
보행자사고,2021052400100023,2021년 5월 24일 06시,월요일,부산광역시 강서구 강동동,사망사고,1,0,0,0,차대사람 - 기타,안전운전불이행,젖음/습기,흐림,교차로 - 교차로부근,건설기계,남,28세,상해없음,보행자,여,70세,사망
보행자사고,2021052400100063,2021년 5월 24일 08시,월요일,부산광역시 서구 남부민동,경상사고,0,0,1,0,차대사람 - 횡단중,보행자보호의무위반,젖음/습기,비,교차로 - 교차로횡단보도내,승용,남,57세,상해없음,보행자,남,60세,경상
보행자사고,2021052400100064,2021년 5월 24일 08시,월요일,부산광역시 수영구 광안동,중상사고,0,1,0,0,차대사람 - 보도통행중,안전운전불이행,젖음/습기,비,교차로 - 교차로안,승용,여,29세,상해없음,보행자,남,72세,중상
보행자사고,2021052400100066,2021년 5월 24일 08시,월요일,부산광역시 해운대구 반여동,경상사고,0,0,1,0,차대사람 - 기타,안전운전불이행,건조,맑음,교차로 - 교차로안,기타불명,기타불명,미분류,기타불명,보행자,남,59세,경상
보행자사고,2021052400100162,2021년 5월 24일 11시,월요일,부산광역시 사상구 엄궁동,경상사고,0,0,1,0,차대사람 - 횡단중,신호위반,건조,맑음,교차로 - 교차로부근,이륜,남,35세,상해없음,보행자,여,7세,경상
보행자사고,2021052400100294,2021년 5월 24일 15시,월요일,부산광역시 서구 토성동4가,경상사고,0,0,1,0,차대사람 - 보도통행중,기타,건조,맑음,단일로 - 기타,이륜,남,61세,상해없음,보행자,남,21세,경상
보행자사고,2021052400100298,2021년 5월 24일 15시,월요일,부산광역시 북구 화명동,중상사고,0,1,0,0,차대사람 - 기타,보행자보호의무위반,건조,맑음,교차로 - 교차로안,화물,남,41세,상해없음,보행자,여,82세,중상
보행자사고,2.02105E+15,2021년 5월 24일 15시,월요일,부산광역시 연제구 거제동,사망사고,1,0,0,0,차대사람 - 기타,안전운전불이행,건조,맑음,단일로 - 기타,화물,남,46세,상해없음,보행자,여,93세,사망
보행자사고,2021052400100337,2021년 5월 24일 16시,월요일,부산광역시 연제구 거제동,경상사고,0,0,1,0,차대사람 - 기타,보행자보호의무위반,건조,맑음,단일로 - 기타,이륜,남,26세,상해없음,보행자,여,7세,경상
보행자사고,2.02105E+15,2021년 5월 24일 17시,월요일,부산광역시 연제구 연산동,경상사고,0,0,1,0,차대사람 - 기타,기타,건조,맑음,기타 - 기타,화물,남,58세,상해없음,보행자,여,23세,경상
보행자사고,2021052400100464,2021년 5월 24일 19시,월요일,부산광역시 부산진구 양정동,경상사고,0,0,1,0,차대사람 - 보도통행중,기타,건조,맑음,기타 - 기타,화물,남,36세,상해없음,보행자,여,23세,경상
보행자사고,2021052400100543,2021년 5월 24일 22시,월요일,부산광역시 북구 덕천동,경상사고,0,0,1,0,차대사람 - 기타,안전운전불이행,건조,맑음,단일로 - 기타,승용,남,48세,상해없음,보행자,남,24세,경상
보행자사고,2021052500100032,2021년 5월 25일 04시,화요일,부산광역시 해운대구 좌동,경상사고,0,0,1,0,차대사람 - 횡단중,보행자보호의무위반,건조,맑음,교차로 - 교차로안,승용,남,28세,상해없음,보행자,여,65세,경상
보행자사고,2021052500100221,2021년 5월 25일 12시,화요일,부산광역시 부산진구 양정동,중상사고,0,1,0,0,차대사람 - 횡단중,안전운전불이행,건조,맑음,교차로 - 교차로부근,이륜,남,25세,상해없음,보행자,남,67세,중상
보행자사고,2021052500100318,2021년 5월 25일 15시,화요일,부산광역시 동구 초량동,중상사고,0,1,0,0,차대사람 - 횡단중,신호위반,건조,맑음,교차로 - 교차로횡단보도내,화물,남,39세,상해없음,보행자,남,8세,중상
보행자사고,2021052500100319,2021년 5월 25일 15시,화요일,부산광역시 금정구 서동,중상사고,0,1,0,0,차대사람 - 보도통행중,보행자보호의무위반,건조,맑음,교차로 - 교차로횡단보도내,승용,남,47세,상해없음,보행자,남,42세,중상
보행자사고,2021052500100366,2021년 5월 25일 16시,화요일,부산광역시 수영구 광안동,중상사고,0,1,0,0,차대사람 - 기타,안전운전불이행,건조,맑음,단일로 - 기타,원동기,남,26세,상해없음,보행자,여,69세,중상
보행자사고,2021052500100367,2021년 5월 25일 16시,화요일,부산광역시 부산진구 부전동,경상사고,0,0,1,0,차대사람 - 횡단중,보행자보호의무위반,건조,맑음,단일로 - 기타,승용,남,57세,상해없음,보행자,여,29세,경상
보행자사고,2021052500100408,2021년 5월 25일 17시,화요일,부산광역시 동래구 사직동,경상사고,0,0,1,0,차대사람 - 차도통행중,안전운전불이행,건조,맑음,교차로 - 교차로안,이륜,남,58세,상해없음,보행자,여,74세,경상
보행자사고,2.02105E+15,2021년 5월 25일 18시,화요일,부산광역시 기장군 기장읍,중상사고,0,1,0,0,차대사람 - 횡단중,안전운전불이행,건조,맑음,단일로 - 기타,승용,여,37세,상해없음,보행자,남,78세,중상
보행자사고,2021052600100148,2021년 5월 26일 10시,수요일,부산광역시 부산진구 부전동,경상사고,0,0,1,0,차대사람 - 횡단중,안전운전불이행,건조,맑음,기타 - 기타,화물,남,40세,상해없음,보행자,여,42세,경상
보행자사고,2021052600100288,2021년 5월 26일 15시,수요일,부산광역시 해운대구 좌동,경상사고,0,0,1,0,차대사람 - 횡단중,보행자보호의무위반,건조,맑음,교차로 - 교차로횡단보도내,승합,남,40세,상해없음,보행자,여,47세,경상
보행자사고,2021052600100318,2021년 5월 26일 16시,수요일,부산광역시 사하구 감천동,사망사고,1,0,0,0,차대사람 - 횡단중,안전운전불이행,건조,맑음,단일로 - 기타,승용,남,70세,상해없음,보행자,여,89세,사망
보행자사고,2021052600100407,2021년 5월 26일 18시,수요일,부산광역시 해운대구 좌동,경상사고,0,0,1,0,차대사람 - 길가장자리구역통행중,안전운전불이행,건조,맑음,교차로 - 교차로부근,화물,남,56세,상해없음,보행자,남,33세,경상
보행자사고,2021052600100499,2021년 5월 26일 21시,수요일,부산광역시 기장군 기장읍,중상사고,0,1,0,0,차대사람 - 길가장자리구역통행중,안전운전불이행,건조,맑음,교차로 - 교차로안,승합,남,26세,상해없음,보행자,남,66세,중상
보행자사고,2021052600100527,2021년 5월 26일 22시,수요일,부산광역시 금정구 부곡동,중상사고,0,1,0,0,차대사람 - 횡단중,보행자보호의무위반,건조,맑음,교차로 - 교차로횡단보도내,이륜,남,25세,상해없음,보행자,남,66세,중상
보행자사고,2021052600100528,2021년 5월 26일 22시,수요일,부산광역시 사하구 장림동,중상사고,0,1,1,0,차대사람 - 횡단중,보행자보호의무위반,건조,맑음,단일로 - 기타,승용,남,52세,상해없음,보행자,여,47세,경상
보행자사고,2021052700100038,2021년 5월 27일 06시,목요일,부산광역시 금정구 서동,중상사고,0,1,0,0,차대사람 - 횡단중,안전운전불이행,건조,맑음,단일로 - 기타,승용,남,49세,상해없음,보행자,여,77세,중상
보행자사고,2.02105E+15,2021년 5월 27일 08시,목요일,부산광역시 사하구 괴정동,부상신고사고,0,0,0,1,차대사람 - 길가장자리구역통행중,안전운전불이행,건조,맑음,단일로 - 기타,승용,여,35세,상해없음,보행자,여,24세,부상신고
보행자사고,2.02105E+15,2021년 5월 27일 14시,목요일,부산광역시 수영구 광안동,경상사고,0,0,1,0,차대사람 - 기타,안전운전불이행,건조,맑음,단일로 - 기타,자전거,남,38세,상해없음,보행자,남,8세,경상
보행자사고,2021052700100337,2021년 5월 27일 16시,목요일,부산광역시 동래구 사직동,경상사고,0,0,1,0,차대사람 - 횡단중,기타,건조,맑음,단일로 - 기타,승용,남,68세,상해없음,보행자,남,9세,경상
보행자사고,2021052700100415,2021년 5월 27일 18시,목요일,부산광역시 서구 서대신동2가,중상사고,0,1,0,0,차대사람 - 보도통행중,보행자보호의무위반,건조,맑음,교차로 - 교차로안,승용,남,57세,상해없음,보행자,여,70세,중상
보행자사고,2021052700100416,2021년 5월 27일 18시,목요일,부산광역시 해운대구 우동,경상사고,0,0,1,0,차대사람 - 보도통행중,기타,건조,맑음,기타 - 기타,원동기,남,15세,상해없음,보행자,여,71세,경상
보행자사고,2021052800100125,2021년 5월 28일 09시,금요일,부산광역시 사하구 감천동,중상사고,0,1,0,0,차대사람 - 기타,중앙선침범,건조,맑음,단일로 - 기타,화물,남,31세,상해없음,보행자,여,52세,중상
보행자사고,2021052800100126,2021년 5월 28일 09시,금요일,부산광역시 사상구 엄궁동,경상사고,0,0,1,0,차대사람 - 횡단중,신호위반,건조,맑음,교차로 - 교차로횡단보도내,이륜,남,63세,상해없음,보행자,여,53세,경상
보행자사고,2021052800100246,2021년 5월 28일 13시,금요일,부산광역시 남구 대연동,중상사고,0,1,0,0,차대사람 - 횡단중,보행자보호의무위반,건조,맑음,교차로 - 교차로부근,승합,남,73세,상해없음,보행자,여,76세,중상
보행자사고,2021052800100287,2021년 5월 28일 14시,금요일,부산광역시 영도구 영선동2가,중상사고,0,1,0,0,차대사람 - 길가장자리구역통행중,안전운전불이행,건조,흐림,단일로 - 기타,승용,남,51세,상해없음,보행자,여,53세,중상
보행자사고,2021052800100327,2021년 5월 28일 15시,금요일,부산광역시 동래구 사직동,경상사고,0,0,1,0,차대사람 - 횡단중,보행자보호의무위반,건조,맑음,교차로 - 교차로안,화물,남,61세,상해없음,보행자,여,36세,경상
보행자사고,2021052800100328,2021년 5월 28일 15시,금요일,부산광역시 부산진구 부전동,경상사고,0,0,1,0,차대사람 - 차도통행중,안전운전불이행,젖음/습기,비,단일로 - 기타,승용,여,51세,상해없음,보행자,남,62세,경상
보행자사고,2021052800100615,2021년 5월 28일 23시,금요일,부산광역시 남구 대연동,경상사고,0,0,2,0,차대사람 - 횡단중,보행자보호의무위반,건조,흐림,단일로 - 기타,승용,남,54세,상해없음,보행자,여,16세,경상
보행자사고,2021052900100044,2021년 5월 29일 05시,토요일,부산광역시 서구 토성동5가,부상신고사고,0,0,0,1,차대사람 - 횡단중,안전운전불이행,건조,맑음,교차로 - 교차로횡단보도내,승용,남,67세,상해없음,보행자,남,70세,부상신고
보행자사고,2021052900100101,2021년 5월 29일 09시,토요일,부산광역시 중구 영주동,사망사고,1,0,0,0,차대사람 - 길가장자리구역통행중,안전운전불이행,건조,맑음,단일로 - 기타,화물,남,39세,상해없음,보행자,여,76세,사망
보행자사고,2021052900100195,2021년 5월 29일 12시,토요일,부산광역시 북구 만덕동,중상사고,0,1,0,0,차대사람 - 기타,보행자보호의무위반,건조,맑음,교차로 - 교차로횡단보도내,승용,여,39세,상해없음,보행자,여,71세,중상
보행자사고,2021052900100487,2021년 5월 29일 20시,토요일,부산광역시 동래구 온천동,경상사고,0,0,1,0,차대사람 - 차도통행중,안전운전불이행,건조,맑음,교차로 - 교차로안,이륜,남,58세,상해없음,보행자,남,8세,경상
보행자사고,2021052900100488,2021년 5월 29일 20시,토요일,부산광역시 영도구 신선동1가,중상사고,0,1,0,0,차대사람 - 기타,보행자보호의무위반,건조,맑음,교차로 - 교차로안,화물,남,61세,상해없음,보행자,여,50세,중상
보행자사고,2021053000100059,2021년 5월 30일 09시,일요일,부산광역시 수영구 광안동,경상사고,0,0,1,0,차대사람 - 횡단중,신호위반,건조,맑음,단일로 - 기타,이륜,남,25세,상해없음,보행자,여,53세,경상
보행자사고,2021053000100102,2021년 5월 30일 11시,일요일,부산광역시 해운대구 좌동,경상사고,0,0,1,0,차대사람 - 기타,안전운전불이행,건조,맑음,단일로 - 기타,승용,여,50세,상해없음,보행자,남,62세,경상
보행자사고,2.02105E+15,2021년 5월 30일 20시,일요일,부산광역시 사상구 괘법동,중상사고,0,1,0,0,차대사람 - 횡단중,기타,건조,맑음,단일로 - 기타,이륜,남,32세,상해없음,보행자,남,18세,중상
보행자사고,2.02105E+15,2021년 5월 30일 23시,일요일,부산광역시 남구 대연동,경상사고,0,0,1,0,차대사람 - 기타,안전운전불이행,건조,맑음,단일로 - 기타,승용,남,68세,상해없음,보행자,남,42세,경상
보행자사고,2021053100100027,2021년 5월 31일 06시,월요일,부산광역시 사상구 감전동,중상사고,0,1,0,0,차대사람 - 기타,안전운전불이행,건조,맑음,단일로 - 기타,기타불명,남,58세,상해없음,보행자,여,61세,중상
보행자사고,2021053100100061,2021년 5월 31일 08시,월요일,부산광역시 사하구 당리동,중상사고,0,1,0,0,차대사람 - 기타,보행자보호의무위반,건조,맑음,단일로 - 기타,승용,여,34세,상해없음,보행자,여,9세,중상
보행자사고,2021053100100155,2021년 5월 31일 11시,월요일,부산광역시 연제구 연산동,경상사고,0,0,1,0,차대사람 - 기타,안전운전불이행,건조,맑음,단일로 - 기타,승용,남,59세,상해없음,보행자,여,43세,경상
보행자사고,2021053100100186,2021년 5월 31일 12시,월요일,부산광역시 사하구 감천동,경상사고,0,0,1,0,차대사람 - 기타,안전운전불이행,건조,맑음,교차로 - 교차로안,이륜,남,66세,상해없음,보행자,남,20세,경상
보행자사고,2.02105E+15,2021년 5월 31일 14시,월요일,부산광역시 부산진구 부전동,경상사고,0,0,1,0,차대사람 - 횡단중,안전운전불이행,건조,맑음,단일로 - 기타,승용,여,27세,기타불명,보행자,여,47세,경상
보행자사고,2021053100100241,2021년 5월 31일 14시,월요일,부산광역시 사하구 다대동,경상사고,0,0,1,0,차대사람 - 길가장자리구역통행중,안전운전불이행,건조,맑음,단일로 - 기타,기타불명,기타불명,미분류,기타불명,보행자,여,21세,경상
보행자사고,2.02105E+15,2021년 5월 31일 15시,월요일,부산광역시 동구 초량동,경상사고,0,0,1,0,차대사람 - 차도통행중,보행자보호의무위반,건조,맑음,단일로 - 기타,화물,남,54세,상해없음,보행자,남,89세,경상
보행자사고,2021053100100282,2021년 5월 31일 15시,월요일,부산광역시 수영구 광안동,경상사고,0,0,1,0,차대사람 - 기타,안전운전불이행,건조,맑음,교차로 - 교차로부근,승용,남,23세,상해없음,보행자,여,25세,경상
보행자사고,2021053100100285,2021년 5월 31일 15시,월요일,부산광역시 부산진구 양정동,경상사고,0,0,1,0,차대사람 - 기타,기타,건조,맑음,단일로 - 기타,승용,여,20세,상해없음,보행자,여,30세,경상
보행자사고,2.02105E+15,2021년 5월 31일 16시,월요일,부산광역시 수영구 광안동,경상사고,0,0,1,0,차대사람 - 기타,안전운전불이행,건조,맑음,단일로 - 기타,화물,남,29세,상해없음,보행자,남,31세,경상
보행자사고,2021053100100407,2021년 5월 31일 18시,월요일,부산광역시 사하구 당리동,경상사고,0,0,1,0,차대사람 - 횡단중,보행자보호의무위반,건조,맑음,단일로 - 기타,승용,남,52세,상해없음,보행자,여,47세,경상
보행자사고,2.02105E+15,2021년 5월 31일 20시,월요일,부산광역시 금정구 부곡동,경상사고,0,0,1,0,차대사람 - 횡단중,안전운전불이행,건조,맑음,단일로 - 기타,이륜,남,34세,상해없음,보행자,여,62세,경상
보행자사고,2021060100100085,2021년 6월 1일 08시,화요일,부산광역시 강서구 대저2동,경상사고,0,0,1,0,차대사람 - 횡단중,기타,건조,맑음,교차로 - 교차로부근,승용,남,26세,상해없음,보행자,여,10세,경상
보행자사고,2021060100100126,2021년 6월 1일 09시,화요일,부산광역시 부산진구 개금동,경상사고,0,0,1,0,차대사람 - 차도통행중,안전운전불이행,건조,맑음,단일로 - 기타,승용,남,52세,상해없음,보행자,남,25세,경상
보행자사고,2021060100100182,2021년 6월 1일 11시,화요일,부산광역시 기장군 정관읍,중상사고,0,1,0,0,차대사람 - 횡단중,보행자보호의무위반,건조,맑음,교차로 - 교차로횡단보도내,승합,남,61세,상해없음,보행자,여,82세,중상
보행자사고,2021060100100214,2021년 6월 1일 12시,화요일,부산광역시 해운대구 중동,중상사고,0,1,0,0,차대사람 - 차도통행중,안전운전불이행,건조,맑음,단일로 - 기타,승용,남,54세,상해없음,보행자,여,76세,중상
보행자사고,2021060100100248,2021년 6월 1일 13시,화요일,부산광역시 연제구 연산동,경상사고,0,0,1,0,차대사람 - 횡단중,보행자보호의무위반,건조,맑음,교차로 - 교차로부근,승용,여,69세,상해없음,보행자,남,8세,경상
보행자사고,2021060100100249,2021년 6월 1일 13시,화요일,부산광역시 사상구 감전동,경상사고,0,0,1,0,차대사람 - 기타,안전운전불이행,건조,맑음,교차로 - 교차로안,승용,남,59세,상해없음,보행자,남,62세,경상
보행자사고,2.02106E+15,2021년 6월 1일 13시,화요일,부산광역시 기장군 일광면,중상사고,0,1,0,0,차대사람 - 횡단중,보행자보호의무위반,건조,맑음,교차로 - 교차로부근,승용,남,38세,상해없음,보행자,남,79세,중상