사고부문,사고번호,사고일시,요일,시군구,사고내용,사망자수,중상자수,경상자수,부상신고자수,사고유형,법규위반,노면상태,기상상태,도로형태,가해운전자 차종,가해운전자 성별,가해운전자 연령,가해운전자 상해정도,피해운전자 차종,피해운전자 성별,피해운전자 연령,피해운전자 상해정도
보행자사고,2021061600100219,2021년 6월 16일 12시,수요일,부산광역시 수영구 수영동,중상사고,0,1,0,0,차대사람 - 기타,안전운전불이행,건조,맑음,교차로 - 교차로안,화물,남,42세,상해없음,보행자,여,78세,중상
보행자사고,2.02106E+15,2021년 6월 16일 12시,수요일,부산광역시 수영구 망미동,경상사고,0,0,1,0,차대사람 - 횡단중,보행자보호의무위반,건조,맑음,교차로 - 교차로횡단보도내,이륜,남,25세,상해없음,보행자,남,37세,경상
보행자사고,2021061600100286,2021년 6월 16일 14시,수요일,부산광역시 남구 용호동,경상사고,0,0,1,0,차대사람 - 기타,안전운전불이행,건조,맑음,단일로 - 기타,화물,남,60세,상해없음,보행자,남,73세,경상
보행자사고,2021061600100287,2021년 6월 16일 14시,수요일,부산광역시 영도구 동삼동,중상사고,0,1,0,0,차대사람 - 보도통행중,보행자보호의무위반,건조,맑음,교차로 - 교차로횡단보도내,기타불명,기타불명,미분류,기타불명,보행자,남,44세,중상
보행자사고,2021061600100456,2021년 6월 16일 18시,수요일,부산광역시 금정구 구서동,중상사고,0,1,0,0,차대사람 - 횡단중,안전운전불이행,건조,맑음,단일로 - 기타,승용,여,51세,상해없음,보행자,여,46세,중상
보행자사고,2021061600100505,2021년 6월 16일 19시,수요일,부산광역시 사하구 하단동,경상사고,0,0,1,0,차대사람 - 기타,보행자보호의무위반,건조,맑음,교차로 - 교차로부근,승용,여,63세,상해없음,보행자,남,38세,경상
보행자사고,2021061700100034,2021년 6월 17일 06시,목요일,부산광역시 해운대구 반여동,경상사고,0,0,1,0,차대사람 - 길가장자리구역통행중,안전운전불이행,건조,맑음,단일로 - 기타,화물,남,53세,상해없음,보행자,남,43세,경상
보행자사고,2021061700100142,2021년 6월 17일 10시,목요일,부산광역시 동구 초량동,경상사고,0,0,1,0,차대사람 - 길가장자리구역통행중,보행자보호의무위반,건조,맑음,단일로 - 기타,승용,여,58세,상해없음,보행자,여,52세,경상
보행자사고,2021061700100209,2021년 6월 17일 12시,목요일,부산광역시 동래구 온천동,중상사고,0,1,0,0,차대사람 - 횡단중,신호위반,건조,맑음,단일로 - 기타,화물,남,63세,상해없음,보행자,여,78세,중상
보행자사고,2021061700100248,2021년 6월 17일 13시,목요일,부산광역시 수영구 망미동,중상사고,0,1,0,0,차대사람 - 기타,안전운전불이행,건조,맑음,단일로 - 기타,승용,남,59세,상해없음,보행자,여,63세,중상
보행자사고,2021061700100309,2021년 6월 17일 15시,목요일,부산광역시 해운대구 반송동,경상사고,0,0,1,0,차대사람 - 기타,안전운전불이행,젖음/습기,비,단일로 - 기타,기타불명,기타불명,미분류,기타불명,보행자,남,56세,경상
보행자사고,2021061700100346,2021년 6월 17일 16시,목요일,부산광역시 중구 신창동1가,경상사고,0,0,1,0,차대사람 - 차도통행중,안전운전불이행,건조,맑음,교차로 - 교차로부근,이륜,여,44세,상해없음,보행자,남,69세,경상
보행자사고,2021061700100423,2021년 6월 17일 18시,목요일,부산광역시 사상구 모라동,경상사고,0,0,1,0,차대사람 - 보도통행중,기타,건조,맑음,단일로 - 기타,이륜,남,56세,기타불명,보행자,남,52세,경상
보행자사고,2021061800100035,2021년 6월 18일 05시,금요일,부산광역시 연제구 연산동,중상사고,0,1,0,0,차대사람 - 횡단중,보행자보호의무위반,젖음/습기,비,기타 - 기타,승합,남,51세,상해없음,보행자,여,52세,중상
보행자사고,2021061800100096,2021년 6월 18일 09시,금요일,부산광역시 연제구 거제동,경상사고,0,0,1,0,차대사람 - 기타,안전운전불이행,건조,맑음,단일로 - 기타,승용,남,50세,상해없음,보행자,남,50세,경상
보행자사고,2021061800100162,2021년 6월 18일 11시,금요일,부산광역시 부산진구 개금동,경상사고,0,0,1,0,차대사람 - 기타,안전운전불이행,건조,맑음,단일로 - 기타,승용,여,67세,상해없음,보행자,남,49세,경상
보행자사고,2.02106E+15,2021년 6월 18일 13시,금요일,부산광역시 금정구 구서동,경상사고,0,0,1,0,차대사람 - 길가장자리구역통행중,안전운전불이행,건조,맑음,단일로 - 기타,승용,남,37세,상해없음,보행자,남,44세,경상
보행자사고,2021061800100272,2021년 6월 18일 15시,금요일,부산광역시 부산진구 부전동,경상사고,0,0,1,0,차대사람 - 기타,안전운전불이행,건조,맑음,단일로 - 기타,승용,남,24세,상해없음,보행자,여,22세,경상
보행자사고,2021061800100451,2021년 6월 18일 19시,금요일,부산광역시 금정구 남산동,경상사고,0,0,1,0,차대사람 - 기타,안전운전불이행,건조,맑음,교차로 - 교차로안,승용,남,29세,상해없음,보행자,여,79세,경상
보행자사고,2021061900100004,2021년 6월 19일 00시,토요일,부산광역시 부산진구 전포동,경상사고,0,0,1,0,차대사람 - 횡단중,보행자보호의무위반,건조,맑음,단일로 - 기타,승용,남,24세,상해없음,보행자,남,34세,경상
보행자사고,2021061900100142,2021년 6월 19일 10시,토요일,부산광역시 강서구 명지동,경상사고,0,0,1,0,차대사람 - 차도통행중,안전운전불이행,건조,맑음,단일로 - 기타,승용,남,22세,상해없음,보행자,남,50세,경상
보행자사고,2021061900100527,2021년 6월 19일 19시,토요일,부산광역시 수영구 광안동,경상사고,0,0,1,0,차대사람 - 기타,안전운전불이행,건조,맑음,단일로 - 기타,승용,남,24세,상해없음,보행자,남,24세,경상
보행자사고,2021061900100576,2021년 6월 19일 21시,토요일,부산광역시 북구 덕천동,경상사고,0,0,1,0,차대사람 - 기타,안전운전불이행,건조,맑음,기타 - 기타,승용,남,38세,상해없음,보행자,여,38세,경상
보행자사고,2021061900100629,2021년 6월 19일 23시,토요일,부산광역시 북구 만덕동,경상사고,0,0,2,0,차대사람 - 차도통행중,안전운전불이행,건조,맑음,단일로 - 기타,원동기,남,63세,경상,보행자,남,53세,경상
보행자사고,2021062000100004,2021년 6월 20일 00시,일요일,부산광역시 중구 동광동2가,경상사고,0,0,1,0,차대사람 - 기타,안전운전불이행,건조,맑음,단일로 - 기타,승용,여,64세,상해없음,보행자,남,30세,경상
보행자사고,2021062000100005,2021년 6월 20일 00시,일요일,부산광역시 북구 덕천동,부상신고사고,0,0,0,1,차대사람 - 횡단중,안전운전불이행,건조,맑음,단일로 - 기타,승용,남,23세,기타불명,보행자,여,21세,부상신고
보행자사고,2021062000100264,2021년 6월 20일 15시,일요일,부산광역시 부산진구 부전동,중상사고,0,1,0,0,차대사람 - 기타,안전운전불이행,건조,맑음,교차로 - 교차로부근,승용,남,38세,상해없음,보행자,여,20세,중상
보행자사고,2021062000100421,2021년 6월 20일 20시,일요일,부산광역시 해운대구 중동,중상사고,0,1,0,0,차대사람 - 길가장자리구역통행중,안전운전불이행,건조,맑음,기타 - 기타,승용,남,49세,상해없음,보행자,여,52세,중상
보행자사고,2021062100100026,2021년 6월 21일 04시,월요일,부산광역시 부산진구 전포동,경상사고,0,0,1,0,차대사람 - 횡단중,신호위반,건조,맑음,교차로 - 교차로횡단보도내,원동기,남,38세,상해없음,보행자,남,25세,경상
보행자사고,2021062100100128,2021년 6월 21일 09시,월요일,부산광역시 연제구 연산동,경상사고,0,0,1,0,차대사람 - 횡단중,보행자보호의무위반,건조,맑음,교차로 - 교차로안,승용,여,47세,상해없음,보행자,여,71세,경상
보행자사고,2021062100100235,2021년 6월 21일 12시,월요일,부산광역시 동래구 명륜동,경상사고,0,0,1,0,차대사람 - 기타,안전운전불이행,건조,맑음,단일로 - 기타,승용,남,65세,상해없음,보행자,남,36세,경상
보행자사고,2021062100100342,2021년 6월 21일 15시,월요일,부산광역시 연제구 연산동,경상사고,0,0,1,0,차대사람 - 보도통행중,기타,건조,맑음,단일로 - 기타,자전거,남,12세,상해없음,보행자,남,7세,경상
보행자사고,2021062100100389,2021년 6월 21일 16시,월요일,부산광역시 동래구 복천동,중상사고,0,1,0,0,차대사람 - 기타,안전운전불이행,건조,맑음,단일로 - 기타,승합,남,62세,상해없음,보행자,여,68세,중상
보행자사고,2021062100100391,2021년 6월 21일 16시,월요일,부산광역시 사하구 괴정동,경상사고,0,0,1,0,차대사람 - 기타,안전운전불이행,건조,맑음,단일로 - 기타,화물,남,72세,상해없음,보행자,여,35세,경상
보행자사고,2021062100100603,2021년 6월 21일 21시,월요일,부산광역시 남구 대연동,경상사고,0,0,1,0,차대사람 - 횡단중,보행자보호의무위반,건조,맑음,단일로 - 기타,이륜,남,26세,상해없음,보행자,여,46세,경상
보행자사고,2021062200100011,2021년 6월 22일 01시,화요일,부산광역시 금정구 장전동,경상사고,0,0,1,0,차대사람 - 길가장자리구역통행중,안전운전불이행,건조,맑음,단일로 - 기타,화물,남,58세,상해없음,보행자,남,22세,경상
보행자사고,2021062200100079,2021년 6월 22일 08시,화요일,부산광역시 금정구 서동,부상신고사고,0,0,0,1,차대사람 - 기타,안전운전불이행,건조,맑음,단일로 - 기타,승용,남,62세,상해없음,보행자,남,11세,부상신고
보행자사고,2021062200100186,2021년 6월 22일 11시,화요일,부산광역시 부산진구 부암동,사망사고,1,0,0,0,차대사람 - 차도통행중,안전운전불이행,건조,맑음,교차로 - 교차로부근,건설기계,남,73세,상해없음,보행자,여,84세,사망
보행자사고,2021062200100261,2021년 6월 22일 13시,화요일,부산광역시 부산진구 부암동,경상사고,0,0,1,0,차대사람 - 차도통행중,안전운전불이행,건조,맑음,교차로 - 교차로부근,승용,남,55세,상해없음,보행자,남,72세,경상
보행자사고,2021062200100296,2021년 6월 22일 14시,화요일,부산광역시 영도구 봉래동2가,중상사고,0,1,0,0,차대차 - 기타,안전운전불이행,건조,맑음,단일로 - 기타,화물,남,49세,상해없음,화물,기타불명,미분류,기타불명
보행자사고,2021062200100364,2021년 6월 22일 16시,화요일,부산광역시 부산진구 범천동,중상사고,0,1,0,0,차대사람 - 보도통행중,안전운전불이행,건조,맑음,단일로 - 기타,이륜,남,70세,기타불명,보행자,여,65세,중상
보행자사고,2.02106E+15,2021년 6월 22일 18시,화요일,부산광역시 남구 감만동,경상사고,0,0,1,0,차대사람 - 보도통행중,기타,건조,맑음,기타 - 기타,승용,여,46세,상해없음,보행자,남,32세,경상
보행자사고,2021062300100069,2021년 6월 23일 08시,수요일,부산광역시 기장군 기장읍,경상사고,0,0,1,0,차대사람 - 기타,안전운전불이행,건조,맑음,단일로 - 기타,승용,남,56세,상해없음,보행자,여,43세,경상
보행자사고,2021062300100215,2021년 6월 23일 13시,수요일,부산광역시 서구 부용동1가,경상사고,0,0,1,0,차대사람 - 기타,안전운전불이행,건조,맑음,단일로 - 기타,승용,여,69세,상해없음,보행자,여,43세,경상
보행자사고,2021062300100243,2021년 6월 23일 14시,수요일,부산광역시 북구 구포동,중상사고,0,1,0,0,차대사람 - 횡단중,보행자보호의무위반,건조,맑음,교차로 - 교차로횡단보도내,승용,남,62세,상해없음,보행자,여,67세,중상
보행자사고,2.02106E+15,2021년 6월 24일 08시,목요일,부산광역시 금정구 부곡동,경상사고,0,0,1,0,차대사람 - 길가장자리구역통행중,안전운전불이행,건조,맑음,단일로 - 기타,승용,여,24세,상해없음,보행자,여,38세,경상
보행자사고,2021062400100274,2021년 6월 24일 13시,목요일,부산광역시 수영구 광안동,경상사고,0,0,1,0,차대사람 - 기타,안전운전불이행,건조,맑음,단일로 - 기타,이륜,남,28세,상해없음,보행자,여,56세,경상
보행자사고,2021062400100392,2021년 6월 24일 16시,목요일,부산광역시 중구 부평동1가,경상사고,0,0,1,0,차대사람 - 차도통행중,안전운전불이행,건조,맑음,교차로 - 교차로부근,승용,남,80세,상해없음,보행자,여,52세,경상
보행자사고,2021062400100483,2021년 6월 24일 18시,목요일,부산광역시 부산진구 부전동,경상사고,0,0,1,0,차대사람 - 길가장자리구역통행중,안전운전불이행,건조,맑음,단일로 - 기타,승용,남,19세,상해없음,보행자,여,18세,경상
보행자사고,2021062500100197,2021년 6월 25일 11시,금요일,부산광역시 서구 서대신동2가,경상사고,0,0,1,0,차대사람 - 보도통행중,안전운전불이행,건조,맑음,단일로 - 기타,승용,남,68세,상해없음,보행자,여,63세,경상
보행자사고,2021062500100344,2021년 6월 25일 15시,금요일,부산광역시 북구 덕천동,경상사고,0,0,1,0,차대사람 - 횡단중,신호위반,건조,맑음,단일로 - 기타,승용,남,34세,상해없음,보행자,여,19세,경상
보행자사고,2021062500100392,2021년 6월 25일 16시,금요일,부산광역시 북구 구포동,경상사고,0,0,1,0,차대사람 - 기타,안전운전불이행,건조,맑음,교차로 - 교차로안,화물,남,56세,상해없음,보행자,남,54세,경상
보행자사고,2021062500100496,2021년 6월 25일 18시,금요일,부산광역시 기장군 기장읍,경상사고,0,0,1,0,차대사람 - 기타,안전운전불이행,건조,맑음,단일로 - 기타,승용,여,57세,상해없음,보행자,여,78세,경상
보행자사고,2021062500100664,2021년 6월 25일 22시,금요일,부산광역시 영도구 영선동2가,경상사고,0,0,1,0,차대사람 - 기타,안전운전불이행,건조,맑음,단일로 - 기타,승용,남,52세,상해없음,보행자,여,72세,경상
보행자사고,2021062500100689,2021년 6월 25일 23시,금요일,부산광역시 사하구 괴정동,중상사고,0,1,0,0,차대사람 - 횡단중,안전운전불이행,건조,맑음,기타 - 기타,승용,남,52세,상해없음,보행자,남,53세,중상
보행자사고,2021062600100072,2021년 6월 26일 06시,토요일,부산광역시 남구 대연동,중상사고,0,1,0,0,차대사람 - 횡단중,안전운전불이행,젖음/습기,비,교차로 - 교차로횡단보도내,승용,남,60세,상해없음,보행자,남,18세,중상
보행자사고,2021062600100093,2021년 6월 26일 08시,토요일,부산광역시 사하구 장림동,경상사고,0,0,1,0,차대사람 - 횡단중,안전운전불이행,건조,흐림,교차로 - 교차로안,화물,남,72세,상해없음,보행자,여,55세,경상
보행자사고,2021062600100146,2021년 6월 26일 10시,토요일,부산광역시 수영구 광안동,경상사고,0,0,1,0,차대사람 - 보도통행중,보행자보호의무위반,건조,맑음,교차로 - 교차로횡단보도내,승용,남,46세,상해없음,보행자,남,7세,경상
보행자사고,2021062600100256,2021년 6월 26일 13시,토요일,부산광역시 남구 용호동,중상사고,0,1,0,0,차대사람 - 기타,안전운전불이행,건조,맑음,단일로 - 기타,승용,여,32세,상해없음,보행자,남,43세,중상
보행자사고,2021062600100302,2021년 6월 26일 14시,토요일,부산광역시 부산진구 범천동,경상사고,0,0,1,0,차대사람 - 차도통행중,안전운전불이행,건조,맑음,단일로 - 기타,승용,여,55세,상해없음,보행자,여,51세,경상
보행자사고,2021062600100333,2021년 6월 26일 15시,토요일,부산광역시 부산진구 전포동,경상사고,0,0,1,0,차대사람 - 기타,안전운전불이행,건조,맑음,단일로 - 기타,승용,남,29세,상해없음,보행자,여,16세,경상
보행자사고,2021062600100585,2021년 6월 26일 22시,토요일,부산광역시 북구 덕천동,경상사고,0,0,1,0,차대사람 - 기타,안전운전불이행,건조,맑음,단일로 - 기타,승용,남,20세,상해없음,보행자,남,23세,경상
보행자사고,2021062600100586,2021년 6월 26일 22시,토요일,부산광역시 사하구 하단동,중상사고,0,1,0,0,차대사람 - 기타,안전운전불이행,건조,맑음,단일로 - 기타,이륜,남,27세,상해없음,보행자,남,27세,중상
보행자사고,2021062600100615,2021년 6월 26일 23시,토요일,부산광역시 남구 대연동,경상사고,0,0,1,0,차대사람 - 기타,교차로운행방법위반,건조,맑음,교차로 - 교차로안,승용,남,62세,상해없음,보행자,여,24세,경상
보행자사고,2021062700100026,2021년 6월 27일 01시,일요일,부산광역시 부산진구 부전동,경상사고,0,0,1,0,차대사람 - 기타,안전운전불이행,건조,맑음,단일로 - 기타,승용,여,28세,상해없음,보행자,남,22세,경상
보행자사고,2021062700100048,2021년 6월 27일 03시,일요일,부산광역시 동래구 온천동,중상사고,0,1,0,0,차대사람 - 횡단중,안전운전불이행,건조,맑음,교차로 - 교차로부근,이륜,남,17세,기타불명,보행자,남,31세,중상
보행자사고,2021062700100114,2021년 6월 27일 10시,일요일,부산광역시 금정구 부곡동,경상사고,0,0,1,0,차대사람 - 기타,안전운전불이행,건조,맑음,기타 - 기타,승용,남,87세,상해없음,보행자,남,41세,경상
보행자사고,2.02106E+15,2021년 6월 27일 13시,일요일,부산광역시 남구 우암동,중상사고,0,1,0,0,차대사람 - 기타,안전운전불이행,건조,맑음,단일로 - 기타,승합,남,58세,상해없음,보행자,여,82세,중상
보행자사고,2.02106E+15,2021년 6월 27일 18시,일요일,부산광역시 동구 수정동,경상사고,0,0,1,0,차대사람 - 길가장자리구역통행중,안전운전불이행,건조,맑음,단일로 - 기타,승용,여,44세,상해없음,보행자,남,62세,경상
보행자사고,2021062700100361,2021년 6월 27일 18시,일요일,부산광역시 해운대구 반여동,중상사고,0,1,0,0,차대사람 - 횡단중,보행자보호의무위반,건조,맑음,교차로 - 교차로횡단보도내,이륜,남,16세,상해없음,보행자,남,85세,중상
보행자사고,2021062700100425,2021년 6월 27일 20시,일요일,부산광역시 사하구 하단동,중상사고,0,1,0,0,차대차 - 기타,안전운전불이행,건조,맑음,단일로 - 기타,이륜,남,17세,상해없음,승용,여,30세,상해없음
보행자사고,2021062700100449,2021년 6월 27일 21시,일요일,부산광역시 금정구 남산동,중상사고,0,1,0,0,차대사람 - 횡단중,보행자보호의무위반,건조,맑음,교차로 - 교차로부근,승합,여,71세,상해없음,보행자,여,68세,중상
보행자사고,2.02106E+15,2021년 6월 27일 21시,일요일,부산광역시 강서구 명지동,경상사고,0,0,1,0,차대사람 - 횡단중,신호위반,건조,맑음,교차로 - 교차로부근,승용,남,72세,상해없음,보행자,남,38세,경상
보행자사고,2021062800100082,2021년 6월 28일 08시,월요일,부산광역시 해운대구 재송동,경상사고,0,0,1,0,차대사람 - 횡단중,보행자보호의무위반,건조,맑음,교차로 - 교차로부근,승용,남,71세,상해없음,보행자,남,7세,경상
보행자사고,2.02106E+15,2021년 6월 28일 11시,월요일,부산광역시 부산진구 범천동,중상사고,0,1,0,0,차대사람 - 횡단중,신호위반,건조,맑음,교차로 - 교차로횡단보도내,승용,여,43세,상해없음,보행자,여,57세,중상
보행자사고,2021062800100231,2021년 6월 28일 12시,월요일,부산광역시 수영구 광안동,경상사고,0,0,1,0,차대사람 - 기타,보행자보호의무위반,건조,맑음,교차로 - 교차로안,승용,남,69세,상해없음,보행자,남,81세,경상
보행자사고,2021062800100313,2021년 6월 28일 14시,월요일,부산광역시 부산진구 개금동,경상사고,0,0,1,0,차대사람 - 기타,안전운전불이행,건조,맑음,교차로 - 교차로횡단보도내,승용,남,70세,상해없음,보행자,남,28세,경상
보행자사고,2021062800100389,2021년 6월 28일 16시,월요일,부산광역시 동래구 낙민동,경상사고,0,0,1,0,차대사람 - 횡단중,보행자보호의무위반,건조,맑음,단일로 - 기타,개인형이동수단(PM),남,18세,상해없음,보행자,여,78세,경상
보행자사고,2021062800100391,2021년 6월 28일 16시,월요일,부산광역시 부산진구 가야동,경상사고,0,0,1,0,차대사람 - 길가장자리구역통행중,안전운전불이행,건조,맑음,교차로 - 교차로안,승용,남,36세,상해없음,보행자,남,10세,경상
보행자사고,2021062800100493,2021년 6월 28일 18시,월요일,부산광역시 해운대구 반여동,경상사고,0,0,1,0,차대사람 - 기타,안전운전불이행,건조,맑음,단일로 - 기타,화물,남,41세,상해없음,보행자,여,64세,경상
보행자사고,2021062900100053,2021년 6월 29일 07시,화요일,부산광역시 부산진구 부전동,경상사고,0,0,1,0,차대사람 - 차도통행중,안전운전불이행,건조,맑음,단일로 - 기타,승용,남,30세,상해없음,보행자,남,26세,경상
보행자사고,2021062900100079,2021년 6월 29일 08시,화요일,부산광역시 금정구 장전동,경상사고,0,0,1,0,차대사람 - 횡단중,보행자보호의무위반,건조,맑음,단일로 - 기타,승용,남,60세,상해없음,보행자,여,9세,경상
보행자사고,2021062900100149,2021년 6월 29일 10시,화요일,부산광역시 북구 화명동,경상사고,0,0,1,0,차대사람 - 횡단중,안전운전불이행,건조,맑음,교차로 - 교차로횡단보도내,원동기,남,26세,기타불명,보행자,남,17세,경상
보행자사고,2.02106E+15,2021년 6월 29일 10시,화요일,부산광역시 수영구 수영동,경상사고,0,0,1,0,차대사람 - 기타,안전운전불이행,건조,맑음,단일로 - 기타,화물,남,50세,상해없음,보행자,남,78세,경상
보행자사고,2021062900100212,2021년 6월 29일 12시,화요일,부산광역시 서구 동대신동3가,중상사고,0,1,0,0,차대사람 - 횡단중,중앙선침범,건조,맑음,단일로 - 기타,승용,여,29세,상해없음,보행자,여,75세,중상
보행자사고,2021062900100213,2021년 6월 29일 12시,화요일,부산광역시 남구 대연동,부상신고사고,0,0,0,1,차대사람 - 보도통행중,안전운전불이행,건조,맑음,단일로 - 기타,기타불명,기타불명,미분류,기타불명,보행자,여,21세,부상신고
보행자사고,2021062900100214,2021년 6월 29일 12시,화요일,부산광역시 사상구 괘법동,경상사고,0,0,1,0,차대사람 - 기타,안전운전불이행,건조,맑음,교차로 - 교차로부근,승용,남,57세,상해없음,보행자,남,50세,경상
보행자사고,2021062900100326,2021년 6월 29일 15시,화요일,부산광역시 해운대구 재송동,경상사고,0,0,1,0,차대사람 - 길가장자리구역통행중,안전운전불이행,건조,맑음,교차로 - 교차로부근,화물,남,53세,상해없음,보행자,여,81세,경상
보행자사고,2021062900100327,2021년 6월 29일 15시,화요일,부산광역시 수영구 수영동,경상사고,0,0,1,0,차대사람 - 기타,안전운전불이행,건조,맑음,단일로 - 기타,승용,남,39세,상해없음,보행자,남,85세,경상
보행자사고,2021062900100479,2021년 6월 29일 18시,화요일,부산광역시 남구 대연동,경상사고,0,0,1,0,차대사람 - 기타,보행자보호의무위반,건조,맑음,교차로 - 교차로안,승용,남,38세,상해없음,보행자,여,19세,경상
보행자사고,2021062900100562,2021년 6월 29일 20시,화요일,부산광역시 해운대구 반송동,중상사고,0,1,0,0,차대사람 - 길가장자리구역통행중,안전운전불이행,건조,맑음,단일로 - 기타,화물,남,44세,상해없음,보행자,여,79세,중상
보행자사고,2021062900100563,2021년 6월 29일 20시,화요일,부산광역시 부산진구 전포동,경상사고,0,0,1,0,차대사람 - 횡단중,보행자보호의무위반,건조,맑음,단일로 - 기타,승용,남,68세,상해없음,보행자,여,24세,경상
보행자사고,2021062900100588,2021년 6월 29일 21시,화요일,부산광역시 남구 대연동,경상사고,0,0,1,0,차대사람 - 차도통행중,안전운전불이행,건조,맑음,단일로 - 기타,승용,여,38세,상해없음,보행자,남,19세,경상
보행자사고,2021062900100638,2021년 6월 29일 23시,화요일,부산광역시 동래구 명륜동,경상사고,0,0,1,0,차대사람 - 횡단중,안전운전불이행,건조,맑음,단일로 - 기타,승용,남,61세,상해없음,보행자,남,20세,경상
보행자사고,2021063000100015,2021년 6월 30일 01시,수요일,부산광역시 남구 용호동,사망사고,1,0,0,0,차대사람 - 기타,안전운전불이행,건조,맑음,교차로 - 교차로횡단보도내,승용,남,66세,상해없음,보행자,남,63세,사망
보행자사고,2021063000100054,2021년 6월 30일 07시,수요일,부산광역시 북구 덕천동,경상사고,0,0,1,0,차대사람 - 기타,기타,건조,맑음,단일로 - 기타,이륜,남,58세,상해없음,보행자,여,31세,경상
보행자사고,2021063000100159,2021년 6월 30일 10시,수요일,부산광역시 해운대구 재송동,중상사고,0,1,0,0,차대사람 - 기타,보행자보호의무위반,건조,맑음,교차로 - 교차로안,화물,남,57세,상해없음,보행자,여,76세,중상
보행자사고,2.02106E+15,2021년 6월 30일 10시,수요일,부산광역시 부산진구 초읍동,경상사고,0,0,1,0,차대사람 - 횡단중,보행자보호의무위반,건조,맑음,기타 - 기타,승용,남,62세,상해없음,보행자,여,80세,경상
보행자사고,2021063000100427,2021년 6월 30일 17시,수요일,부산광역시 수영구 광안동,경상사고,0,0,1,0,차대사람 - 기타,중앙선침범,건조,맑음,단일로 - 기타,승용,남,37세,상해없음,보행자,여,21세,경상
보행자사고,2021063000100428,2021년 6월 30일 17시,수요일,부산광역시 기장군 기장읍,중상사고,0,1,0,0,차대사람 - 횡단중,안전운전불이행,건조,맑음,단일로 - 기타,이륜,남,21세,상해없음,보행자,남,8세,중상
보행자사고,2021063000100576,2021년 6월 30일 21시,수요일,부산광역시 해운대구 석대동,중상사고,0,1,0,0,차대사람 - 차도통행중,안전운전불이행,건조,맑음,단일로 - 기타,승용,남,43세,상해없음,보행자,여,45세,중상
보행자사고,2021070100100024,2021년 7월 1일 05시,목요일,부산광역시 영도구 영선동1가,중상사고,0,1,0,0,차대사람 - 횡단중,보행자보호의무위반,건조,맑음,교차로 - 교차로안,승합,남,62세,상해없음,보행자,여,78세,중상
보행자사고,2021070100100083,2021년 7월 1일 08시,목요일,부산광역시 기장군 기장읍,중상사고,0,1,0,0,차대사람 - 횡단중,안전운전불이행,건조,맑음,교차로 - 교차로안,승용,남,32세,상해없음,보행자,여,63세,중상
보행자사고,2021070100100293,2021년 7월 1일 14시,목요일,부산광역시 동래구 온천동,경상사고,0,0,1,0,차대사람 - 기타,안전운전불이행,건조,맑음,단일로 - 기타,승용,여,73세,상해없음,보행자,여,55세,경상
보행자사고,2.02107E+15,2021년 7월 1일 15시,목요일,부산광역시 사상구 학장동,경상사고,0,0,1,0,차대사람 - 기타,안전운전불이행,건조,맑음,단일로 - 기타,화물,남,40세,상해없음,보행자,여,53세,경상
보행자사고,2.02107E+15,2021년 7월 1일 21시,목요일,부산광역시 북구 만덕동,중상사고,0,1,1,0,차대사람 - 기타,안전운전불이행,건조,맑음,교차로 - 교차로부근,승용,남,46세,상해없음,보행자,여,68세,중상
보행자사고,2021070200100078,2021년 7월 2일 08시,금요일,부산광역시 남구 대연동,중상사고,0,1,0,0,차대사람 - 횡단중,안전운전불이행,건조,맑음,교차로 - 교차로안,승합,남,63세,상해없음,보행자,여,74세,중상
보행자사고,2021070200100174,2021년 7월 2일 11시,금요일,부산광역시 연제구 연산동,중상사고,0,1,0,0,차대사람 - 기타,안전운전불이행,건조,맑음,단일로 - 기타,화물,남,48세,상해없음,보행자,남,57세,중상
보행자사고,2021070200100226,2021년 7월 2일 12시,금요일,부산광역시 금정구 남산동,중상사고,0,1,0,0,차대사람 - 횡단중,보행자보호의무위반,건조,흐림,교차로 - 교차로안,승용,남,79세,상해없음,보행자,여,68세,중상
보행자사고,2.02107E+15,2021년 7월 2일 14시,금요일,부산광역시 연제구 연산동,경상사고,0,0,1,0,차대사람 - 기타,안전운전불이행,건조,맑음,단일로 - 기타,승용,여,58세,상해없음,보행자,남,63세,경상
보행자사고,2021070200100334,2021년 7월 2일 15시,금요일,부산광역시 부산진구 범천동,경상사고,0,0,1,0,차대사람 - 기타,안전운전불이행,건조,기타,기타 - 기타,승용,여,56세,상해없음,보행자,여,7세,경상
보행자사고,2021070200100679,2021년 7월 2일 22시,금요일,부산광역시 강서구 신호동,중상사고,0,1,0,0,차대사람 - 차도통행중,안전운전불이행,건조,맑음,교차로 - 교차로부근,승용,여,47세,상해없음,보행자,남,42세,중상
보행자사고,2021070200100717,2021년 7월 2일 23시,금요일,부산광역시 금정구 구서동,중상사고,0,1,0,0,차대사람 - 기타,안전운전불이행,건조,맑음,교차로 - 교차로부근,승용,여,63세,상해없음,보행자,남,27세,중상
보행자사고,2021070300100031,2021년 7월 3일 03시,토요일,부산광역시 서구 충무동3가,경상사고,0,0,2,1,차대차 - 정면충돌,중앙선침범,건조,맑음,교차로 - 교차로부근,승용,남,28세,상해없음,승용,남,68세,경상