사고부문,사고번호,사고일시,요일,시군구,사고내용,사망자수,중상자수,경상자수,부상신고자수,사고유형,법규위반,노면상태,기상상태,도로형태,가해운전자 차종,가해운전자 성별,가해운전자 연령,가해운전자 상해정도,피해운전자 차종,피해운전자 성별,피해운전자 연령,피해운전자 상해정도
보행자사고,2021071700100581,2021년 7월 17일 22시,토요일,부산광역시 연제구 연산동,경상사고,0,0,1,0,차대사람 - 보도통행중,안전운전불이행,건조,맑음,기타 - 기타,기타불명,기타불명,미분류,기타불명,보행자,남,55세,경상
보행자사고,2021071700100603,2021년 7월 17일 23시,토요일,부산광역시 동구 초량동,경상사고,0,0,1,0,차대사람 - 횡단중,보행자보호의무위반,건조,맑음,단일로 - 기타,승용,남,33세,상해없음,보행자,여,21세,경상
보행자사고,2021071700100604,2021년 7월 17일 23시,토요일,부산광역시 부산진구 부전동,경상사고,0,0,1,0,차대사람 - 차도통행중,안전운전불이행,건조,맑음,교차로 - 교차로안,승용,남,47세,상해없음,보행자,남,27세,경상
보행자사고,2021071800100149,2021년 7월 18일 13시,일요일,부산광역시 사하구 당리동,부상신고사고,0,0,0,1,차대사람 - 기타,안전운전불이행,건조,맑음,단일로 - 기타,승용,남,33세,상해없음,보행자,남,5세,부상신고
보행자사고,2021071800100391,2021년 7월 18일 21시,일요일,부산광역시 해운대구 좌동,중상사고,0,1,0,0,차대사람 - 횡단중,보행자보호의무위반,건조,맑음,교차로 - 교차로안,승용,남,21세,상해없음,보행자,남,28세,중상
보행자사고,2021071900100158,2021년 7월 19일 10시,월요일,부산광역시 금정구 남산동,중상사고,0,1,0,0,차대사람 - 기타,안전운전불이행,건조,맑음,교차로 - 교차로안,승용,남,60세,상해없음,보행자,여,71세,중상
보행자사고,2021071900100412,2021년 7월 19일 17시,월요일,부산광역시 금정구 구서동,부상신고사고,0,0,0,1,차대사람 - 기타,안전운전불이행,건조,맑음,단일로 - 기타,자전거,남,60세,상해없음,보행자,여,66세,부상신고
보행자사고,2021071900100574,2021년 7월 19일 22시,월요일,부산광역시 부산진구 개금동,중상사고,0,1,0,0,차대사람 - 기타,안전운전불이행,건조,맑음,단일로 - 기타,승용,여,49세,상해없음,보행자,남,66세,중상
보행자사고,2021072000100161,2021년 7월 20일 11시,화요일,부산광역시 영도구 신선동1가,중상사고,0,1,0,0,차대사람 - 횡단중,안전운전불이행,건조,맑음,단일로 - 기타,이륜,남,69세,상해없음,보행자,남,76세,중상
보행자사고,2021072000100228,2021년 7월 20일 13시,화요일,부산광역시 영도구 청학동,중상사고,0,1,0,0,차대사람 - 횡단중,안전운전불이행,건조,맑음,교차로 - 교차로안,승용,남,76세,상해없음,보행자,남,26세,중상
보행자사고,2021072000100375,2021년 7월 20일 17시,화요일,부산광역시 동구 범일동,경상사고,0,0,1,0,차대사람 - 길가장자리구역통행중,안전운전불이행,건조,맑음,단일로 - 기타,기타불명,기타불명,미분류,기타불명,보행자,남,50세,경상
보행자사고,2021072000100376,2021년 7월 20일 17시,화요일,부산광역시 연제구 연산동,중상사고,0,1,0,0,차대사람 - 기타,보행자보호의무위반,건조,맑음,교차로 - 교차로횡단보도내,승용,여,70세,상해없음,보행자,여,75세,중상
보행자사고,2021072000100458,2021년 7월 20일 19시,화요일,부산광역시 사상구 덕포동,경상사고,0,0,1,0,차대사람 - 기타,안전운전불이행,건조,맑음,단일로 - 기타,승용,남,62세,상해없음,보행자,여,18세,경상
보행자사고,2021072100100051,2021년 7월 21일 07시,수요일,부산광역시 중구 보수동1가,중상사고,0,1,0,0,차대사람 - 기타,안전운전불이행,건조,맑음,단일로 - 기타,이륜,여,61세,상해없음,보행자,여,64세,중상
보행자사고,2.02107E+15,2021년 7월 21일 10시,수요일,부산광역시 동구 수정동,중상사고,0,1,0,0,차대사람 - 차도통행중,안전운전불이행,건조,맑음,단일로 - 기타,승용,남,40세,상해없음,보행자,여,83세,중상
보행자사고,2021072100100359,2021년 7월 21일 15시,수요일,부산광역시 해운대구 좌동,중상사고,0,1,0,0,차대사람 - 기타,기타,건조,맑음,단일로 - 기타,승용,여,55세,상해없음,보행자,남,81세,중상
보행자사고,2021072100100589,2021년 7월 21일 20시,수요일,부산광역시 동구 범일동,경상사고,0,0,1,0,차대사람 - 차도통행중,안전운전불이행,건조,맑음,단일로 - 기타,승용,남,56세,상해없음,보행자,여,84세,경상
보행자사고,2.02107E+15,2021년 7월 21일 20시,수요일,부산광역시 동래구 온천동,경상사고,0,0,1,0,차대사람 - 기타,안전운전불이행,건조,맑음,단일로 - 기타,이륜,남,22세,상해없음,보행자,남,41세,경상
보행자사고,2021072100100609,2021년 7월 21일 21시,수요일,부산광역시 연제구 연산동,경상사고,0,0,1,0,차대사람 - 기타,안전운전불이행,건조,맑음,단일로 - 기타,승용,남,61세,상해없음,보행자,여,53세,경상
보행자사고,2021072100100638,2021년 7월 21일 22시,수요일,부산광역시 연제구 연산동,경상사고,0,0,1,0,차대사람 - 기타,안전운전불이행,건조,맑음,단일로 - 기타,원동기,남,20세,상해없음,보행자,남,46세,경상
보행자사고,2021072200100054,2021년 7월 22일 07시,목요일,부산광역시 연제구 연산동,부상신고사고,0,0,0,1,차대사람 - 길가장자리구역통행중,안전운전불이행,건조,맑음,단일로 - 기타,승용,남,70세,상해없음,보행자,남,51세,부상신고
보행자사고,2021072200100081,2021년 7월 22일 08시,목요일,부산광역시 해운대구 반여동,중상사고,0,1,0,0,차대사람 - 기타,보행자보호의무위반,건조,맑음,단일로 - 기타,승용,여,64세,상해없음,보행자,여,41세,중상
보행자사고,2021072200100082,2021년 7월 22일 08시,목요일,부산광역시 금정구 부곡동,경상사고,0,0,1,0,차대사람 - 횡단중,신호위반,건조,맑음,단일로 - 기타,승용,남,78세,상해없음,보행자,여,23세,경상
보행자사고,2021072200100124,2021년 7월 22일 09시,목요일,부산광역시 부산진구 범전동,중상사고,0,1,0,0,차대사람 - 횡단중,보행자보호의무위반,건조,맑음,교차로 - 교차로부근,화물,남,65세,상해없음,보행자,여,18세,중상
보행자사고,2021072200100185,2021년 7월 22일 11시,목요일,부산광역시 중구 중앙동4가,경상사고,0,0,1,0,차대사람 - 횡단중,안전운전불이행,건조,맑음,교차로 - 교차로부근,승용,남,29세,상해없음,보행자,남,59세,경상
보행자사고,2021072200100259,2021년 7월 22일 13시,목요일,부산광역시 사상구 학장동,중상사고,0,1,0,0,차대사람 - 기타,안전운전불이행,건조,맑음,교차로 - 교차로안,화물,남,28세,기타불명,보행자,남,52세,중상
보행자사고,2021072200100301,2021년 7월 22일 14시,목요일,부산광역시 기장군 정관읍,경상사고,0,0,1,0,차대사람 - 보도통행중,기타,건조,맑음,기타 - 기타,이륜,남,28세,상해없음,보행자,남,8세,경상
보행자사고,2021072200100431,2021년 7월 22일 17시,목요일,부산광역시 연제구 연산동,경상사고,0,0,1,0,차대사람 - 차도통행중,안전운전불이행,건조,맑음,교차로 - 교차로부근,승용,남,66세,상해없음,보행자,남,59세,경상
보행자사고,2021072200100477,2021년 7월 22일 18시,목요일,부산광역시 수영구 남천동,경상사고,0,0,1,0,차대사람 - 기타,안전운전불이행,건조,맑음,단일로 - 기타,자전거,남,51세,상해없음,보행자,여,47세,경상
보행자사고,2021072200100564,2021년 7월 22일 20시,목요일,부산광역시 사상구 학장동,중상사고,0,1,0,0,차대사람 - 차도통행중,안전운전불이행,건조,맑음,교차로 - 교차로부근,승용,남,63세,상해없음,보행자,남,60세,중상
보행자사고,2021072200100618,2021년 7월 22일 22시,목요일,부산광역시 북구 만덕동,부상신고사고,0,0,0,1,차대사람 - 기타,기타,건조,맑음,기타 - 기타,기타불명,기타불명,미분류,기타불명,보행자,여,30세,부상신고
보행자사고,2021072300100181,2021년 7월 23일 11시,금요일,부산광역시 해운대구 우동,부상신고사고,0,0,0,1,차대사람 - 보도통행중,기타,건조,맑음,단일로 - 기타,이륜,남,53세,상해없음,보행자,여,25세,부상신고
보행자사고,2021072300100293,2021년 7월 23일 14시,금요일,부산광역시 연제구 연산동,경상사고,0,0,1,0,차대사람 - 차도통행중,안전운전불이행,건조,맑음,단일로 - 기타,승용,여,43세,상해없음,보행자,여,60세,경상
보행자사고,2021072300100475,2021년 7월 23일 18시,금요일,부산광역시 부산진구 부전동,경상사고,0,0,1,0,차대사람 - 차도통행중,안전운전불이행,건조,맑음,단일로 - 기타,승용,남,38세,기타불명,보행자,여,33세,경상
보행자사고,2.02107E+15,2021년 7월 23일 23시,금요일,부산광역시 영도구 청학동,경상사고,0,0,1,1,차대사람 - 기타,안전운전불이행,건조,맑음,단일로 - 기타,이륜,남,56세,부상신고,보행자,남,27세,경상
보행자사고,2.02107E+15,2021년 7월 24일 11시,토요일,부산광역시 동래구 안락동,경상사고,0,0,1,0,차대사람 - 횡단중,보행자보호의무위반,건조,맑음,교차로 - 교차로안,화물,남,40세,상해없음,보행자,남,76세,경상
보행자사고,2021072400100151,2021년 7월 24일 11시,토요일,부산광역시 금정구 부곡동,중상사고,0,1,0,0,차대사람 - 기타,보행자보호의무위반,건조,맑음,교차로 - 교차로횡단보도내,승합,남,47세,기타불명,보행자,여,83세,중상
보행자사고,2.02107E+15,2021년 7월 24일 13시,토요일,부산광역시 수영구 광안동,경상사고,0,0,1,0,차대사람 - 횡단중,기타,건조,맑음,단일로 - 기타,원동기,남,29세,상해없음,보행자,남,53세,경상
보행자사고,2.02107E+15,2021년 7월 24일 22시,토요일,부산광역시 동구 범일동,경상사고,0,0,1,0,차대사람 - 기타,안전운전불이행,건조,맑음,단일로 - 기타,승용,남,67세,상해없음,보행자,남,40세,경상
보행자사고,2021072500100094,2021년 7월 25일 11시,일요일,부산광역시 기장군 기장읍,경상사고,0,0,1,0,차대사람 - 횡단중,안전운전불이행,건조,맑음,교차로 - 교차로안,승용,남,31세,상해없음,보행자,여,42세,경상
보행자사고,2021072500100149,2021년 7월 25일 13시,일요일,부산광역시 해운대구 송정동,경상사고,0,0,1,0,차대사람 - 횡단중,보행자보호의무위반,건조,맑음,단일로 - 기타,승용,남,63세,상해없음,보행자,남,59세,경상
보행자사고,2021072500100216,2021년 7월 25일 15시,일요일,부산광역시 금정구 부곡동,경상사고,0,0,1,0,차대사람 - 횡단중,안전운전불이행,건조,맑음,교차로 - 교차로안,승용,남,51세,상해없음,보행자,여,72세,경상
보행자사고,2021072500100352,2021년 7월 25일 19시,일요일,부산광역시 동래구 사직동,경상사고,0,0,1,0,차대사람 - 차도통행중,안전운전불이행,건조,맑음,단일로 - 기타,승용,남,54세,상해없음,보행자,남,49세,경상
보행자사고,2021072500100379,2021년 7월 25일 20시,일요일,부산광역시 동래구 명장동,경상사고,0,0,1,0,차대사람 - 보도통행중,안전운전불이행,건조,맑음,단일로 - 기타,승용,남,27세,상해없음,보행자,남,69세,경상
보행자사고,2021072500100422,2021년 7월 25일 22시,일요일,부산광역시 연제구 연산동,경상사고,0,0,1,0,차대사람 - 기타,안전운전불이행,건조,맑음,단일로 - 기타,승용,남,20세,상해없음,보행자,남,40세,경상
보행자사고,2.02107E+15,2021년 7월 26일 11시,월요일,부산광역시 부산진구 부전동,중상사고,0,1,0,0,차대사람 - 횡단중,보행자보호의무위반,건조,맑음,교차로 - 교차로횡단보도내,승용,남,72세,기타불명,보행자,남,83세,중상
보행자사고,2021072600100423,2021년 7월 26일 17시,월요일,부산광역시 수영구 광안동,경상사고,0,0,1,0,차대사람 - 차도통행중,안전운전불이행,건조,맑음,단일로 - 기타,이륜,남,45세,상해없음,보행자,여,49세,경상
보행자사고,2021072600100471,2021년 7월 26일 18시,월요일,부산광역시 북구 만덕동,중상사고,0,1,0,0,차대사람 - 기타,신호위반,건조,맑음,단일로 - 기타,승용,남,36세,상해없음,보행자,여,72세,중상
보행자사고,2021072600100629,2021년 7월 26일 23시,월요일,부산광역시 동래구 안락동,경상사고,0,0,1,0,차대사람 - 기타,안전운전불이행,건조,맑음,교차로 - 교차로안,화물,남,57세,상해없음,보행자,남,22세,경상
보행자사고,2021072700100036,2021년 7월 27일 06시,화요일,부산광역시 사하구 괴정동,중상사고,0,1,0,0,차대사람 - 횡단중,안전운전불이행,건조,맑음,단일로 - 기타,승용,남,66세,상해없음,보행자,여,71세,중상
보행자사고,2021072700100058,2021년 7월 27일 07시,화요일,부산광역시 금정구 서동,중상사고,0,1,0,0,차대사람 - 횡단중,안전운전불이행,건조,맑음,교차로 - 교차로안,화물,남,61세,상해없음,보행자,여,60세,중상
보행자사고,2021072700100344,2021년 7월 27일 15시,화요일,부산광역시 강서구 명지동,경상사고,0,0,1,0,차대사람 - 횡단중,보행자보호의무위반,건조,맑음,교차로 - 교차로횡단보도내,승용,여,34세,상해없음,보행자,남,7세,경상
보행자사고,2021072700100345,2021년 7월 27일 15시,화요일,부산광역시 사상구 학장동,중상사고,0,1,0,0,차대사람 - 기타,안전운전불이행,건조,맑음,단일로 - 기타,승용,남,50세,상해없음,보행자,남,54세,중상
보행자사고,2021072700100412,2021년 7월 27일 17시,화요일,부산광역시 동구 초량동,경상사고,0,0,1,0,차대사람 - 차도통행중,안전운전불이행,건조,맑음,단일로 - 기타,승용,남,58세,상해없음,보행자,여,19세,경상
보행자사고,2021072700100458,2021년 7월 27일 18시,화요일,부산광역시 금정구 부곡동,경상사고,0,0,2,0,차대사람 - 횡단중,보행자보호의무위반,건조,맑음,교차로 - 교차로안,승용,여,30세,상해없음,보행자,여,32세,경상
보행자사고,2021072700100462,2021년 7월 27일 18시,화요일,부산광역시 사상구 덕포동,경상사고,0,0,1,0,차대사람 - 차도통행중,안전운전불이행,건조,맑음,단일로 - 기타,승용,여,21세,상해없음,보행자,남,23세,경상
보행자사고,2021072700100565,2021년 7월 27일 21시,화요일,부산광역시 부산진구 전포동,중상사고,0,1,0,0,차대사람 - 횡단중,보행자보호의무위반,건조,맑음,교차로 - 교차로횡단보도내,승용,남,71세,상해없음,보행자,여,76세,중상
보행자사고,2021072700100593,2021년 7월 27일 22시,화요일,부산광역시 금정구 장전동,경상사고,0,0,1,0,차대사람 - 기타,안전운전불이행,건조,맑음,단일로 - 기타,개인형이동수단(PM),여,22세,상해없음,보행자,남,66세,경상
보행자사고,2.02107E+15,2021년 7월 28일 06시,수요일,부산광역시 연제구 거제동,중상사고,0,1,0,0,차대사람 - 기타,보행자보호의무위반,건조,맑음,교차로 - 교차로부근,화물,남,59세,상해없음,보행자,남,74세,중상
보행자사고,2021072800100389,2021년 7월 28일 17시,수요일,부산광역시 중구 대청동1가,중상사고,0,1,0,0,차대사람 - 차도통행중,안전운전불이행,건조,맑음,교차로 - 교차로안,이륜,남,76세,상해없음,보행자,여,67세,중상
보행자사고,2.02107E+15,2021년 7월 28일 17시,수요일,부산광역시 영도구 남항동3가,경상사고,0,0,1,0,차대사람 - 길가장자리구역통행중,안전운전불이행,건조,맑음,미분류 - 미분류,승용,남,71세,기타불명,보행자,남,47세,경상
보행자사고,2.02107E+15,2021년 7월 28일 22시,수요일,부산광역시 금정구 구서동,경상사고,0,0,2,0,차대사람 - 기타,기타,건조,맑음,단일로 - 기타,이륜,남,37세,경상,보행자,남,45세,경상
보행자사고,2021072900100252,2021년 7월 29일 13시,목요일,부산광역시 동래구 명장동,경상사고,0,0,1,0,차대사람 - 기타,안전운전불이행,건조,맑음,교차로 - 교차로안,승용,여,32세,상해없음,보행자,남,46세,경상
보행자사고,2021072900100305,2021년 7월 29일 15시,목요일,부산광역시 서구 암남동,경상사고,0,0,1,0,차대사람 - 횡단중,신호위반,건조,맑음,단일로 - 기타,승용,남,30세,상해없음,보행자,여,10세,경상
보행자사고,2021072900100344,2021년 7월 29일 16시,목요일,부산광역시 금정구 부곡동,중상사고,0,1,0,0,차대사람 - 기타,안전운전불이행,건조,맑음,단일로 - 기타,승용,남,55세,상해없음,보행자,여,36세,중상
보행자사고,2.02107E+15,2021년 7월 29일 18시,목요일,부산광역시 남구 용호동,중상사고,0,1,0,0,차대사람 - 기타,보행자보호의무위반,건조,맑음,교차로 - 교차로부근,개인형이동수단(PM),여,13세,상해없음,보행자,여,62세,중상
보행자사고,2021072900100534,2021년 7월 29일 22시,목요일,부산광역시 동래구 온천동,경상사고,0,0,1,0,차대사람 - 횡단중,안전운전불이행,건조,맑음,단일로 - 기타,승용,여,42세,상해없음,보행자,남,30세,경상
보행자사고,2021073000100071,2021년 7월 30일 08시,금요일,부산광역시 해운대구 좌동,중상사고,0,1,0,0,차대사람 - 기타,보행자보호의무위반,건조,맑음,단일로 - 기타,승용,여,37세,상해없음,보행자,여,70세,중상
보행자사고,2021073000100102,2021년 7월 30일 09시,금요일,부산광역시 부산진구 범천동,중상사고,0,1,0,0,차대사람 - 기타,보행자보호의무위반,건조,맑음,교차로 - 교차로안,승용,남,39세,상해없음,보행자,남,72세,중상
보행자사고,2021073000100156,2021년 7월 30일 11시,금요일,부산광역시 남구 문현동,중상사고,0,1,0,0,차대사람 - 횡단중,안전운전불이행,건조,맑음,기타 - 기타,승용,남,43세,상해없음,보행자,여,66세,중상
보행자사고,2021073000100355,2021년 7월 30일 16시,금요일,부산광역시 부산진구 범천동,중상사고,0,1,0,0,차대사람 - 횡단중,안전운전불이행,건조,맑음,교차로 - 교차로안,승용,남,56세,상해없음,보행자,남,54세,중상
보행자사고,2021073000100449,2021년 7월 30일 18시,금요일,부산광역시 사상구 괘법동,경상사고,0,0,1,0,차대사람 - 기타,안전운전불이행,건조,맑음,교차로 - 교차로부근,승용,남,21세,상해없음,보행자,남,53세,경상
보행자사고,2021073000100481,2021년 7월 30일 19시,금요일,부산광역시 동구 초량동,중상사고,0,1,0,0,차대사람 - 횡단중,보행자보호의무위반,건조,맑음,단일로 - 기타,화물,남,44세,상해없음,보행자,여,49세,중상
보행자사고,2.02107E+15,2021년 7월 30일 21시,금요일,부산광역시 부산진구 부전동,중상사고,0,1,0,0,차대사람 - 차도통행중,안전운전불이행,건조,맑음,교차로 - 교차로안,화물,남,48세,상해없음,보행자,여,32세,중상
보행자사고,2021073100100006,2021년 7월 31일 00시,토요일,부산광역시 영도구 동삼동,중상사고,0,1,0,0,차대사람 - 기타,안전운전불이행,건조,맑음,단일로 - 기타,승용,남,51세,상해없음,보행자,여,40세,중상
보행자사고,2021073100100007,2021년 7월 31일 00시,토요일,부산광역시 기장군 기장읍,중상사고,0,1,0,0,차대사람 - 기타,안전운전불이행,건조,맑음,주차장 - 주차장,승용,남,40세,상해없음,보행자,남,57세,중상
보행자사고,2021073100100034,2021년 7월 31일 03시,토요일,부산광역시 사상구 학장동,중상사고,0,1,0,0,차대사람 - 기타,안전운전불이행,건조,맑음,주차장 - 주차장,승용,남,50세,상해없음,보행자,남,45세,중상
보행자사고,2021073100100173,2021년 7월 31일 12시,토요일,부산광역시 동구 좌천동,중상사고,0,1,0,0,차대사람 - 기타,안전운전불이행,건조,맑음,단일로 - 기타,승용,남,73세,상해없음,보행자,여,80세,중상
보행자사고,2021073100100414,2021년 7월 31일 18시,토요일,부산광역시 기장군 기장읍,경상사고,0,0,1,0,차대사람 - 기타,안전운전불이행,건조,맑음,기타 - 기타,승용,남,61세,상해없음,보행자,여,41세,경상
보행자사고,2021073100100479,2021년 7월 31일 20시,토요일,부산광역시 동래구 온천동,중상사고,0,1,0,0,차대사람 - 횡단중,보행자보호의무위반,건조,맑음,교차로 - 교차로안,승용,남,37세,상해없음,보행자,여,73세,중상
보행자사고,2021080100100256,2021년 8월 1일 17시,일요일,부산광역시 부산진구 개금동,중상사고,0,1,0,0,차대사람 - 기타,안전운전불이행,건조,맑음,교차로 - 교차로부근,승용,남,49세,상해없음,보행자,남,23세,중상
보행자사고,2.02108E+15,2021년 8월 2일 14시,월요일,부산광역시 동구 초량동,경상사고,0,0,1,0,차대사람 - 기타,안전운전불이행,건조,맑음,단일로 - 기타,승용,남,62세,상해없음,보행자,남,30세,경상
보행자사고,2021080200100261,2021년 8월 2일 14시,월요일,부산광역시 동래구 명륜동,경상사고,0,0,1,0,차대사람 - 횡단중,보행자보호의무위반,건조,맑음,단일로 - 기타,승용,남,69세,상해없음,보행자,여,26세,경상
보행자사고,2021080200100262,2021년 8월 2일 14시,월요일,부산광역시 해운대구 중동,중상사고,0,1,0,0,차대사람 - 기타,교차로운행방법위반,건조,맑음,교차로 - 교차로안,화물,남,29세,상해없음,보행자,남,47세,중상
보행자사고,2021080200100264,2021년 8월 2일 14시,월요일,부산광역시 수영구 수영동,경상사고,0,0,1,0,차대사람 - 기타,안전운전불이행,건조,맑음,단일로 - 기타,승용,남,57세,상해없음,보행자,남,58세,경상
보행자사고,2021080200100375,2021년 8월 2일 17시,월요일,부산광역시 금정구 부곡동,중상사고,0,1,1,0,차대사람 - 횡단중,안전운전불이행,건조,맑음,교차로 - 교차로횡단보도내,승용,여,33세,상해없음,보행자,여,41세,중상
보행자사고,2.02108E+15,2021년 8월 2일 20시,월요일,부산광역시 연제구 연산동,경상사고,0,0,1,0,차대사람 - 기타,안전운전불이행,건조,맑음,교차로 - 교차로부근,승용,여,42세,상해없음,보행자,남,43세,경상
보행자사고,2021080200100491,2021년 8월 2일 20시,월요일,부산광역시 사상구 괘법동,경상사고,0,0,1,0,차대사람 - 기타,안전운전불이행,건조,맑음,단일로 - 기타,승용,여,32세,상해없음,보행자,남,47세,경상
보행자사고,2021080200100519,2021년 8월 2일 21시,월요일,부산광역시 북구 덕천동,중상사고,0,1,0,0,차대사람 - 기타,안전운전불이행,건조,맑음,교차로 - 교차로안,승용,남,25세,상해없음,보행자,남,39세,중상
보행자사고,2021080300100025,2021년 8월 3일 05시,화요일,부산광역시 부산진구 초읍동,중상사고,0,1,0,0,차대사람 - 기타,안전운전불이행,건조,맑음,기타 - 기타,화물,남,55세,상해없음,보행자,여,76세,중상
보행자사고,2021080300100096,2021년 8월 3일 10시,화요일,부산광역시 부산진구 부전동,경상사고,0,0,1,0,차대사람 - 차도통행중,안전운전불이행,건조,맑음,단일로 - 기타,승용,남,72세,상해없음,보행자,여,23세,경상
보행자사고,2021080300100165,2021년 8월 3일 12시,화요일,부산광역시 부산진구 양정동,중상사고,0,1,0,0,차대사람 - 기타,신호위반,건조,맑음,단일로 - 기타,승용,남,57세,상해없음,보행자,여,18세,중상
보행자사고,2021080300100166,2021년 8월 3일 12시,화요일,부산광역시 사하구 당리동,경상사고,0,0,1,0,차대사람 - 기타,기타,건조,맑음,단일로 - 지하차도(도로)내,승용,남,41세,상해없음,보행자,여,25세,경상
보행자사고,2021080300100226,2021년 8월 3일 14시,화요일,부산광역시 해운대구 반여동,경상사고,0,0,1,0,차대사람 - 기타,안전운전불이행,젖음/습기,맑음,단일로 - 기타,승용,여,63세,상해없음,보행자,남,71세,경상
보행자사고,2021080300100301,2021년 8월 3일 16시,화요일,부산광역시 동구 초량동,경상사고,0,0,1,0,차대사람 - 차도통행중,보행자보호의무위반,건조,맑음,단일로 - 기타,이륜,남,21세,상해없음,보행자,여,73세,경상
보행자사고,2021080300100303,2021년 8월 3일 16시,화요일,부산광역시 금정구 구서동,경상사고,0,0,1,0,차대사람 - 기타,안전운전불이행,건조,맑음,기타 - 기타,승용,남,37세,상해없음,보행자,남,29세,경상
보행자사고,2021080300100383,2021년 8월 3일 18시,화요일,부산광역시 사하구 신평동,중상사고,0,1,0,0,차대사람 - 횡단중,보행자보호의무위반,건조,맑음,교차로 - 교차로부근,승용,남,48세,상해없음,보행자,남,35세,중상
보행자사고,2.02108E+15,2021년 8월 4일 09시,수요일,부산광역시 강서구 대저2동,중상사고,0,1,0,0,차대사람 - 기타,안전운전불이행,건조,맑음,단일로 - 기타,승용,남,49세,상해없음,보행자,여,41세,중상
보행자사고,2021080400100233,2021년 8월 4일 13시,수요일,부산광역시 사하구 장림동,중상사고,0,1,0,0,차대사람 - 기타,신호위반,건조,맑음,단일로 - 기타,이륜,여,54세,상해없음,보행자,여,68세,중상
보행자사고,2021080400100307,2021년 8월 4일 15시,수요일,부산광역시 영도구 청학동,경상사고,0,0,1,0,차대사람 - 횡단중,안전운전불이행,건조,맑음,단일로 - 기타,승용,남,61세,상해없음,보행자,여,76세,경상
보행자사고,2021080500100014,2021년 8월 5일 02시,목요일,부산광역시 부산진구 부전동,경상사고,0,0,1,0,차대사람 - 기타,안전운전불이행,건조,맑음,교차로 - 교차로안,승용,남,25세,상해없음,보행자,남,47세,경상
보행자사고,2021080500100106,2021년 8월 5일 09시,목요일,부산광역시 남구 대연동,중상사고,0,1,0,0,차대사람 - 길가장자리구역통행중,안전운전불이행,건조,맑음,단일로 - 기타,승용,여,29세,상해없음,보행자,여,76세,중상
보행자사고,2021080500100107,2021년 8월 5일 09시,목요일,부산광역시 수영구 광안동,경상사고,0,0,1,0,차대사람 - 기타,안전운전불이행,건조,맑음,단일로 - 기타,개인형이동수단(PM),여,27세,상해없음,보행자,여,23세,경상
보행자사고,2021080500100131,2021년 8월 5일 10시,목요일,부산광역시 기장군 기장읍,중상사고,0,1,0,0,차대사람 - 기타,안전운전불이행,건조,맑음,단일로 - 기타,승용,남,66세,상해없음,보행자,남,73세,중상
보행자사고,2021080500100214,2021년 8월 5일 12시,목요일,부산광역시 북구 만덕동,경상사고,0,0,1,0,차대사람 - 횡단중,보행자보호의무위반,건조,맑음,단일로 - 기타,이륜,남,24세,상해없음,보행자,남,9세,경상
보행자사고,2021080500100322,2021년 8월 5일 15시,목요일,부산광역시 사하구 감천동,중상사고,0,1,0,0,차대사람 - 횡단중,보행자보호의무위반,건조,맑음,교차로 - 교차로횡단보도내,승용,남,60세,상해없음,보행자,여,68세,중상
보행자사고,2021080500100362,2021년 8월 5일 16시,목요일,부산광역시 영도구 남항동1가,중상사고,0,1,0,0,차대사람 - 횡단중,안전운전불이행,건조,맑음,단일로 - 기타,화물,남,52세,상해없음,보행자,여,60세,중상
보행자사고,2021080500100403,2021년 8월 5일 17시,목요일,부산광역시 북구 금곡동,경상사고,0,0,1,0,차대사람 - 횡단중,보행자보호의무위반,건조,맑음,교차로 - 교차로횡단보도내,승용,남,59세,상해없음,보행자,여,6세,경상
보행자사고,2021080500100405,2021년 8월 5일 17시,목요일,부산광역시 부산진구 전포동,경상사고,0,0,1,0,차대사람 - 기타,안전운전불이행,건조,맑음,단일로 - 기타,승용,남,73세,상해없음,보행자,여,16세,경상
보행자사고,2021080500100591,2021년 8월 5일 22시,목요일,부산광역시 부산진구 부전동,경상사고,0,0,1,0,차대사람 - 기타,안전운전불이행,건조,기타,교차로 - 교차로부근,승용,남,31세,상해없음,보행자,남,29세,경상
보행자사고,2021080600100169,2021년 8월 6일 11시,금요일,부산광역시 연제구 연산동,경상사고,0,0,1,0,차대사람 - 길가장자리구역통행중,안전운전불이행,건조,맑음,단일로 - 기타,승용,여,59세,상해없음,보행자,여,60세,경상
보행자사고,2021080600100196,2021년 8월 6일 12시,금요일,부산광역시 연제구 거제동,경상사고,0,0,1,0,차대사람 - 보도통행중,기타,건조,맑음,단일로 - 기타,이륜,남,44세,상해없음,보행자,여,69세,경상
보행자사고,2021080600100234,2021년 8월 6일 13시,금요일,부산광역시 해운대구 좌동,경상사고,0,0,1,0,차대사람 - 횡단중,안전운전불이행,건조,맑음,단일로 - 기타,기타불명,기타불명,미분류,기타불명,보행자,여,78세,경상
보행자사고,2021080600100319,2021년 8월 6일 15시,금요일,부산광역시 연제구 거제동,경상사고,0,0,1,0,차대사람 - 횡단중,보행자보호의무위반,건조,맑음,단일로 - 기타,승용,남,64세,상해없음,보행자,여,23세,경상
보행자사고,2021080600100408,2021년 8월 6일 17시,금요일,부산광역시 사하구 다대동,중상사고,0,1,0,0,차대사람 - 횡단중,보행자보호의무위반,건조,맑음,교차로 - 교차로횡단보도내,화물,여,33세,상해없음,보행자,여,64세,중상