사고부문,사고번호,사고일시,요일,시군구,사고내용,사망자수,중상자수,경상자수,부상신고자수,사고유형,법규위반,노면상태,기상상태,도로형태,가해운전자 차종,가해운전자 성별,가해운전자 연령,가해운전자 상해정도,피해운전자 차종,피해운전자 성별,피해운전자 연령,피해운전자 상해정도
보행자사고,2021091100100161,2021년 9월 11일 11시,토요일,부산광역시 부산진구 부전동,중상사고,0,1,0,0,차대사람 - 기타,안전운전불이행,건조,맑음,단일로 - 기타,승용,남,36세,상해없음,보행자,남,69세,중상
보행자사고,2021091100100273,2021년 9월 11일 13시,토요일,부산광역시 부산진구 연지동,경상사고,0,0,1,0,차대사람 - 횡단중,신호위반,건조,맑음,단일로 - 기타,승용,여,60세,상해없음,보행자,여,19세,경상
보행자사고,2021091100100325,2021년 9월 11일 14시,토요일,부산광역시 사하구 신평동,중상사고,0,1,0,0,차대사람 - 기타,안전운전불이행,건조,맑음,단일로 - 기타,승용,여,45세,상해없음,보행자,여,61세,중상
보행자사고,2021091100100373,2021년 9월 11일 15시,토요일,부산광역시 남구 대연동,경상사고,0,0,1,0,차대사람 - 보도통행중,안전운전불이행,건조,맑음,단일로 - 기타,승용,남,45세,상해없음,보행자,여,19세,경상
보행자사고,2021091100100627,2021년 9월 11일 21시,토요일,부산광역시 부산진구 부전동,경상사고,0,0,1,0,차대사람 - 보도통행중,안전운전불이행,건조,맑음,기타 - 기타,승용,남,28세,상해없음,보행자,남,20세,경상
보행자사고,2021091100100628,2021년 9월 11일 21시,토요일,부산광역시 사하구 다대동,경상사고,0,0,1,0,차대사람 - 횡단중,신호위반,건조,맑음,단일로 - 기타,승용,남,58세,상해없음,보행자,남,30세,경상
보행자사고,2021091200100068,2021년 9월 12일 10시,일요일,부산광역시 부산진구 초읍동,경상사고,0,0,2,0,차대사람 - 기타,보행자보호의무위반,건조,맑음,기타 - 기타,승용,여,74세,상해없음,보행자,여,66세,경상
보행자사고,2021091200100181,2021년 9월 12일 14시,일요일,부산광역시 수영구 수영동,경상사고,0,0,1,0,차대사람 - 기타,안전운전불이행,건조,맑음,단일로 - 기타,원동기,남,39세,상해없음,보행자,남,30세,경상
보행자사고,2021091200100221,2021년 9월 12일 15시,일요일,부산광역시 금정구 장전동,경상사고,0,0,8,0,차대차 - 기타,안전운전불이행,건조,맑음,단일로 - 기타,승용,남,59세,경상,승용,남,46세,경상
보행자사고,2021091300100369,2021년 9월 13일 15시,월요일,부산광역시 해운대구 우동,경상사고,0,0,1,0,차대사람 - 기타,안전운전불이행,건조,맑음,단일로 - 기타,이륜,남,23세,상해없음,보행자,남,50세,경상
보행자사고,2021091300100396,2021년 9월 13일 16시,월요일,부산광역시 동래구 안락동,경상사고,0,0,1,0,차대사람 - 기타,안전운전불이행,건조,흐림,교차로 - 교차로안,화물,남,60세,상해없음,보행자,남,59세,경상
보행자사고,2021091300100441,2021년 9월 13일 17시,월요일,부산광역시 영도구 봉래동3가,경상사고,0,0,1,0,차대사람 - 횡단중,보행자보호의무위반,건조,흐림,단일로 - 기타,승용,여,37세,상해없음,보행자,여,25세,경상
보행자사고,2021091300100485,2021년 9월 13일 18시,월요일,부산광역시 동래구 명장동,경상사고,0,0,1,0,차대사람 - 횡단중,보행자보호의무위반,건조,맑음,교차로 - 교차로안,승용,여,46세,상해없음,보행자,남,53세,경상
보행자사고,2021091300100579,2021년 9월 13일 20시,월요일,부산광역시 금정구 서동,경상사고,0,0,1,0,차대사람 - 기타,안전운전불이행,건조,맑음,단일로 - 기타,승용,여,68세,상해없음,보행자,남,43세,경상
보행자사고,2021091300100662,2021년 9월 13일 23시,월요일,부산광역시 해운대구 좌동,중상사고,0,1,0,0,차대사람 - 보도통행중,신호위반,건조,맑음,교차로 - 교차로부근,이륜,남,47세,상해없음,보행자,남,55세,중상
보행자사고,2021091400100094,2021년 9월 14일 08시,화요일,부산광역시 동구 범일동,경상사고,0,0,1,0,차대사람 - 기타,안전운전불이행,건조,맑음,단일로 - 기타,승용,여,61세,상해없음,보행자,남,89세,경상
보행자사고,2021091400100217,2021년 9월 14일 11시,화요일,부산광역시 동래구 사직동,경상사고,0,0,1,0,차대사람 - 보도통행중,기타,젖음/습기,비,교차로 - 교차로부근,승용,여,62세,상해없음,보행자,여,19세,경상
보행자사고,2021091400100391,2021년 9월 14일 15시,화요일,부산광역시 부산진구 부전동,중상사고,0,1,0,0,차대사람 - 차도통행중,안전운전불이행,젖음/습기,비,단일로 - 기타,승용,남,64세,상해없음,보행자,여,65세,중상
보행자사고,2021091500100016,2021년 9월 15일 02시,수요일,부산광역시 부산진구 부전동,경상사고,0,0,1,0,차대사람 - 보도통행중,기타,젖음/습기,비,기타 - 기타,승용,여,20세,상해없음,보행자,남,27세,경상
보행자사고,2021091500100053,2021년 9월 15일 07시,수요일,부산광역시 강서구 대저1동,중상사고,0,1,0,0,차대사람 - 횡단중,보행자보호의무위반,건조,맑음,교차로 - 교차로부근,승용,여,50세,상해없음,보행자,여,31세,중상
보행자사고,2021091500100302,2021년 9월 15일 13시,수요일,부산광역시 해운대구 재송동,경상사고,0,0,1,0,차대사람 - 횡단중,안전운전불이행,건조,맑음,단일로 - 기타,승용,여,23세,상해없음,보행자,여,66세,경상
보행자사고,2.02109E+15,2021년 9월 15일 14시,수요일,부산광역시 부산진구 당감동,경상사고,0,0,1,0,차대사람 - 기타,보행자보호의무위반,건조,맑음,단일로 - 기타,승용,남,70세,상해없음,보행자,여,8세,경상
보행자사고,2021091500100341,2021년 9월 15일 14시,수요일,부산광역시 사하구 괴정동,경상사고,0,0,1,0,차대사람 - 차도통행중,안전운전불이행,건조,맑음,단일로 - 기타,승용,남,53세,상해없음,보행자,여,63세,경상
보행자사고,2021091500100343,2021년 9월 15일 14시,수요일,부산광역시 연제구 거제동,중상사고,0,1,0,0,차대사람 - 기타,안전운전불이행,건조,맑음,단일로 - 기타,승용,남,73세,상해없음,보행자,여,29세,중상
보행자사고,2021091500100394,2021년 9월 15일 15시,수요일,부산광역시 수영구 광안동,경상사고,0,0,1,0,차대사람 - 기타,안전운전불이행,건조,맑음,단일로 - 기타,승합,남,72세,기타불명,보행자,여,58세,경상
보행자사고,2021091500100395,2021년 9월 15일 15시,수요일,부산광역시 동래구 명륜동,중상사고,0,1,0,0,차대사람 - 기타,안전운전불이행,건조,맑음,단일로 - 기타,특수,남,47세,상해없음,보행자,여,86세,중상
보행자사고,2021091500100396,2021년 9월 15일 15시,수요일,부산광역시 부산진구 전포동,경상사고,0,0,1,0,차대사람 - 횡단중,보행자보호의무위반,건조,맑음,교차로 - 교차로안,화물,남,32세,상해없음,보행자,여,76세,경상
보행자사고,2021091500100447,2021년 9월 15일 16시,수요일,부산광역시 수영구 광안동,경상사고,0,0,1,0,차대사람 - 보도통행중,보행자보호의무위반,건조,맑음,교차로 - 교차로횡단보도내,승용,여,58세,상해없음,보행자,남,36세,경상
보행자사고,2021091500100449,2021년 9월 15일 16시,수요일,부산광역시 금정구 장전동,중상사고,0,1,0,0,차대사람 - 보도통행중,기타,건조,맑음,단일로 - 기타,승용,남,62세,상해없음,보행자,여,42세,중상
보행자사고,2021091500100503,2021년 9월 15일 17시,수요일,부산광역시 부산진구 부전동,중상사고,0,1,0,0,차대사람 - 기타,신호위반,건조,맑음,기타 - 기타,승용,남,23세,상해없음,보행자,남,29세,중상
보행자사고,2021091500100504,2021년 9월 15일 17시,수요일,부산광역시 부산진구 부전동,경상사고,0,0,1,0,차대사람 - 횡단중,안전운전불이행,건조,맑음,단일로 - 기타,승용,여,25세,상해없음,보행자,여,20세,경상
보행자사고,2.02109E+15,2021년 9월 15일 18시,수요일,부산광역시 연제구 거제동,중상사고,0,2,0,0,차대사람 - 횡단중,보행자보호의무위반,건조,맑음,단일로 - 기타,승용,남,48세,상해없음,보행자,남,60세,중상
보행자사고,2021091500100617,2021년 9월 15일 19시,수요일,부산광역시 부산진구 부전동,중상사고,0,1,0,0,차대사람 - 기타,안전운전불이행,건조,기타,교차로 - 교차로부근,승용,여,53세,상해없음,보행자,여,60세,중상
보행자사고,2021091500100619,2021년 9월 15일 19시,수요일,부산광역시 부산진구 부전동,중상사고,0,1,0,0,차대사람 - 기타,보행자보호의무위반,건조,맑음,교차로 - 교차로안,승용,남,73세,상해없음,보행자,여,31세,중상
보행자사고,2021091500100664,2021년 9월 15일 20시,수요일,부산광역시 부산진구 부전동,경상사고,0,0,1,0,차대사람 - 기타,신호위반,건조,맑음,단일로 - 기타,승용,여,27세,상해없음,보행자,남,54세,경상
보행자사고,2021091500100696,2021년 9월 15일 21시,수요일,부산광역시 남구 대연동,경상사고,0,0,1,0,차대사람 - 기타,안전운전불이행,건조,맑음,단일로 - 기타,승용,여,32세,상해없음,보행자,남,21세,경상
보행자사고,2021091600100081,2021년 9월 16일 08시,목요일,부산광역시 기장군 정관읍,중상사고,0,1,0,0,차대사람 - 기타,기타,건조,맑음,단일로 - 기타,화물,남,57세,상해없음,보행자,남,67세,중상
보행자사고,2021091600100128,2021년 9월 16일 09시,목요일,부산광역시 사하구 괴정동,중상사고,0,1,0,0,차대사람 - 보도통행중,기타,건조,맑음,단일로 - 기타,자전거,남,36세,상해없음,보행자,여,37세,중상
보행자사고,2021091600100129,2021년 9월 16일 09시,목요일,부산광역시 기장군 기장읍,경상사고,0,0,1,0,차대사람 - 횡단중,안전운전불이행,건조,맑음,교차로 - 교차로부근,승용,여,67세,상해없음,보행자,여,69세,경상
보행자사고,2021091600100229,2021년 9월 16일 12시,목요일,부산광역시 남구 문현동,경상사고,0,0,1,0,차대사람 - 차도통행중,보행자보호의무위반,건조,맑음,교차로 - 교차로부근,승합,남,58세,상해없음,보행자,남,8세,경상
보행자사고,2021091600100231,2021년 9월 16일 12시,목요일,부산광역시 금정구 노포동,부상신고사고,0,0,0,1,차대사람 - 기타,안전운전불이행,건조,맑음,기타 - 기타,기타불명,기타불명,미분류,기타불명,보행자,여,76세,부상신고
보행자사고,2021091600100275,2021년 9월 16일 13시,목요일,부산광역시 남구 대연동,경상사고,0,0,1,0,차대사람 - 길가장자리구역통행중,안전운전불이행,건조,맑음,단일로 - 기타,화물,남,68세,상해없음,보행자,여,66세,경상
보행자사고,2021091600100315,2021년 9월 16일 14시,목요일,부산광역시 동구 초량동,경상사고,0,0,1,0,차대사람 - 기타,기타,건조,맑음,기타 - 기타,화물,남,58세,상해없음,보행자,남,60세,경상
보행자사고,2021091600100318,2021년 9월 16일 14시,목요일,부산광역시 연제구 연산동,중상사고,0,1,0,0,차대사람 - 기타,불법유턴,젖음/습기,흐림,주차장 - 주차장,승용,남,71세,상해없음,보행자,여,78세,중상
보행자사고,2021091600100365,2021년 9월 16일 15시,목요일,부산광역시 북구 화명동,중상사고,0,1,0,0,차대사람 - 기타,보행자보호의무위반,건조,맑음,교차로 - 교차로횡단보도내,승용,여,58세,상해없음,보행자,여,36세,중상
보행자사고,2021091600100557,2021년 9월 16일 19시,목요일,부산광역시 동래구 명륜동,경상사고,0,0,1,0,차대사람 - 기타,안전운전불이행,건조,맑음,교차로 - 교차로부근,기타불명,기타불명,미분류,기타불명,보행자,여,20세,경상
보행자사고,2021091700100131,2021년 9월 17일 09시,금요일,부산광역시 기장군 장안읍,중상사고,0,1,0,0,차대사람 - 보도통행중,안전운전불이행,젖음/습기,비,교차로 - 교차로부근,승용,여,39세,상해없음,보행자,여,85세,중상
보행자사고,2021091700100169,2021년 9월 17일 10시,금요일,부산광역시 사하구 다대동,중상사고,0,1,0,0,차대사람 - 횡단중,보행자보호의무위반,젖음/습기,비,단일로 - 기타,승용,여,36세,상해없음,보행자,여,86세,중상
보행자사고,2021091700100208,2021년 9월 17일 11시,금요일,부산광역시 영도구 봉래동3가,중상사고,0,1,0,0,차대사람 - 횡단중,안전운전불이행,건조,맑음,교차로 - 교차로안,승용,여,63세,상해없음,보행자,여,77세,중상
보행자사고,2021091700100361,2021년 9월 17일 14시,금요일,부산광역시 수영구 광안동,중상사고,0,1,0,0,차대사람 - 길가장자리구역통행중,기타,젖음/습기,비,교차로 - 교차로안,승용,남,71세,상해없음,보행자,여,70세,중상
보행자사고,2021091700100414,2021년 9월 17일 15시,금요일,부산광역시 사하구 하단동,중상사고,0,1,0,0,차대사람 - 기타,안전운전불이행,건조,맑음,기타 - 기타,화물,남,55세,상해없음,보행자,여,21세,중상
보행자사고,2021091700100528,2021년 9월 17일 17시,금요일,부산광역시 해운대구 중동,중상사고,0,1,0,0,차대사람 - 횡단중,신호위반,젖음/습기,비,단일로 - 기타,승용,여,73세,상해없음,보행자,여,61세,중상
보행자사고,2021091700100775,2021년 9월 17일 22시,금요일,부산광역시 부산진구 부전동,경상사고,0,0,1,0,차대사람 - 기타,안전운전불이행,건조,맑음,단일로 - 기타,승용,여,20세,상해없음,보행자,남,23세,경상
보행자사고,2021091700100776,2021년 9월 17일 22시,금요일,부산광역시 금정구 청룡동,경상사고,0,0,1,0,차대사람 - 기타,기타,건조,맑음,단일로 - 기타,승용,남,22세,상해없음,보행자,남,63세,경상
보행자사고,2021091800100086,2021년 9월 18일 09시,토요일,부산광역시 중구 남포동6가,경상사고,0,0,1,0,차대사람 - 횡단중,신호위반,건조,맑음,교차로 - 교차로횡단보도내,이륜,남,71세,상해없음,보행자,남,38세,경상
보행자사고,2021091800100131,2021년 9월 18일 10시,토요일,부산광역시 금정구 남산동,중상사고,0,1,0,0,차대사람 - 횡단중,안전운전불이행,건조,맑음,단일로 - 기타,승용,남,48세,상해없음,보행자,여,81세,중상
보행자사고,2021091800100236,2021년 9월 18일 12시,토요일,부산광역시 남구 문현동,중상사고,0,1,0,0,차대사람 - 기타,안전운전불이행,건조,맑음,기타 - 기타,승합,남,51세,상해없음,보행자,여,73세,중상
보행자사고,2021091800100339,2021년 9월 18일 14시,토요일,부산광역시 금정구 장전동,중상사고,0,1,0,0,차대사람 - 횡단중,안전운전불이행,건조,맑음,교차로 - 교차로부근,승용,남,36세,상해없음,보행자,여,81세,중상
보행자사고,2021091800100461,2021년 9월 18일 17시,토요일,부산광역시 해운대구 반여동,경상사고,0,0,1,0,차대사람 - 횡단중,기타,건조,맑음,교차로 - 교차로안,이륜,남,22세,상해없음,보행자,여,69세,경상
보행자사고,2021091900100042,2021년 9월 19일 07시,일요일,부산광역시 부산진구 개금동,중상사고,0,1,0,0,차대사람 - 기타,안전운전불이행,건조,맑음,교차로 - 교차로안,승용,남,79세,상해없음,보행자,여,50세,중상
보행자사고,2.02109E+15,2021년 9월 19일 14시,일요일,부산광역시 북구 금곡동,경상사고,0,0,1,0,차대사람 - 횡단중,안전운전불이행,건조,맑음,단일로 - 지하차도(도로)내,승용,남,54세,상해없음,보행자,여,63세,경상
보행자사고,2021091900100296,2021년 9월 19일 17시,일요일,부산광역시 동구 수정동,경상사고,0,0,1,0,차대사람 - 차도통행중,안전운전불이행,건조,맑음,단일로 - 기타,개인형이동수단(PM),여,28세,상해없음,보행자,여,29세,경상
보행자사고,2021091900100298,2021년 9월 19일 17시,일요일,부산광역시 영도구 영선동4가,중상사고,0,1,0,0,차대사람 - 횡단중,보행자보호의무위반,건조,맑음,교차로 - 교차로안,승용,남,20세,상해없음,보행자,여,5세,중상
보행자사고,2021091900100345,2021년 9월 19일 18시,일요일,부산광역시 금정구 장전동,중상사고,0,1,0,0,차대사람 - 길가장자리구역통행중,안전운전불이행,건조,맑음,단일로 - 기타,화물,남,62세,상해없음,보행자,여,22세,중상
보행자사고,2021091900100372,2021년 9월 19일 19시,일요일,부산광역시 해운대구 송정동,중상사고,0,1,0,0,차대사람 - 기타,안전운전불이행,건조,맑음,기타 - 기타,승용,남,27세,상해없음,보행자,여,69세,중상
보행자사고,2021091900100423,2021년 9월 19일 21시,일요일,부산광역시 동구 좌천동,경상사고,0,0,1,0,차대사람 - 기타,안전운전불이행,건조,맑음,단일로 - 기타,승용,여,49세,상해없음,보행자,남,62세,경상
보행자사고,2021091900100441,2021년 9월 19일 22시,일요일,부산광역시 해운대구 우동,경상사고,0,0,1,0,차대사람 - 기타,안전운전불이행,건조,맑음,교차로 - 교차로부근,승용,남,55세,상해없음,보행자,남,36세,경상
보행자사고,2.02109E+15,2021년 9월 20일 07시,월요일,부산광역시 사상구 엄궁동,중상사고,0,1,0,0,차대사람 - 차도통행중,안전운전불이행,건조,맑음,단일로 - 기타,승용,남,56세,상해없음,보행자,여,73세,중상
보행자사고,2021092000100057,2021년 9월 20일 09시,월요일,부산광역시 사상구 엄궁동,경상사고,0,0,1,0,차대사람 - 기타,안전운전불이행,건조,맑음,단일로 - 기타,자전거,남,46세,상해없음,보행자,남,34세,경상
보행자사고,2021092000100338,2021년 9월 20일 18시,월요일,부산광역시 사상구 주례동,중상사고,0,1,0,0,차대사람 - 차도통행중,안전운전불이행,건조,맑음,단일로 - 지하차도(도로)내,승용,남,46세,상해없음,보행자,남,67세,중상
보행자사고,2021092000100363,2021년 9월 20일 19시,월요일,부산광역시 금정구 장전동,중상사고,0,1,0,0,차대사람 - 횡단중,보행자보호의무위반,건조,맑음,교차로 - 교차로부근,승용,여,41세,상해없음,보행자,남,45세,중상
보행자사고,2021092000100435,2021년 9월 20일 22시,월요일,부산광역시 부산진구 연지동,중상사고,0,1,0,0,차대사람 - 차도통행중,안전운전불이행,건조,맑음,단일로 - 기타,승용,남,58세,상해없음,보행자,남,53세,중상
보행자사고,2021092100100276,2021년 9월 21일 19시,화요일,부산광역시 강서구 명지동,중상사고,0,1,0,0,차대사람 - 기타,안전운전불이행,건조,맑음,단일로 - 기타,승용,남,43세,상해없음,보행자,남,39세,중상
보행자사고,2021092100100321,2021년 9월 21일 21시,화요일,부산광역시 중구 부평동2가,경상사고,0,0,1,0,차대사람 - 기타,안전운전불이행,건조,맑음,단일로 - 기타,승용,남,26세,상해없음,보행자,여,25세,경상
보행자사고,2.02109E+15,2021년 9월 21일 22시,화요일,부산광역시 북구 화명동,경상사고,0,0,1,0,차대사람 - 횡단중,안전운전불이행,건조,흐림,교차로 - 교차로안,원동기,남,22세,상해없음,보행자,남,29세,경상
보행자사고,2.02109E+15,2021년 9월 22일 10시,수요일,부산광역시 강서구 신호동,중상사고,0,1,0,0,차대사람 - 횡단중,보행자보호의무위반,건조,맑음,단일로 - 기타,이륜,남,33세,상해없음,보행자,여,81세,중상
보행자사고,2021092200100139,2021년 9월 22일 13시,수요일,부산광역시 남구 문현동,중상사고,0,1,0,0,차대사람 - 횡단중,안전운전불이행,젖음/습기,비,교차로 - 교차로부근,승용,남,86세,상해없음,보행자,남,56세,중상
보행자사고,2021092300100017,2021년 9월 23일 04시,목요일,부산광역시 부산진구 가야동,경상사고,0,0,1,0,차대사람 - 횡단중,안전운전불이행,건조,맑음,교차로 - 교차로안,승용,여,31세,상해없음,보행자,남,90세,경상
보행자사고,2021092300100067,2021년 9월 23일 08시,목요일,부산광역시 동래구 온천동,경상사고,0,0,1,0,차대사람 - 횡단중,보행자보호의무위반,건조,맑음,단일로 - 기타,승용,남,66세,상해없음,보행자,남,14세,경상
보행자사고,2021092300100068,2021년 9월 23일 08시,목요일,부산광역시 연제구 거제동,중상사고,0,1,1,0,차대사람 - 횡단중,보행자보호의무위반,건조,맑음,교차로 - 교차로횡단보도내,승용,여,67세,상해없음,보행자,여,38세,중상
보행자사고,2021092300100143,2021년 9월 23일 10시,목요일,부산광역시 북구 구포동,중상사고,0,1,0,0,차대사람 - 기타,안전운전불이행,건조,맑음,교차로 - 교차로부근,화물,남,62세,상해없음,보행자,여,60세,중상
보행자사고,2021092300100325,2021년 9월 23일 15시,목요일,부산광역시 영도구 봉래동1가,경상사고,0,0,1,0,차대사람 - 횡단중,보행자보호의무위반,건조,맑음,단일로 - 기타,건설기계,남,57세,상해없음,보행자,남,69세,경상
보행자사고,2021092300100326,2021년 9월 23일 15시,목요일,부산광역시 사상구 주례동,경상사고,0,0,1,0,차대사람 - 차도통행중,안전운전불이행,건조,맑음,단일로 - 기타,승용,남,63세,상해없음,보행자,여,19세,경상
보행자사고,2021092300100359,2021년 9월 23일 16시,목요일,부산광역시 동래구 사직동,경상사고,0,0,1,0,차대사람 - 차도통행중,안전운전불이행,건조,맑음,단일로 - 기타,승용,여,31세,상해없음,보행자,여,55세,경상
보행자사고,2.02109E+15,2021년 9월 23일 16시,목요일,부산광역시 사상구 감전동,중상사고,0,1,0,0,차대사람 - 기타,보행자보호의무위반,건조,맑음,교차로 - 교차로안,화물,남,71세,상해없음,보행자,남,64세,중상
보행자사고,2021092300100404,2021년 9월 23일 17시,목요일,부산광역시 영도구 대교동1가,부상신고사고,0,0,0,1,차대사람 - 기타,안전운전불이행,건조,맑음,단일로 - 기타,기타불명,기타불명,미분류,기타불명,보행자,남,59세,부상신고
보행자사고,2021092300100405,2021년 9월 23일 17시,목요일,부산광역시 금정구 두구동,경상사고,0,0,1,0,차대사람 - 기타,기타,건조,맑음,단일로 - 기타,승합,남,66세,상해없음,보행자,남,29세,경상
보행자사고,2021092300100445,2021년 9월 23일 18시,목요일,부산광역시 동래구 온천동,중상사고,0,1,0,0,차대사람 - 횡단중,신호위반,건조,맑음,단일로 - 기타,승용,여,60세,상해없음,보행자,남,63세,중상
보행자사고,2021092300100446,2021년 9월 23일 18시,목요일,부산광역시 부산진구 부전동,경상사고,0,0,1,0,차대사람 - 기타,안전운전불이행,건조,맑음,단일로 - 기타,승용,남,20세,상해없음,보행자,남,23세,경상
보행자사고,2021092300100497,2021년 9월 23일 19시,목요일,부산광역시 금정구 서동,중상사고,0,1,0,0,차대사람 - 기타,교차로운행방법위반,건조,맑음,교차로 - 교차로안,승용,남,68세,상해없음,보행자,여,60세,중상
보행자사고,2021092300100601,2021년 9월 23일 23시,목요일,부산광역시 중구 남포동1가,부상신고사고,0,0,0,1,차대사람 - 기타,안전운전불이행,건조,맑음,단일로 - 기타,기타불명,기타불명,미분류,기타불명,보행자,남,76세,부상신고
보행자사고,2021092400100129,2021년 9월 24일 10시,금요일,부산광역시 해운대구 반여동,경상사고,0,0,1,0,차대사람 - 횡단중,안전운전불이행,건조,맑음,교차로 - 교차로횡단보도내,승용,남,81세,상해없음,보행자,여,8세,경상
보행자사고,2021092400100195,2021년 9월 24일 12시,금요일,부산광역시 서구 남부민동,경상사고,0,0,1,0,차대사람 - 기타,기타,건조,맑음,단일로 - 기타,원동기,남,71세,상해없음,보행자,남,41세,경상
보행자사고,2021092400100261,2021년 9월 24일 14시,금요일,부산광역시 수영구 광안동,중상사고,0,1,0,0,차대사람 - 길가장자리구역통행중,안전운전불이행,건조,맑음,단일로 - 기타,승용,여,44세,상해없음,보행자,여,69세,중상
보행자사고,2021092400100264,2021년 9월 24일 14시,금요일,부산광역시 사상구 삼락동,경상사고,0,0,1,0,차대사람 - 기타,기타,건조,맑음,단일로 - 기타,화물,남,29세,기타불명,보행자,여,47세,경상
보행자사고,2021092400100302,2021년 9월 24일 15시,금요일,부산광역시 수영구 남천동,경상사고,0,0,1,0,차대사람 - 기타,안전운전불이행,건조,맑음,기타 - 기타,자전거,여,68세,상해없음,보행자,여,48세,경상
보행자사고,2021092400100334,2021년 9월 24일 16시,금요일,부산광역시 수영구 광안동,중상사고,0,1,0,0,차대사람 - 길가장자리구역통행중,안전운전불이행,건조,맑음,단일로 - 기타,자전거,남,39세,상해없음,보행자,여,65세,중상
보행자사고,2021092400100384,2021년 9월 24일 17시,금요일,부산광역시 연제구 거제동,경상사고,0,0,1,0,차대사람 - 횡단중,안전운전불이행,건조,맑음,단일로 - 기타,승용,남,49세,상해없음,보행자,남,48세,경상
보행자사고,2.02109E+15,2021년 9월 24일 21시,금요일,부산광역시 해운대구 석대동,사망사고,1,0,0,0,차대사람 - 차도통행중,안전운전불이행,젖음/습기,맑음,단일로 - 기타,승용,남,66세,상해없음,보행자,여,68세,사망
보행자사고,2021092400100574,2021년 9월 24일 23시,금요일,부산광역시 연제구 연산동,경상사고,0,0,1,0,차대사람 - 기타,안전운전불이행,건조,맑음,단일로 - 기타,승용,남,68세,상해없음,보행자,여,25세,경상
보행자사고,2021092500100084,2021년 9월 25일 10시,토요일,부산광역시 사상구 감전동,중상사고,0,1,0,0,차대사람 - 차도통행중,안전운전불이행,건조,맑음,단일로 - 기타,자전거,여,59세,상해없음,보행자,여,78세,중상
보행자사고,2021092500100146,2021년 9월 25일 12시,토요일,부산광역시 수영구 광안동,중상사고,0,1,0,0,차대사람 - 기타,보행자보호의무위반,건조,맑음,교차로 - 교차로안,화물,남,47세,상해없음,보행자,여,75세,중상
보행자사고,2021092500100167,2021년 9월 25일 13시,토요일,부산광역시 부산진구 부전동,중상사고,0,1,1,0,차대사람 - 횡단중,신호위반,건조,맑음,교차로 - 교차로횡단보도내,승용,여,63세,상해없음,보행자,여,27세,중상
보행자사고,2021092500100198,2021년 9월 25일 14시,토요일,부산광역시 강서구 강동동,경상사고,0,0,1,0,차대사람 - 기타,안전운전불이행,건조,맑음,단일로 - 기타,승용,여,59세,상해없음,보행자,여,66세,경상
보행자사고,2021092500100241,2021년 9월 25일 15시,토요일,부산광역시 기장군 일광면,경상사고,0,0,1,0,차대사람 - 기타,안전운전불이행,건조,맑음,기타 - 기타,승용,남,79세,상해없음,보행자,여,55세,경상
보행자사고,2021092500100267,2021년 9월 25일 16시,토요일,부산광역시 동래구 안락동,중상사고,0,1,0,0,차대사람 - 횡단중,보행자보호의무위반,건조,맑음,단일로 - 기타,승용,남,43세,기타불명,보행자,여,75세,중상
보행자사고,2021092500100268,2021년 9월 25일 16시,토요일,부산광역시 부산진구 부전동,부상신고사고,0,0,0,1,차대사람 - 차도통행중,기타,건조,맑음,단일로 - 기타,승용,남,28세,상해없음,보행자,남,56세,부상신고
보행자사고,2.02109E+15,2021년 9월 25일 18시,토요일,부산광역시 서구 서대신동3가,중상사고,0,1,0,0,차대사람 - 횡단중,보행자보호의무위반,건조,맑음,교차로 - 교차로안,승용,여,34세,상해없음,보행자,여,67세,중상
보행자사고,2021092500100399,2021년 9월 25일 20시,토요일,부산광역시 부산진구 부전동,경상사고,0,0,1,0,차대사람 - 보도통행중,신호위반,건조,맑음,단일로 - 기타,이륜,남,56세,상해없음,보행자,남,30세,경상
보행자사고,2.02109E+15,2021년 9월 25일 21시,토요일,부산광역시 수영구 수영동,중상사고,0,1,0,0,차대사람 - 기타,교차로운행방법위반,건조,맑음,교차로 - 교차로안,승용,남,76세,상해없음,보행자,남,64세,중상
보행자사고,2021092600100024,2021년 9월 26일 04시,일요일,부산광역시 사상구 괘법동,경상사고,0,0,2,0,차대사람 - 기타,안전운전불이행,건조,맑음,단일로 - 기타,이륜,남,22세,상해없음,보행자,여,66세,경상
보행자사고,2.02109E+15,2021년 9월 26일 05시,일요일,부산광역시 해운대구 우동,경상사고,0,0,1,0,차대사람 - 횡단중,안전운전불이행,건조,맑음,단일로 - 기타,승용,남,20세,상해없음,보행자,여,69세,경상
보행자사고,2.02109E+15,2021년 9월 26일 11시,일요일,부산광역시 사하구 하단동,중상사고,0,1,0,0,차대사람 - 횡단중,안전운전불이행,건조,맑음,교차로 - 교차로횡단보도내,승용,남,67세,상해없음,보행자,남,15세,중상
보행자사고,2021092600100116,2021년 9월 26일 12시,일요일,부산광역시 사하구 감천동,중상사고,0,1,0,0,차대사람 - 보도통행중,기타,건조,맑음,단일로 - 기타,승용,여,30세,상해없음,보행자,여,58세,중상
보행자사고,2021092600100202,2021년 9월 26일 15시,일요일,부산광역시 영도구 동삼동,중상사고,0,1,1,0,차대사람 - 보도통행중,안전운전불이행,건조,맑음,단일로 - 기타,승용,남,59세,상해없음,보행자,남,37세,중상