사고부문,사고번호,사고일시,요일,시군구,사고내용,사망자수,중상자수,경상자수,부상신고자수,사고유형,법규위반,노면상태,기상상태,도로형태,가해운전자 차종,가해운전자 성별,가해운전자 연령,가해운전자 상해정도,피해운전자 차종,피해운전자 성별,피해운전자 연령,피해운전자 상해정도
보행자사고,2021092600100234,2021년 9월 26일 16시,일요일,부산광역시 사상구 모라동,중상사고,0,1,0,0,차대사람 - 횡단중,안전운전불이행,건조,맑음,교차로 - 교차로부근,승용,남,38세,상해없음,보행자,여,62세,중상
보행자사고,2021092600100325,2021년 9월 26일 19시,일요일,부산광역시 사하구 하단동,경상사고,0,0,1,0,차대사람 - 기타,안전운전불이행,건조,맑음,기타 - 기타,승용,남,42세,상해없음,보행자,남,30세,경상
보행자사고,2021092600100385,2021년 9월 26일 22시,일요일,부산광역시 부산진구 부전동,경상사고,0,0,1,0,차대사람 - 기타,기타,건조,맑음,단일로 - 기타,승용,남,22세,상해없음,보행자,남,21세,경상
보행자사고,2.02109E+15,2021년 9월 27일 05시,월요일,부산광역시 해운대구 좌동,경상사고,0,0,1,0,차대사람 - 횡단중,신호위반,건조,흐림,교차로 - 교차로횡단보도내,승용,남,31세,상해없음,보행자,남,72세,경상
보행자사고,2.02109E+15,2021년 9월 27일 10시,월요일,부산광역시 강서구 대저1동,중상사고,0,1,0,0,차대사람 - 기타,중앙선침범,건조,맑음,단일로 - 기타,화물,남,60세,상해없음,보행자,여,87세,중상
보행자사고,2021092700100163,2021년 9월 27일 11시,월요일,부산광역시 영도구 봉래동3가,중상사고,0,1,0,0,차대사람 - 기타,안전운전불이행,건조,맑음,단일로 - 기타,승용,남,63세,상해없음,보행자,여,78세,중상
보행자사고,2021092700100205,2021년 9월 27일 12시,월요일,부산광역시 부산진구 초읍동,경상사고,0,0,1,0,차대사람 - 횡단중,보행자보호의무위반,건조,맑음,단일로 - 기타,승용,여,37세,상해없음,보행자,여,72세,경상
보행자사고,2021092700100296,2021년 9월 27일 15시,월요일,부산광역시 부산진구 전포동,중상사고,0,1,0,0,차대사람 - 횡단중,신호위반,건조,맑음,교차로 - 교차로횡단보도내,이륜,남,24세,상해없음,보행자,남,26세,중상
보행자사고,2021092700100364,2021년 9월 27일 17시,월요일,부산광역시 북구 화명동,경상사고,0,0,2,0,차대사람 - 횡단중,보행자보호의무위반,건조,맑음,기타 - 기타,승용,남,44세,상해없음,보행자,여,54세,경상
보행자사고,2021092700100365,2021년 9월 27일 17시,월요일,부산광역시 사하구 신평동,경상사고,0,0,1,0,차대사람 - 기타,안전운전불이행,건조,맑음,교차로 - 교차로안,승합,남,58세,상해없음,보행자,여,17세,경상
보행자사고,2021092700100485,2021년 9월 27일 20시,월요일,부산광역시 남구 문현동,중상사고,0,1,0,0,차대사람 - 보도통행중,보행자보호의무위반,건조,맑음,교차로 - 교차로안,승용,남,56세,상해없음,보행자,남,32세,중상
보행자사고,2021092700100487,2021년 9월 27일 20시,월요일,부산광역시 연제구 연산동,중상사고,0,1,0,0,차대사람 - 차도통행중,안전운전불이행,건조,맑음,기타 - 기타,자전거,남,18세,상해없음,보행자,여,58세,중상
보행자사고,2021092800100103,2021년 9월 28일 09시,화요일,부산광역시 동래구 수안동,경상사고,0,0,1,0,차대사람 - 보도통행중,안전운전불이행,건조,맑음,단일로 - 기타,승용,여,52세,상해없음,보행자,여,30세,경상
보행자사고,2021092800100253,2021년 9월 28일 14시,화요일,부산광역시 금정구 구서동,중상사고,0,1,0,0,차대사람 - 기타,보행자보호의무위반,건조,맑음,교차로 - 교차로부근,승용,남,81세,상해없음,보행자,남,35세,중상
보행자사고,2021092800100254,2021년 9월 28일 14시,화요일,부산광역시 사상구 엄궁동,사망사고,1,0,0,0,차대사람 - 기타,안전운전불이행,건조,맑음,교차로 - 교차로부근,승용,남,63세,상해없음,보행자,남,77세,사망
보행자사고,2021092800100391,2021년 9월 28일 18시,화요일,부산광역시 기장군 기장읍,중상사고,0,1,0,0,차대사람 - 횡단중,안전운전불이행,건조,맑음,교차로 - 교차로횡단보도내,승용,남,53세,상해없음,보행자,남,60세,중상
보행자사고,2021092800100539,2021년 9월 28일 21시,화요일,부산광역시 부산진구 범전동,부상신고사고,0,0,0,1,차대사람 - 기타,기타,기타,기타,단일로 - 기타,기타불명,기타불명,미분류,기타불명,보행자,여,55세,부상신고
보행자사고,2.02109E+15,2021년 9월 28일 21시,화요일,부산광역시 금정구 부곡동,부상신고사고,0,0,0,1,차대사람 - 차도통행중,교차로운행방법위반,건조,맑음,교차로 - 교차로안,승용,남,70세,상해없음,보행자,남,49세,부상신고
보행자사고,2021092800100609,2021년 9월 28일 23시,화요일,부산광역시 사상구 감전동,중상사고,0,1,0,0,차대사람 - 횡단중,안전운전불이행,건조,맑음,교차로 - 교차로횡단보도내,승용,남,33세,상해없음,보행자,남,61세,중상
보행자사고,2021092900100017,2021년 9월 29일 02시,수요일,부산광역시 금정구 구서동,경상사고,0,0,1,0,차대사람 - 기타,안전운전불이행,건조,맑음,교차로 - 교차로부근,승용,남,25세,상해없음,보행자,여,19세,경상
보행자사고,2021092900100175,2021년 9월 29일 11시,수요일,부산광역시 동구 초량동,중상사고,0,1,1,0,차대사람 - 기타,기타,건조,맑음,기타 - 기타,승용,남,81세,상해없음,보행자,여,84세,중상
보행자사고,2021092900100207,2021년 9월 29일 12시,수요일,부산광역시 중구 남포동4가,중상사고,0,1,0,0,차대사람 - 횡단중,안전운전불이행,건조,맑음,단일로 - 지하차도(도로)내,승용,여,33세,상해없음,보행자,여,71세,중상
보행자사고,2021092900100374,2021년 9월 29일 17시,수요일,부산광역시 기장군 정관읍,경상사고,0,0,1,0,차대사람 - 기타,신호위반,건조,맑음,단일로 - 기타,이륜,남,44세,상해없음,보행자,남,34세,경상
보행자사고,2021092900100557,2021년 9월 29일 21시,수요일,부산광역시 동래구 온천동,경상사고,0,0,1,0,차대사람 - 기타,안전운전불이행,젖음/습기,비,단일로 - 기타,승용,여,62세,상해없음,보행자,남,58세,경상
보행자사고,2021092900100628,2021년 9월 29일 23시,수요일,부산광역시 남구 대연동,경상사고,0,0,1,0,차대사람 - 횡단중,보행자보호의무위반,건조,맑음,교차로 - 교차로안,승용,여,27세,상해없음,보행자,여,30세,경상
보행자사고,2021093000100061,2021년 9월 30일 07시,목요일,부산광역시 해운대구 반여동,경상사고,0,0,1,0,차대사람 - 기타,보행자보호의무위반,건조,맑음,단일로 - 기타,승용,여,37세,상해없음,보행자,남,15세,경상
보행자사고,2021093000100092,2021년 9월 30일 08시,목요일,부산광역시 동구 범일동,경상사고,0,0,1,0,차대사람 - 기타,안전운전불이행,건조,맑음,단일로 - 기타,승용,남,32세,상해없음,보행자,남,31세,경상
보행자사고,2021093000100135,2021년 9월 30일 09시,목요일,부산광역시 북구 덕천동,중상사고,0,1,0,0,차대사람 - 횡단중,보행자보호의무위반,건조,맑음,교차로 - 교차로횡단보도내,승합,남,68세,상해없음,보행자,여,63세,중상
보행자사고,2021093000100189,2021년 9월 30일 11시,목요일,부산광역시 중구 중앙동2가,경상사고,0,0,1,0,차대사람 - 기타,안전운전불이행,건조,맑음,교차로 - 교차로부근,승용,여,52세,상해없음,보행자,남,62세,경상
보행자사고,2021093000100267,2021년 9월 30일 13시,목요일,부산광역시 금정구 장전동,경상사고,0,0,1,0,차대사람 - 차도통행중,보행자보호의무위반,건조,맑음,단일로 - 기타,승용,남,30세,상해없음,보행자,남,83세,경상
보행자사고,2021093000100302,2021년 9월 30일 14시,목요일,부산광역시 금정구 부곡동,중상사고,0,1,0,0,차대사람 - 횡단중,보행자보호의무위반,건조,맑음,교차로 - 교차로횡단보도내,승합,남,64세,상해없음,보행자,여,67세,중상
보행자사고,2021093000100385,2021년 9월 30일 16시,목요일,부산광역시 남구 문현동,경상사고,0,0,1,0,차대사람 - 기타,안전운전불이행,건조,맑음,단일로 - 기타,승용,남,62세,상해없음,보행자,남,18세,경상
보행자사고,2021093000100387,2021년 9월 30일 16시,목요일,부산광역시 동래구 온천동,경상사고,0,0,1,0,차대사람 - 차도통행중,안전운전불이행,건조,맑음,단일로 - 기타,화물,남,37세,상해없음,보행자,남,17세,경상
보행자사고,2021093000100389,2021년 9월 30일 16시,목요일,부산광역시 기장군 정관읍,경상사고,0,0,1,0,차대사람 - 횡단중,신호위반,건조,맑음,교차로 - 교차로안,이륜,남,45세,상해없음,보행자,여,7세,경상
보행자사고,2021093000100436,2021년 9월 30일 17시,목요일,부산광역시 서구 부민동3가,중상사고,0,1,0,0,차대사람 - 횡단중,안전운전불이행,건조,맑음,단일로 - 기타,승용,남,71세,상해없음,보행자,여,8세,중상
보행자사고,2021093000100439,2021년 9월 30일 17시,목요일,부산광역시 영도구 청학동,경상사고,0,0,1,0,차대사람 - 횡단중,보행자보호의무위반,건조,맑음,단일로 - 기타,승용,남,52세,상해없음,보행자,남,76세,경상
보행자사고,2021093000100501,2021년 9월 30일 18시,목요일,부산광역시 사상구 감전동,경상사고,0,0,1,0,차대사람 - 차도통행중,안전운전불이행,건조,맑음,단일로 - 기타,승용,남,30세,상해없음,보행자,여,37세,경상
보행자사고,2021093000100551,2021년 9월 30일 19시,목요일,부산광역시 해운대구 우동,부상신고사고,0,0,0,1,차대사람 - 횡단중,보행자보호의무위반,건조,맑음,단일로 - 기타,이륜,남,30세,상해없음,보행자,남,60세,부상신고
보행자사고,2.0211E+15,2021년 10월 1일 07시,금요일,부산광역시 연제구 연산동,중상사고,0,1,0,0,차대사람 - 기타,안전운전불이행,건조,맑음,단일로 - 기타,승용,여,37세,상해없음,보행자,남,66세,중상
보행자사고,2021100100100152,2021년 10월 1일 10시,금요일,부산광역시 연제구 연산동,경상사고,0,0,1,0,차대사람 - 기타,안전운전불이행,건조,맑음,단일로 - 기타,승합,남,55세,상해없음,보행자,남,69세,경상
보행자사고,2021100100100182,2021년 10월 1일 11시,금요일,부산광역시 중구 남포동5가,경상사고,0,0,1,0,차대사람 - 차도통행중,안전운전불이행,건조,맑음,교차로 - 교차로안,화물,남,58세,상해없음,보행자,남,53세,경상
보행자사고,2021100100100185,2021년 10월 1일 11시,금요일,부산광역시 해운대구 반송동,중상사고,0,1,0,0,차대사람 - 기타,안전운전불이행,건조,맑음,단일로 - 기타,승용,남,37세,상해없음,보행자,남,36세,중상
보행자사고,2021100100100221,2021년 10월 1일 12시,금요일,부산광역시 사하구 당리동,중상사고,0,1,0,0,차대사람 - 차도통행중,안전운전불이행,건조,맑음,단일로 - 기타,승용,여,60세,상해없음,보행자,여,48세,중상
보행자사고,2021100100100394,2021년 10월 1일 16시,금요일,부산광역시 해운대구 좌동,경상사고,0,0,1,0,차대사람 - 기타,안전운전불이행,건조,맑음,교차로 - 교차로부근,이륜,남,29세,상해없음,보행자,남,38세,경상
보행자사고,2021100100100481,2021년 10월 1일 18시,금요일,부산광역시 수영구 광안동,중상사고,0,1,0,0,차대사람 - 횡단중,보행자보호의무위반,건조,맑음,교차로 - 교차로안,승용,남,58세,상해없음,보행자,남,72세,중상
보행자사고,2021100100100482,2021년 10월 1일 18시,금요일,부산광역시 금정구 부곡동,중상사고,0,1,0,0,차대사람 - 횡단중,안전운전불이행,건조,맑음,단일로 - 기타,승용,남,41세,상해없음,보행자,남,67세,중상
보행자사고,2021100100100555,2021년 10월 1일 19시,금요일,부산광역시 금정구 청룡동,중상사고,0,1,0,0,차대사람 - 횡단중,보행자보호의무위반,건조,맑음,교차로 - 교차로횡단보도내,승용,남,42세,상해없음,보행자,여,60세,중상
보행자사고,2021100100100556,2021년 10월 1일 19시,금요일,부산광역시 금정구 장전동,부상신고사고,0,0,0,1,차대사람 - 횡단중,안전운전불이행,건조,맑음,교차로 - 교차로부근,승용,남,68세,상해없음,보행자,남,26세,부상신고
보행자사고,2021100200100004,2021년 10월 2일 00시,토요일,부산광역시 부산진구 부전동,부상신고사고,0,0,0,1,차대사람 - 기타,안전운전불이행,건조,맑음,단일로 - 기타,기타불명,남,미분류,상해없음,보행자,남,41세,부상신고
보행자사고,2021100200100088,2021년 10월 2일 09시,토요일,부산광역시 동래구 온천동,중상사고,0,1,1,0,차대차 - 기타,기타,건조,맑음,교차로 - 교차로안,승용,남,42세,상해없음,승용,남,66세,경상
보행자사고,2021100200100159,2021년 10월 2일 11시,토요일,부산광역시 금정구 장전동,중상사고,0,1,0,0,차대사람 - 횡단중,보행자보호의무위반,건조,맑음,교차로 - 교차로횡단보도내,승용,여,60세,상해없음,보행자,여,74세,중상
보행자사고,2.0211E+15,2021년 10월 2일 12시,토요일,부산광역시 동구 수정동,부상신고사고,0,0,0,1,차대사람 - 기타,보행자보호의무위반,건조,맑음,단일로 - 기타,승용,남,57세,상해없음,보행자,남,61세,부상신고
보행자사고,2021100200100249,2021년 10월 2일 13시,토요일,부산광역시 영도구 영선동2가,경상사고,0,0,1,0,차대사람 - 기타,안전운전불이행,건조,맑음,단일로 - 기타,승용,남,43세,상해없음,보행자,여,65세,경상
보행자사고,2021100200100287,2021년 10월 2일 14시,토요일,부산광역시 사하구 장림동,경상사고,0,0,1,0,차대사람 - 횡단중,신호위반,건조,맑음,단일로 - 기타,승용,여,58세,상해없음,보행자,남,10세,경상
보행자사고,2021100200100413,2021년 10월 2일 17시,토요일,부산광역시 금정구 노포동,중상사고,0,1,0,0,차대사람 - 횡단중,안전운전불이행,건조,맑음,단일로 - 기타,승용,남,50세,상해없음,보행자,남,78세,중상
보행자사고,2021100200100502,2021년 10월 2일 19시,토요일,부산광역시 해운대구 재송동,중상사고,0,1,0,0,차대사람 - 기타,안전운전불이행,건조,맑음,단일로 - 기타,승용,남,32세,상해없음,보행자,남,66세,중상
보행자사고,2021100200100505,2021년 10월 2일 19시,토요일,부산광역시 사상구 감전동,경상사고,0,0,1,0,차대사람 - 기타,안전운전불이행,건조,맑음,교차로 - 교차로부근,승용,남,80세,상해없음,보행자,남,66세,경상
보행자사고,2.0211E+15,2021년 10월 2일 21시,토요일,부산광역시 사상구 괘법동,중상사고,0,1,0,0,차대사람 - 기타,안전운전불이행,건조,맑음,교차로 - 교차로부근,이륜,남,17세,상해없음,보행자,남,58세,중상
보행자사고,2021100200100589,2021년 10월 2일 22시,토요일,부산광역시 서구 충무동1가,중상사고,0,1,0,0,차대사람 - 길가장자리구역통행중,안전운전불이행,건조,맑음,단일로 - 기타,승용,남,30세,상해없음,보행자,남,53세,중상
보행자사고,2021100200100591,2021년 10월 2일 22시,토요일,부산광역시 영도구 동삼동,중상사고,0,1,0,0,차대사람 - 횡단중,안전운전불이행,건조,맑음,단일로 - 기타,승합,남,62세,상해없음,보행자,여,23세,중상
보행자사고,2021100300100004,2021년 10월 3일 00시,일요일,부산광역시 부산진구 부암동,중상사고,0,1,0,0,차대사람 - 기타,안전운전불이행,건조,맑음,교차로 - 교차로안,화물,남,65세,기타불명,보행자,여,54세,중상
보행자사고,2.0211E+15,2021년 10월 3일 06시,일요일,부산광역시 금정구 구서동,중상사고,0,1,0,0,차대사람 - 횡단중,안전운전불이행,건조,맑음,교차로 - 교차로안,승용,남,58세,기타불명,보행자,남,28세,중상
보행자사고,2021100300100065,2021년 10월 3일 09시,일요일,부산광역시 북구 금곡동,중상사고,0,1,1,0,차대차 - 측면충돌,안전거리미확보,건조,맑음,단일로 - 기타,승용,여,28세,상해없음,이륜,남,28세,경상
보행자사고,2021100300100213,2021년 10월 3일 14시,일요일,부산광역시 중구 부평동1가,경상사고,0,0,1,0,차대사람 - 기타,안전운전불이행,건조,맑음,단일로 - 기타,승용,남,61세,상해없음,보행자,여,52세,경상
보행자사고,2021100300100257,2021년 10월 3일 15시,일요일,부산광역시 사하구 괴정동,중상사고,0,1,0,1,차대사람 - 기타,안전운전불이행,건조,맑음,단일로 - 기타,자전거,남,64세,부상신고,보행자,여,78세,중상
보행자사고,2021100300100354,2021년 10월 3일 18시,일요일,부산광역시 수영구 망미동,경상사고,0,0,1,0,차대사람 - 기타,안전운전불이행,건조,맑음,단일로 - 기타,개인형이동수단(PM),남,24세,상해없음,보행자,여,15세,경상
보행자사고,2021100300100438,2021년 10월 3일 20시,일요일,부산광역시 해운대구 송정동,경상사고,0,0,1,0,차대사람 - 보도통행중,기타,건조,맑음,기타 - 기타,승용,남,61세,상해없음,보행자,남,8세,경상
보행자사고,2021100400100043,2021년 10월 4일 07시,월요일,부산광역시 서구 남부민동,경상사고,0,0,1,0,차대사람 - 기타,안전운전불이행,건조,맑음,기타 - 기타,화물,남,59세,기타불명,보행자,남,46세,경상
보행자사고,2.0211E+15,2021년 10월 4일 09시,월요일,부산광역시 사하구 감천동,중상사고,0,1,0,0,차대사람 - 길가장자리구역통행중,안전운전불이행,건조,맑음,기타 - 기타,승용,남,47세,상해없음,보행자,여,72세,중상
보행자사고,2021100400100098,2021년 10월 4일 10시,월요일,부산광역시 중구 남포동4가,경상사고,0,0,1,0,차대사람 - 기타,안전운전불이행,건조,맑음,단일로 - 기타,승용,여,55세,상해없음,보행자,여,80세,경상
보행자사고,2021100400100099,2021년 10월 4일 10시,월요일,부산광역시 동래구 안락동,경상사고,0,0,2,0,차대사람 - 보도통행중,보행자보호의무위반,건조,맑음,교차로 - 교차로횡단보도내,승용,여,54세,상해없음,보행자,여,29세,경상
보행자사고,2021100400100201,2021년 10월 4일 14시,월요일,부산광역시 부산진구 개금동,중상사고,0,1,0,0,차대사람 - 횡단중,안전운전불이행,건조,맑음,단일로 - 기타,원동기,남,42세,상해없음,보행자,여,76세,중상
보행자사고,2021100400100267,2021년 10월 4일 16시,월요일,부산광역시 수영구 광안동,중상사고,0,1,0,0,차대사람 - 기타,안전운전불이행,건조,맑음,기타 - 기타,승합,남,33세,상해없음,보행자,여,69세,중상
보행자사고,2021100400100268,2021년 10월 4일 16시,월요일,부산광역시 사하구 장림동,경상사고,0,0,1,0,차대사람 - 횡단중,보행자보호의무위반,건조,맑음,교차로 - 교차로횡단보도내,개인형이동수단(PM),남,34세,상해없음,보행자,여,60세,경상
보행자사고,2021100400100473,2021년 10월 4일 22시,월요일,부산광역시 해운대구 우동,경상사고,0,0,1,0,차대사람 - 기타,안전운전불이행,건조,맑음,단일로 - 기타,승용,남,27세,상해없음,보행자,남,46세,경상
보행자사고,2021100500100036,2021년 10월 5일 07시,화요일,부산광역시 기장군 철마면,중상사고,0,1,0,0,차대사람 - 횡단중,안전운전불이행,건조,맑음,단일로 - 기타,승용,남,59세,상해없음,보행자,여,35세,중상
보행자사고,2021100500100144,2021년 10월 5일 10시,화요일,부산광역시 연제구 연산동,중상사고,0,1,0,0,차대사람 - 차도통행중,안전운전불이행,건조,맑음,단일로 - 기타,승용,여,56세,상해없음,보행자,여,59세,중상
보행자사고,2021100500100221,2021년 10월 5일 12시,화요일,부산광역시 부산진구 부전동,경상사고,0,0,1,0,차대사람 - 차도통행중,안전운전불이행,건조,맑음,단일로 - 기타,승용,여,53세,상해없음,보행자,남,79세,경상
보행자사고,2.0211E+15,2021년 10월 5일 13시,화요일,부산광역시 금정구 부곡동,중상사고,0,1,0,0,차대사람 - 횡단중,안전운전불이행,건조,맑음,교차로 - 교차로안,승용,남,42세,상해없음,보행자,여,71세,중상
보행자사고,2021100500100381,2021년 10월 5일 16시,화요일,부산광역시 사상구 엄궁동,중상사고,0,1,0,0,차대사람 - 기타,보행자보호의무위반,건조,맑음,단일로 - 기타,승용,남,61세,상해없음,보행자,여,8세,중상
보행자사고,2021100500100651,2021년 10월 5일 23시,화요일,부산광역시 북구 만덕동,경상사고,0,0,1,0,차대사람 - 보도통행중,보행자보호의무위반,건조,맑음,교차로 - 교차로부근,승용,남,63세,상해없음,보행자,남,14세,경상
보행자사고,2021100600100033,2021년 10월 6일 06시,수요일,부산광역시 남구 우암동,중상사고,0,1,0,0,차대사람 - 차도통행중,안전운전불이행,건조,맑음,단일로 - 기타,승용,남,67세,상해없음,보행자,여,70세,중상
보행자사고,2021100600100281,2021년 10월 6일 14시,수요일,부산광역시 사상구 주례동,중상사고,0,1,0,0,차대사람 - 횡단중,안전운전불이행,건조,맑음,교차로 - 교차로횡단보도내,승용,남,52세,기타불명,보행자,여,77세,중상
보행자사고,2021100600100312,2021년 10월 6일 15시,수요일,부산광역시 사상구 괘법동,중상사고,0,1,0,0,차대사람 - 차도통행중,안전운전불이행,건조,맑음,교차로 - 교차로부근,승용,남,45세,기타불명,보행자,여,79세,중상
보행자사고,2021100600100397,2021년 10월 6일 17시,수요일,부산광역시 영도구 남항동2가,중상사고,0,1,0,0,차대사람 - 보도통행중,안전운전불이행,건조,맑음,단일로 - 기타,승용,남,44세,상해없음,보행자,여,69세,중상
보행자사고,2021100600100482,2021년 10월 6일 19시,수요일,부산광역시 북구 덕천동,경상사고,0,0,1,0,차대사람 - 기타,안전운전불이행,건조,맑음,단일로 - 기타,화물,남,62세,상해없음,보행자,남,42세,경상
보행자사고,2021100700100047,2021년 10월 7일 07시,목요일,부산광역시 수영구 광안동,경상사고,0,0,1,0,차대사람 - 기타,안전운전불이행,건조,맑음,교차로 - 교차로안,승용,남,71세,상해없음,보행자,남,19세,경상
보행자사고,2021100700100084,2021년 10월 7일 08시,목요일,부산광역시 연제구 연산동,경상사고,0,0,1,0,차대사람 - 차도통행중,안전운전불이행,건조,맑음,단일로 - 기타,승용,여,23세,상해없음,보행자,여,34세,경상
보행자사고,2021100700100182,2021년 10월 7일 11시,목요일,부산광역시 동구 초량동,중상사고,0,1,0,0,차대사람 - 기타,기타,건조,맑음,기타 - 기타,화물,남,54세,상해없음,보행자,여,72세,중상
보행자사고,2021100700100248,2021년 10월 7일 13시,목요일,부산광역시 사상구 모라동,경상사고,0,0,1,0,차대사람 - 횡단중,보행자보호의무위반,건조,맑음,교차로 - 교차로부근,화물,남,35세,상해없음,보행자,남,67세,경상
보행자사고,2021100700100316,2021년 10월 7일 15시,목요일,부산광역시 북구 덕천동,경상사고,0,0,1,0,차대사람 - 기타,안전운전불이행,건조,맑음,교차로 - 교차로안,승용,남,42세,상해없음,보행자,여,57세,경상
보행자사고,2021100700100351,2021년 10월 7일 16시,목요일,부산광역시 서구 서대신동2가,경상사고,0,0,1,0,차대사람 - 횡단중,신호위반,건조,맑음,교차로 - 교차로횡단보도내,승용,여,57세,상해없음,보행자,여,10세,경상
보행자사고,2021100800100071,2021년 10월 8일 08시,금요일,부산광역시 남구 우암동,경상사고,0,0,1,0,차대사람 - 기타,안전운전불이행,건조,맑음,단일로 - 기타,화물,남,53세,상해없음,보행자,여,81세,경상
보행자사고,2021100800100144,2021년 10월 8일 10시,금요일,부산광역시 남구 감만동,경상사고,0,0,1,0,차대사람 - 보도통행중,안전운전불이행,건조,맑음,단일로 - 기타,승용,남,67세,상해없음,보행자,남,32세,경상
보행자사고,2021100800100215,2021년 10월 8일 12시,금요일,부산광역시 수영구 광안동,사망사고,1,0,0,0,차대사람 - 차도통행중,기타,건조,맑음,단일로 - 기타,승용,여,31세,상해없음,보행자,남,71세,사망
보행자사고,2021100800100216,2021년 10월 8일 12시,금요일,부산광역시 강서구 명지동,경상사고,0,0,1,0,차대사람 - 횡단중,보행자보호의무위반,건조,맑음,단일로 - 기타,승용,남,47세,상해없음,보행자,남,8세,경상
보행자사고,2021100800100295,2021년 10월 8일 14시,금요일,부산광역시 중구 남포동5가,중상사고,0,1,0,0,차대사람 - 횡단중,안전운전불이행,건조,맑음,교차로 - 교차로안,승용,여,36세,상해없음,보행자,여,64세,중상
보행자사고,2021100800100366,2021년 10월 8일 16시,금요일,부산광역시 수영구 광안동,경상사고,0,0,1,0,차대사람 - 보도통행중,기타,건조,맑음,기타 - 기타,이륜,남,미분류,기타불명,보행자,남,32세,경상
보행자사고,2021100800100369,2021년 10월 8일 16시,금요일,부산광역시 연제구 연산동,중상사고,0,1,0,0,차대사람 - 기타,안전운전불이행,건조,흐림,기타 - 기타,승용,여,48세,상해없음,보행자,여,54세,중상
보행자사고,2.0211E+15,2021년 10월 8일 16시,금요일,부산광역시 강서구 대저2동,경상사고,0,0,1,0,차대사람 - 기타,안전운전불이행,건조,맑음,단일로 - 기타,승용,남,80세,상해없음,보행자,남,51세,경상
보행자사고,2021100800100464,2021년 10월 8일 18시,금요일,부산광역시 부산진구 가야동,경상사고,0,0,1,0,차대사람 - 횡단중,보행자보호의무위반,건조,맑음,교차로 - 교차로횡단보도내,승용,남,49세,상해없음,보행자,남,21세,경상
보행자사고,2021100800100603,2021년 10월 8일 20시,금요일,부산광역시 부산진구 부전동,경상사고,0,0,1,0,차대사람 - 횡단중,보행자보호의무위반,건조,맑음,교차로 - 교차로횡단보도내,이륜,남,25세,상해없음,보행자,남,31세,경상
보행자사고,2021100800100699,2021년 10월 8일 23시,금요일,부산광역시 동구 초량동,경상사고,0,0,1,0,차대사람 - 기타,기타,건조,맑음,단일로 - 기타,승용,남,58세,상해없음,보행자,여,27세,경상
보행자사고,2021100900100016,2021년 10월 9일 02시,토요일,부산광역시 사상구 학장동,사망사고,1,0,0,0,차대사람 - 기타,안전운전불이행,건조,맑음,단일로 - 기타,승용,남,27세,상해없음,보행자,남,41세,사망
보행자사고,2021100900100105,2021년 10월 9일 11시,토요일,부산광역시 부산진구 범천동,경상사고,0,0,1,0,차대사람 - 기타,안전운전불이행,젖음/습기,비,단일로 - 기타,화물,남,52세,상해없음,보행자,남,81세,경상
보행자사고,2021100900100252,2021년 10월 9일 15시,토요일,부산광역시 영도구 신선동2가,중상사고,0,1,0,0,차대사람 - 횡단중,안전운전불이행,건조,맑음,교차로 - 교차로안,승용,남,64세,상해없음,보행자,여,69세,중상
보행자사고,2021100900100253,2021년 10월 9일 15시,토요일,부산광역시 사하구 괴정동,경상사고,0,0,1,0,차대사람 - 기타,안전운전불이행,건조,맑음,단일로 - 기타,승용,여,66세,상해없음,보행자,남,68세,경상
보행자사고,2.0211E+15,2021년 10월 9일 19시,토요일,부산광역시 부산진구 부전동,중상사고,0,1,0,0,차대사람 - 길가장자리구역통행중,안전운전불이행,건조,맑음,단일로 - 기타,화물,남,61세,상해없음,보행자,여,56세,중상
보행자사고,2021100900100421,2021년 10월 9일 19시,토요일,부산광역시 사하구 다대동,경상사고,0,0,1,0,차대사람 - 차도통행중,안전운전불이행,건조,맑음,교차로 - 교차로부근,승용,남,52세,상해없음,보행자,남,64세,경상
보행자사고,2021100900100468,2021년 10월 9일 20시,토요일,부산광역시 중구 부평동2가,경상사고,0,0,1,0,차대사람 - 기타,안전운전불이행,건조,맑음,기타 - 기타,이륜,남,27세,상해없음,보행자,남,50세,경상
보행자사고,2021100900100469,2021년 10월 9일 20시,토요일,부산광역시 해운대구 중동,부상신고사고,0,0,0,1,차대사람 - 기타,안전운전불이행,건조,맑음,단일로 - 기타,승용,여,28세,상해없음,보행자,남,62세,부상신고
보행자사고,2021100900100471,2021년 10월 9일 20시,토요일,부산광역시 사하구 하단동,경상사고,0,0,1,0,차대사람 - 차도통행중,안전운전불이행,건조,맑음,단일로 - 기타,원동기,남,20세,상해없음,보행자,남,23세,경상
보행자사고,2021100900100472,2021년 10월 9일 20시,토요일,부산광역시 사하구 괴정동,중상사고,0,1,0,0,차대사람 - 횡단중,안전운전불이행,건조,맑음,단일로 - 기타,이륜,남,60세,상해없음,보행자,여,72세,중상
보행자사고,2021100900100499,2021년 10월 9일 21시,토요일,부산광역시 사하구 하단동,경상사고,0,0,1,0,차대사람 - 기타,안전운전불이행,건조,맑음,단일로 - 기타,승용,남,54세,상해없음,보행자,여,22세,경상
보행자사고,2021101000100135,2021년 10월 10일 12시,일요일,부산광역시 동래구 명륜동,부상신고사고,0,0,0,1,차대사람 - 기타,안전운전불이행,건조,맑음,단일로 - 기타,승용,남,46세,상해없음,보행자,남,31세,부상신고