사고부문,사고번호,사고일시,요일,시군구,사고내용,사망자수,중상자수,경상자수,부상신고자수,사고유형,법규위반,노면상태,기상상태,도로형태,가해운전자 차종,가해운전자 성별,가해운전자 연령,가해운전자 상해정도,피해운전자 차종,피해운전자 성별,피해운전자 연령,피해운전자 상해정도
보행자사고,2021101000100271,2021년 10월 10일 16시,일요일,부산광역시 사상구 주례동,중상사고,0,1,0,0,차대사람 - 횡단중,보행자보호의무위반,건조,맑음,단일로 - 기타,승용,여,69세,상해없음,보행자,여,67세,중상
보행자사고,2021101100100001,2021년 10월 11일 00시,월요일,부산광역시 부산진구 부전동,경상사고,0,0,1,0,차대사람 - 차도통행중,불법유턴,건조,맑음,교차로 - 교차로안,승용,남,23세,상해없음,보행자,남,25세,경상
보행자사고,2021101100100153,2021년 10월 11일 12시,월요일,부산광역시 금정구 서동,경상사고,0,0,1,0,차대사람 - 기타,안전운전불이행,건조,맑음,교차로 - 교차로안,승용,남,61세,상해없음,보행자,여,80세,경상
보행자사고,2021101100100186,2021년 10월 11일 13시,월요일,부산광역시 북구 화명동,경상사고,0,0,1,0,차대사람 - 기타,안전운전불이행,건조,맑음,단일로 - 기타,승용,남,30세,상해없음,보행자,남,37세,경상
보행자사고,2021101100100322,2021년 10월 11일 17시,월요일,부산광역시 북구 금곡동,중상사고,0,1,0,0,차대사람 - 기타,보행자보호의무위반,젖음/습기,비,교차로 - 교차로부근,화물,남,60세,상해없음,보행자,여,75세,중상
보행자사고,2021101100100323,2021년 10월 11일 17시,월요일,부산광역시 해운대구 재송동,경상사고,0,0,1,0,차대사람 - 기타,안전운전불이행,건조,맑음,교차로 - 교차로부근,개인형이동수단(PM),남,21세,상해없음,보행자,여,34세,경상
보행자사고,2021101100100359,2021년 10월 11일 18시,월요일,부산광역시 동래구 명장동,중상사고,0,1,0,0,차대사람 - 횡단중,보행자보호의무위반,젖음/습기,비,교차로 - 교차로횡단보도내,승용,남,50세,상해없음,보행자,여,25세,중상
보행자사고,2021101100100411,2021년 10월 11일 19시,월요일,부산광역시 수영구 광안동,경상사고,0,0,1,0,차대사람 - 차도통행중,보행자보호의무위반,젖음/습기,비,교차로 - 교차로안,승용,남,47세,상해없음,보행자,여,62세,경상
보행자사고,2021101200100081,2021년 10월 12일 08시,화요일,부산광역시 사상구 괘법동,경상사고,0,0,1,0,차대사람 - 기타,안전운전불이행,건조,맑음,단일로 - 기타,승용,남,62세,상해없음,보행자,남,53세,경상
보행자사고,2021101200100158,2021년 10월 12일 10시,화요일,부산광역시 부산진구 부전동,경상사고,0,0,1,0,차대사람 - 기타,안전운전불이행,건조,맑음,단일로 - 기타,승용,남,55세,상해없음,보행자,남,26세,경상
보행자사고,2021101200100332,2021년 10월 12일 16시,화요일,부산광역시 남구 대연동,중상사고,0,1,0,0,차대사람 - 길가장자리구역통행중,안전운전불이행,건조,맑음,단일로 - 기타,승용,여,34세,상해없음,보행자,여,69세,중상
보행자사고,2021101200100406,2021년 10월 12일 18시,화요일,부산광역시 남구 문현동,중상사고,0,1,0,0,차대사람 - 횡단중,안전운전불이행,건조,맑음,교차로 - 교차로부근,승용,남,41세,상해없음,보행자,남,50세,중상
보행자사고,2021101200100409,2021년 10월 12일 18시,화요일,부산광역시 부산진구 부전동,중상사고,0,1,0,0,차대사람 - 기타,안전운전불이행,건조,맑음,교차로 - 교차로부근,화물,남,60세,상해없음,보행자,남,80세,중상
보행자사고,2.0211E+15,2021년 10월 12일 18시,화요일,부산광역시 사상구 주례동,경상사고,0,0,1,0,차대사람 - 기타,안전운전불이행,건조,맑음,교차로 - 교차로부근,승용,남,29세,상해없음,보행자,여,21세,경상
보행자사고,2021101200100552,2021년 10월 12일 22시,화요일,부산광역시 동구 범일동,중상사고,0,1,0,0,차대사람 - 횡단중,보행자보호의무위반,건조,맑음,교차로 - 교차로부근,승용,여,40세,상해없음,보행자,여,59세,중상
보행자사고,2021101300100105,2021년 10월 13일 09시,수요일,부산광역시 서구 남부민동,경상사고,0,0,1,0,차대사람 - 횡단중,보행자보호의무위반,건조,맑음,단일로 - 기타,승용,남,34세,상해없음,보행자,남,69세,경상
보행자사고,2021101300100208,2021년 10월 13일 12시,수요일,부산광역시 사하구 하단동,경상사고,0,0,1,0,차대사람 - 차도통행중,안전운전불이행,건조,맑음,단일로 - 기타,승용,여,49세,상해없음,보행자,여,23세,경상
보행자사고,2021101300100237,2021년 10월 13일 13시,수요일,부산광역시 중구 남포동5가,중상사고,0,1,0,0,차대사람 - 횡단중,보행자보호의무위반,건조,맑음,교차로 - 교차로횡단보도내,승합,남,54세,상해없음,보행자,여,84세,중상
보행자사고,2021101300100276,2021년 10월 13일 14시,수요일,부산광역시 부산진구 가야동,경상사고,0,0,1,0,차대사람 - 횡단중,보행자보호의무위반,건조,맑음,교차로 - 교차로부근,승용,남,76세,상해없음,보행자,여,54세,경상
보행자사고,2021101300100504,2021년 10월 13일 19시,수요일,부산광역시 부산진구 부전동,경상사고,0,0,1,0,차대사람 - 기타,신호위반,건조,기타,단일로 - 기타,이륜,남,16세,상해없음,보행자,여,23세,경상
보행자사고,2021101300100539,2021년 10월 13일 20시,수요일,부산광역시 북구 구포동,경상사고,0,0,1,0,차대사람 - 기타,안전운전불이행,건조,맑음,교차로 - 교차로안,승용,남,54세,상해없음,보행자,남,52세,경상
보행자사고,2021101400100143,2021년 10월 14일 09시,목요일,부산광역시 사상구 학장동,경상사고,0,0,1,0,차대사람 - 기타,안전운전불이행,건조,맑음,교차로 - 교차로부근,화물,남,49세,상해없음,보행자,여,60세,경상
보행자사고,2021101400100211,2021년 10월 14일 11시,목요일,부산광역시 수영구 광안동,경상사고,0,0,1,0,차대사람 - 기타,안전운전불이행,건조,맑음,교차로 - 교차로안,승합,남,56세,상해없음,보행자,여,51세,경상
보행자사고,2021101400100283,2021년 10월 14일 13시,목요일,부산광역시 동구 수정동,경상사고,0,0,1,0,차대사람 - 차도통행중,안전운전불이행,건조,맑음,단일로 - 기타,승용,여,58세,상해없음,보행자,남,66세,경상
보행자사고,2021101400100284,2021년 10월 14일 13시,목요일,부산광역시 금정구 부곡동,경상사고,0,0,2,0,차대사람 - 기타,신호위반,건조,맑음,교차로 - 교차로안,승용,여,72세,상해없음,보행자,여,10세,경상
보행자사고,2021101400100432,2021년 10월 14일 17시,목요일,부산광역시 연제구 연산동,경상사고,0,0,1,0,차대사람 - 횡단중,교차로운행방법위반,건조,맑음,교차로 - 교차로안,화물,남,58세,상해없음,보행자,여,67세,경상
보행자사고,2021101400100616,2021년 10월 14일 22시,목요일,부산광역시 동구 수정동,부상신고사고,0,0,0,1,차대사람 - 기타,안전운전불이행,건조,맑음,단일로 - 기타,기타불명,기타불명,미분류,기타불명,보행자,남,53세,부상신고
보행자사고,2021101400100618,2021년 10월 14일 22시,목요일,부산광역시 금정구 장전동,경상사고,0,0,1,1,차대사람 - 횡단중,안전운전불이행,건조,맑음,교차로 - 교차로부근,이륜,남,39세,부상신고,보행자,여,17세,경상
보행자사고,2021101400100643,2021년 10월 14일 23시,목요일,부산광역시 부산진구 부전동,경상사고,0,0,1,0,차대사람 - 기타,안전운전불이행,건조,맑음,단일로 - 기타,승용,남,27세,상해없음,보행자,남,22세,경상
보행자사고,2021101500100068,2021년 10월 15일 08시,금요일,부산광역시 사상구 삼락동,경상사고,0,0,1,1,차대사람 - 횡단중,신호위반,건조,맑음,교차로 - 교차로부근,원동기,남,78세,부상신고,보행자,남,33세,경상
보행자사고,2021101500100197,2021년 10월 15일 11시,금요일,부산광역시 부산진구 양정동,중상사고,0,1,0,0,차대사람 - 횡단중,중앙선침범,건조,맑음,기타 - 기타,승용,여,45세,상해없음,보행자,여,84세,중상
보행자사고,2021101500100199,2021년 10월 15일 11시,금요일,부산광역시 연제구 거제동,중상사고,0,1,0,0,차대사람 - 횡단중,안전운전불이행,건조,맑음,교차로 - 교차로안,화물,남,45세,상해없음,보행자,여,89세,중상
보행자사고,2021101500100201,2021년 10월 15일 11시,금요일,부산광역시 사상구 모라동,중상사고,0,1,0,0,차대사람 - 횡단중,신호위반,건조,맑음,단일로 - 기타,원동기,남,23세,상해없음,보행자,여,54세,중상
보행자사고,2.0211E+15,2021년 10월 15일 14시,금요일,부산광역시 금정구 서동,중상사고,0,1,0,0,차대사람 - 기타,안전운전불이행,건조,맑음,교차로 - 교차로안,화물,남,58세,상해없음,보행자,여,82세,중상
보행자사고,2021101500100447,2021년 10월 15일 18시,금요일,부산광역시 부산진구 연지동,중상사고,0,1,0,0,차대사람 - 횡단중,안전운전불이행,건조,기타,교차로 - 교차로횡단보도내,승용,남,55세,상해없음,보행자,남,77세,중상
보행자사고,2021101500100448,2021년 10월 15일 18시,금요일,부산광역시 부산진구 범천동,경상사고,0,0,1,0,차대사람 - 횡단중,신호위반,건조,기타,단일로 - 기타,승용,여,55세,상해없음,보행자,여,32세,경상
보행자사고,2021101500100667,2021년 10월 15일 23시,금요일,부산광역시 금정구 장전동,경상사고,0,0,1,0,차대사람 - 기타,안전운전불이행,건조,맑음,단일로 - 기타,승용,남,20세,상해없음,보행자,남,44세,경상
보행자사고,2.0211E+15,2021년 10월 16일 05시,토요일,부산광역시 해운대구 우동,중상사고,0,1,0,0,차대사람 - 횡단중,안전운전불이행,젖음/습기,비,교차로 - 교차로안,승용,남,59세,상해없음,보행자,남,66세,중상
보행자사고,2021101600100132,2021년 10월 16일 10시,토요일,부산광역시 부산진구 전포동,중상사고,0,1,0,0,차대사람 - 횡단중,보행자보호의무위반,젖음/습기,비,교차로 - 교차로부근,승용,남,30세,기타불명,보행자,여,29세,중상
보행자사고,2021101600100156,2021년 10월 16일 11시,토요일,부산광역시 서구 충무동1가,경상사고,0,0,1,0,차대사람 - 길가장자리구역통행중,안전운전불이행,건조,맑음,교차로 - 교차로안,이륜,남,49세,상해없음,보행자,여,64세,경상
보행자사고,2021101600100222,2021년 10월 16일 13시,토요일,부산광역시 동래구 명륜동,경상사고,0,0,1,0,차대사람 - 기타,안전운전불이행,건조,맑음,단일로 - 기타,승합,남,47세,상해없음,보행자,여,79세,경상
보행자사고,2021101600100223,2021년 10월 16일 13시,토요일,부산광역시 금정구 구서동,경상사고,0,0,1,0,차대사람 - 기타,안전운전불이행,젖음/습기,비,단일로 - 기타,승용,여,54세,상해없음,보행자,남,16세,경상
보행자사고,2021101600100347,2021년 10월 16일 17시,토요일,부산광역시 중구 남포동5가,경상사고,0,0,1,0,차대사람 - 보도통행중,기타,건조,맑음,단일로 - 기타,이륜,기타불명,미분류,기타불명,보행자,남,57세,경상
보행자사고,2021101600100454,2021년 10월 16일 20시,토요일,부산광역시 영도구 봉래동4가,중상사고,0,1,0,0,차대사람 - 횡단중,안전운전불이행,건조,맑음,단일로 - 기타,승용,남,62세,상해없음,보행자,남,28세,중상
보행자사고,2021101600100535,2021년 10월 16일 23시,토요일,부산광역시 사상구 덕포동,중상사고,0,1,2,0,차대사람 - 횡단중,안전운전불이행,건조,맑음,단일로 - 기타,이륜,남,46세,경상,보행자,남,37세,중상
보행자사고,2021101700100037,2021년 10월 17일 06시,일요일,부산광역시 사상구 학장동,중상사고,0,1,0,0,차대사람 - 횡단중,안전운전불이행,건조,맑음,단일로 - 기타,이륜,남,16세,상해없음,보행자,여,23세,중상
보행자사고,2021101700100078,2021년 10월 17일 10시,일요일,부산광역시 영도구 청학동,사망사고,1,0,0,0,차대사람 - 기타,기타,건조,맑음,기타 - 기타,승용,남,68세,상해없음,보행자,남,48세,사망
보행자사고,2021101700100079,2021년 10월 17일 10시,일요일,부산광역시 해운대구 좌동,중상사고,0,1,0,0,차대사람 - 횡단중,안전운전불이행,건조,맑음,교차로 - 교차로횡단보도내,승용,남,72세,상해없음,보행자,남,55세,중상
보행자사고,2021101700100378,2021년 10월 17일 20시,일요일,부산광역시 동구 초량동,중상사고,0,1,0,1,차대사람 - 차도통행중,안전운전불이행,건조,맑음,단일로 - 기타,이륜,남,23세,부상신고,보행자,남,60세,중상
보행자사고,2021101800100051,2021년 10월 18일 07시,월요일,부산광역시 수영구 광안동,중상사고,0,1,0,0,차대사람 - 횡단중,중앙선침범,건조,맑음,기타 - 기타,화물,남,61세,상해없음,보행자,여,58세,중상
보행자사고,2021101800100148,2021년 10월 18일 09시,월요일,부산광역시 해운대구 반송동,중상사고,0,1,0,0,차대사람 - 횡단중,안전운전불이행,건조,맑음,교차로 - 교차로부근,승용,남,69세,상해없음,보행자,남,59세,중상
보행자사고,2021101800100187,2021년 10월 18일 10시,월요일,부산광역시 동래구 온천동,중상사고,0,1,0,0,차대사람 - 횡단중,보행자보호의무위반,건조,맑음,교차로 - 교차로횡단보도내,화물,남,60세,상해없음,보행자,여,70세,중상
보행자사고,2021101800100217,2021년 10월 18일 11시,월요일,부산광역시 동래구 사직동,경상사고,0,0,1,0,차대사람 - 기타,안전운전불이행,건조,맑음,교차로 - 교차로부근,화물,남,55세,상해없음,보행자,여,69세,경상
보행자사고,2.0211E+15,2021년 10월 18일 11시,월요일,부산광역시 사상구 감전동,중상사고,0,1,0,0,차대사람 - 차도통행중,안전운전불이행,건조,맑음,단일로 - 지하차도(도로)내,이륜,남,51세,상해없음,보행자,여,54세,중상
보행자사고,2021101800100445,2021년 10월 18일 17시,월요일,부산광역시 수영구 민락동,경상사고,0,0,1,0,차대사람 - 기타,기타,건조,맑음,교차로 - 교차로부근,승용,여,51세,상해없음,보행자,여,48세,경상
보행자사고,2021101900100127,2021년 10월 19일 10시,화요일,부산광역시 동구 수정동,중상사고,0,1,0,0,차대사람 - 기타,안전운전불이행,건조,맑음,단일로 - 기타,승합,남,69세,상해없음,보행자,남,68세,중상
보행자사고,2021101900100129,2021년 10월 19일 10시,화요일,부산광역시 사하구 하단동,부상신고사고,0,0,0,1,차대사람 - 기타,안전운전불이행,건조,맑음,단일로 - 기타,승용,남,60세,상해없음,보행자,남,75세,부상신고
보행자사고,2021101900100358,2021년 10월 19일 17시,화요일,부산광역시 금정구 장전동,경상사고,0,0,1,0,차대사람 - 횡단중,보행자보호의무위반,건조,맑음,교차로 - 교차로부근,승용,여,44세,상해없음,보행자,여,24세,경상
보행자사고,2021101900100391,2021년 10월 19일 18시,화요일,부산광역시 사하구 하단동,경상사고,0,0,1,0,차대사람 - 기타,안전운전불이행,건조,맑음,단일로 - 기타,승용,남,59세,상해없음,보행자,여,46세,경상
보행자사고,2021101900100503,2021년 10월 19일 20시,화요일,부산광역시 동래구 안락동,경상사고,0,0,1,0,차대사람 - 길가장자리구역통행중,안전운전불이행,건조,맑음,단일로 - 기타,승용,남,72세,상해없음,보행자,남,57세,경상
보행자사고,2.0211E+15,2021년 10월 19일 21시,화요일,부산광역시 사상구 모라동,경상사고,0,0,1,0,차대사람 - 기타,기타,건조,맑음,단일로 - 기타,이륜,남,17세,상해없음,보행자,여,62세,경상
보행자사고,2021101900100562,2021년 10월 19일 22시,화요일,부산광역시 수영구 광안동,중상사고,0,1,1,0,차대사람 - 기타,안전운전불이행,건조,맑음,단일로 - 기타,이륜,남,19세,상해없음,보행자,여,22세,중상
보행자사고,2021102000100237,2021년 10월 20일 13시,수요일,부산광역시 금정구 회동동,부상신고사고,0,0,0,1,차대사람 - 기타,안전운전불이행,건조,맑음,단일로 - 기타,이륜,기타불명,미분류,기타불명,보행자,여,38세,부상신고
보행자사고,2021102000100354,2021년 10월 20일 16시,수요일,부산광역시 연제구 연산동,경상사고,0,0,1,0,차대사람 - 기타,안전운전불이행,건조,흐림,단일로 - 기타,승용,남,53세,상해없음,보행자,남,25세,경상
보행자사고,2021102000100521,2021년 10월 20일 19시,수요일,부산광역시 동래구 사직동,경상사고,0,0,1,0,차대사람 - 횡단중,안전운전불이행,건조,맑음,교차로 - 교차로부근,승용,여,42세,상해없음,보행자,남,33세,경상
보행자사고,2021102000100523,2021년 10월 20일 19시,수요일,부산광역시 금정구 장전동,부상신고사고,0,0,0,1,차대사람 - 횡단중,보행자보호의무위반,건조,맑음,교차로 - 교차로횡단보도내,이륜,남,67세,상해없음,보행자,여,54세,부상신고
보행자사고,2021102100100053,2021년 10월 21일 07시,목요일,부산광역시 해운대구 좌동,중상사고,0,1,0,0,차대사람 - 횡단중,교차로운행방법위반,건조,맑음,단일로 - 기타,승용,남,71세,상해없음,보행자,여,18세,중상
보행자사고,2021102100100108,2021년 10월 21일 09시,목요일,부산광역시 동래구 사직동,중상사고,0,1,1,0,차대차 - 측면충돌,안전운전불이행,젖음/습기,비,교차로 - 교차로안,승용,남,63세,상해없음,승용,남,24세,경상
보행자사고,2021102100100162,2021년 10월 21일 11시,목요일,부산광역시 수영구 광안동,경상사고,0,0,1,0,차대사람 - 기타,보행자보호의무위반,젖음/습기,흐림,기타 - 기타,승용,여,62세,상해없음,보행자,여,48세,경상
보행자사고,2021102100100264,2021년 10월 21일 14시,목요일,부산광역시 남구 대연동,중상사고,0,1,0,0,차대사람 - 기타,안전운전불이행,젖음/습기,비,교차로 - 교차로안,승용,남,59세,상해없음,보행자,남,10세,중상
보행자사고,2021102100100266,2021년 10월 21일 14시,목요일,부산광역시 사하구 당리동,경상사고,0,0,1,0,차대사람 - 횡단중,신호위반,건조,맑음,교차로 - 교차로부근,자전거,남,24세,상해없음,보행자,남,84세,경상
보행자사고,2021102100100311,2021년 10월 21일 15시,목요일,부산광역시 남구 대연동,중상사고,0,1,0,0,차대사람 - 기타,안전운전불이행,젖음/습기,흐림,교차로 - 교차로안,승합,남,77세,상해없음,보행자,여,20세,중상
보행자사고,2021102100100556,2021년 10월 21일 21시,목요일,부산광역시 동래구 수안동,중상사고,0,1,0,0,차대사람 - 차도통행중,안전운전불이행,건조,맑음,교차로 - 교차로안,승용,남,34세,상해없음,보행자,여,26세,중상
보행자사고,2021102100100622,2021년 10월 21일 23시,목요일,부산광역시 부산진구 부전동,중상사고,0,1,1,0,차대사람 - 기타,안전운전불이행,건조,맑음,교차로 - 교차로부근,이륜,남,43세,상해없음,보행자,여,18세,중상
보행자사고,2021102200100011,2021년 10월 22일 01시,금요일,부산광역시 동래구 사직동,중상사고,0,1,0,0,차대사람 - 기타,기타,건조,맑음,단일로 - 기타,이륜,남,21세,상해없음,보행자,여,21세,중상
보행자사고,2.0211E+15,2021년 10월 22일 08시,금요일,부산광역시 해운대구 반여동,중상사고,0,1,0,0,차대사람 - 횡단중,안전운전불이행,건조,맑음,단일로 - 기타,승용,남,61세,상해없음,보행자,여,83세,중상
보행자사고,2021102200100122,2021년 10월 22일 09시,금요일,부산광역시 부산진구 부전동,경상사고,0,0,1,0,차대사람 - 기타,안전운전불이행,건조,맑음,단일로 - 기타,승용,여,45세,상해없음,보행자,여,20세,경상
보행자사고,2021102200100275,2021년 10월 22일 13시,금요일,부산광역시 남구 용호동,중상사고,0,1,0,0,차대사람 - 기타,안전운전불이행,건조,맑음,기타 - 기타,승용,여,46세,상해없음,보행자,여,76세,중상
보행자사고,2021102200100276,2021년 10월 22일 13시,금요일,부산광역시 부산진구 부암동,중상사고,0,1,0,0,차대사람 - 횡단중,안전운전불이행,건조,맑음,교차로 - 교차로부근,승용,여,57세,상해없음,보행자,여,61세,중상
보행자사고,2021102200100355,2021년 10월 22일 15시,금요일,부산광역시 연제구 연산동,중상사고,0,1,0,0,차대사람 - 횡단중,신호위반,건조,맑음,단일로 - 기타,승용,남,71세,상해없음,보행자,여,67세,중상
보행자사고,2021102200100451,2021년 10월 22일 17시,금요일,부산광역시 서구 부용동2가,경상사고,0,0,1,0,차대사람 - 횡단중,보행자보호의무위반,건조,맑음,교차로 - 교차로횡단보도내,승용,남,78세,상해없음,보행자,남,32세,경상
보행자사고,2021102200100517,2021년 10월 22일 18시,금요일,부산광역시 서구 동대신동3가,경상사고,0,0,1,0,차대사람 - 횡단중,신호위반,건조,맑음,기타 - 기타,화물,남,64세,상해없음,보행자,남,33세,경상
보행자사고,2.0211E+15,2021년 10월 22일 18시,금요일,부산광역시 연제구 거제동,중상사고,0,1,0,0,차대사람 - 기타,안전운전불이행,건조,맑음,단일로 - 기타,승용,남,60세,상해없음,보행자,남,76세,중상
보행자사고,2021102200100521,2021년 10월 22일 18시,금요일,부산광역시 기장군 장안읍,중상사고,0,1,0,0,차대사람 - 기타,안전운전불이행,건조,맑음,기타 - 기타,승용,여,34세,상해없음,보행자,남,47세,중상
보행자사고,2021102200100658,2021년 10월 22일 21시,금요일,부산광역시 부산진구 부전동,경상사고,0,0,1,0,차대사람 - 기타,안전운전불이행,건조,기타,단일로 - 기타,화물,남,60세,상해없음,보행자,남,47세,경상
보행자사고,2.0211E+15,2021년 10월 22일 21시,금요일,부산광역시 연제구 연산동,경상사고,0,0,1,0,차대사람 - 횡단중,신호위반,건조,맑음,교차로 - 교차로횡단보도내,이륜,남,24세,상해없음,보행자,남,28세,경상
보행자사고,2021102300100053,2021년 10월 23일 07시,토요일,부산광역시 해운대구 송정동,경상사고,0,0,1,0,차대사람 - 횡단중,안전운전불이행,건조,맑음,단일로 - 기타,승용,남,50세,상해없음,보행자,여,46세,경상
보행자사고,2021102300100054,2021년 10월 23일 07시,토요일,부산광역시 금정구 구서동,경상사고,0,0,1,0,차대사람 - 횡단중,안전운전불이행,건조,맑음,교차로 - 교차로안,승용,남,63세,상해없음,보행자,여,80세,경상
보행자사고,2.0211E+15,2021년 10월 23일 10시,토요일,부산광역시 영도구 남항동3가,중상사고,0,1,0,0,차대사람 - 기타,안전운전불이행,건조,맑음,단일로 - 기타,화물,남,55세,상해없음,보행자,남,83세,중상
보행자사고,2021102300100239,2021년 10월 23일 13시,토요일,부산광역시 수영구 광안동,경상사고,0,0,1,0,차대사람 - 횡단중,보행자보호의무위반,건조,맑음,교차로 - 교차로횡단보도내,승용,남,61세,상해없음,보행자,남,30세,경상
보행자사고,2021102300100286,2021년 10월 23일 14시,토요일,부산광역시 동구 좌천동,경상사고,0,0,1,0,차대사람 - 기타,안전운전불이행,건조,맑음,단일로 - 기타,승용,남,25세,상해없음,보행자,남,53세,경상
보행자사고,2.0211E+15,2021년 10월 23일 16시,토요일,부산광역시 해운대구 반송동,중상사고,0,1,0,0,차대사람 - 횡단중,신호위반,건조,맑음,교차로 - 교차로부근,이륜,남,62세,상해없음,보행자,여,77세,중상
보행자사고,2021102300100419,2021년 10월 23일 17시,토요일,부산광역시 연제구 연산동,경상사고,0,0,1,0,차대사람 - 기타,안전운전불이행,건조,맑음,기타 - 기타,승용,남,55세,상해없음,보행자,여,57세,경상
보행자사고,2021102300100449,2021년 10월 23일 18시,토요일,부산광역시 동래구 온천동,중상사고,0,1,0,0,차대사람 - 기타,안전운전불이행,건조,맑음,단일로 - 기타,승용,남,64세,상해없음,보행자,여,80세,중상
보행자사고,2021102300100504,2021년 10월 23일 19시,토요일,부산광역시 북구 덕천동,경상사고,0,0,1,0,차대사람 - 길가장자리구역통행중,안전운전불이행,건조,맑음,단일로 - 기타,승용,남,75세,상해없음,보행자,남,46세,경상
보행자사고,2021102300100578,2021년 10월 23일 22시,토요일,부산광역시 수영구 광안동,경상사고,0,0,1,0,차대사람 - 길가장자리구역통행중,안전운전불이행,건조,맑음,교차로 - 교차로안,승용,여,54세,상해없음,보행자,남,50세,경상
보행자사고,2021102400100002,2021년 10월 24일 00시,일요일,부산광역시 해운대구 중동,경상사고,0,0,1,0,차대사람 - 기타,안전운전불이행,건조,맑음,교차로 - 교차로안,기타불명,기타불명,미분류,기타불명,보행자,여,44세,경상
보행자사고,2021102400100003,2021년 10월 24일 00시,일요일,부산광역시 부산진구 당감동,중상사고,0,1,0,0,차대사람 - 횡단중,안전운전불이행,건조,맑음,교차로 - 교차로안,승용,여,34세,상해없음,보행자,여,21세,중상
보행자사고,2021102400100075,2021년 10월 24일 09시,일요일,부산광역시 부산진구 부전동,경상사고,0,0,1,0,차대사람 - 횡단중,신호위반,건조,맑음,교차로 - 교차로부근,승용,남,32세,기타불명,보행자,여,24세,경상
보행자사고,2021102400100097,2021년 10월 24일 10시,일요일,부산광역시 영도구 동삼동,경상사고,0,0,1,0,차대사람 - 보도통행중,안전운전불이행,건조,맑음,기타 - 기타,승용,남,29세,상해없음,보행자,여,52세,경상
보행자사고,2021102400100119,2021년 10월 24일 11시,일요일,부산광역시 수영구 광안동,중상사고,0,1,0,0,차대사람 - 기타,안전운전불이행,건조,맑음,단일로 - 기타,원동기,남,22세,상해없음,보행자,여,23세,중상
보행자사고,2021102400100224,2021년 10월 24일 14시,일요일,부산광역시 부산진구 부전동,경상사고,0,0,1,0,차대사람 - 차도통행중,안전운전불이행,건조,맑음,단일로 - 기타,승용,남,62세,상해없음,보행자,남,30세,경상
보행자사고,2021102400100225,2021년 10월 24일 14시,일요일,부산광역시 금정구 장전동,경상사고,0,0,1,0,차대사람 - 길가장자리구역통행중,안전운전불이행,건조,맑음,단일로 - 기타,승용,남,50세,상해없음,보행자,남,32세,경상
보행자사고,2021102400100318,2021년 10월 24일 17시,일요일,부산광역시 동래구 온천동,경상사고,0,0,1,0,차대사람 - 기타,안전운전불이행,건조,맑음,교차로 - 교차로부근,승용,여,41세,상해없음,보행자,남,37세,경상
보행자사고,2021102500100112,2021년 10월 25일 09시,월요일,부산광역시 연제구 연산동,중상사고,0,1,0,0,차대사람 - 길가장자리구역통행중,안전운전불이행,건조,맑음,단일로 - 기타,승용,남,46세,상해없음,보행자,남,70세,중상
보행자사고,2021102500100155,2021년 10월 25일 10시,월요일,부산광역시 부산진구 가야동,중상사고,0,1,0,0,차대사람 - 기타,보행자보호의무위반,건조,맑음,교차로 - 교차로안,승용,남,68세,상해없음,보행자,여,82세,중상
보행자사고,2021102500100188,2021년 10월 25일 11시,월요일,부산광역시 영도구 봉래동3가,경상사고,0,0,1,0,차대사람 - 기타,안전운전불이행,건조,맑음,단일로 - 기타,승용,남,30세,상해없음,보행자,남,51세,경상
보행자사고,2021102500100253,2021년 10월 25일 13시,월요일,부산광역시 동구 범일동,중상사고,0,1,0,0,차대사람 - 기타,보행자보호의무위반,건조,맑음,단일로 - 기타,승용,여,63세,상해없음,보행자,여,55세,중상
보행자사고,2021102500100288,2021년 10월 25일 14시,월요일,부산광역시 서구 부용동2가,경상사고,0,0,1,0,차대사람 - 횡단중,안전운전불이행,건조,맑음,기타 - 기타,이륜,남,69세,상해없음,보행자,남,31세,경상
보행자사고,2021102500100334,2021년 10월 25일 15시,월요일,부산광역시 사상구 주례동,경상사고,0,0,1,0,차대사람 - 기타,안전운전불이행,건조,맑음,단일로 - 기타,이륜,남,50세,상해없음,보행자,여,65세,경상
보행자사고,2021102500100429,2021년 10월 25일 17시,월요일,부산광역시 금정구 서동,중상사고,0,1,0,0,차대사람 - 보도통행중,보행자보호의무위반,건조,맑음,교차로 - 교차로횡단보도내,화물,남,26세,상해없음,보행자,여,57세,중상
보행자사고,2021102500100472,2021년 10월 25일 18시,월요일,부산광역시 부산진구 가야동,경상사고,0,0,1,0,차대사람 - 기타,보행자보호의무위반,건조,맑음,교차로 - 교차로횡단보도내,승용,남,29세,상해없음,보행자,남,63세,경상
보행자사고,2021102500100605,2021년 10월 25일 21시,월요일,부산광역시 금정구 부곡동,중상사고,0,1,1,0,차대사람 - 횡단중,안전운전불이행,건조,맑음,교차로 - 교차로부근,승용,남,67세,상해없음,보행자,남,54세,중상
보행자사고,2021102600100106,2021년 10월 26일 09시,화요일,부산광역시 북구 덕천동,경상사고,0,0,1,0,차대사람 - 기타,안전운전불이행,건조,맑음,단일로 - 기타,건설기계,남,60세,상해없음,보행자,여,23세,경상