사고부문,사고번호,사고일시,요일,시군구,사고내용,사망자수,중상자수,경상자수,부상신고자수,사고유형,법규위반,노면상태,기상상태,도로형태,가해운전자 차종,가해운전자 성별,가해운전자 연령,가해운전자 상해정도,피해운전자 차종,피해운전자 성별,피해운전자 연령,피해운전자 상해정도
보행자사고,2021112500100051,2021년 11월 25일 06시,목요일,부산광역시 금정구 서동,경상사고,0,0,1,0,차대사람 - 횡단중,보행자보호의무위반,건조,맑음,교차로 - 교차로횡단보도내,승용,남,69세,상해없음,보행자,남,33세,경상
보행자사고,2021112500100072,2021년 11월 25일 07시,목요일,부산광역시 강서구 화전동,경상사고,0,0,1,0,차대사람 - 횡단중,안전운전불이행,건조,맑음,단일로 - 기타,화물,남,62세,상해없음,보행자,남,30세,경상
보행자사고,2021112500100277,2021년 11월 25일 13시,목요일,부산광역시 영도구 신선동3가,경상사고,0,0,1,0,차대사람 - 길가장자리구역통행중,안전운전불이행,건조,맑음,단일로 - 기타,승용,여,39세,상해없음,보행자,여,60세,경상
보행자사고,2021112500100403,2021년 11월 25일 16시,목요일,부산광역시 북구 금곡동,경상사고,0,0,1,0,차대사람 - 횡단중,신호위반,건조,맑음,단일로 - 기타,이륜,남,28세,상해없음,보행자,남,6세,경상
보행자사고,2021112500100494,2021년 11월 25일 18시,목요일,부산광역시 해운대구 반여동,경상사고,0,0,1,0,차대사람 - 기타,안전운전불이행,건조,맑음,단일로 - 기타,승용,남,34세,상해없음,보행자,남,64세,경상
보행자사고,2021112500100666,2021년 11월 25일 23시,목요일,부산광역시 동래구 온천동,경상사고,0,0,1,0,차대사람 - 기타,안전운전불이행,건조,맑음,교차로 - 교차로안,승용,남,65세,상해없음,보행자,여,59세,경상
보행자사고,2021112600100074,2021년 11월 26일 07시,금요일,부산광역시 강서구 녹산동,중상사고,0,1,0,0,차대사람 - 횡단중,신호위반,건조,맑음,단일로 - 기타,승용,여,54세,상해없음,보행자,남,32세,중상
보행자사고,2021112600100198,2021년 11월 26일 10시,금요일,부산광역시 북구 구포동,중상사고,0,1,0,0,차대사람 - 횡단중,보행자보호의무위반,건조,맑음,교차로 - 교차로횡단보도내,승용,여,47세,상해없음,보행자,여,80세,중상
보행자사고,2021112600100227,2021년 11월 26일 11시,금요일,부산광역시 부산진구 범천동,중상사고,0,1,0,0,차대사람 - 길가장자리구역통행중,안전운전불이행,건조,맑음,단일로 - 기타,이륜,남,57세,상해없음,보행자,남,58세,중상
보행자사고,2021112600100373,2021년 11월 26일 15시,금요일,부산광역시 북구 만덕동,경상사고,0,0,1,0,차대사람 - 횡단중,보행자보호의무위반,건조,맑음,교차로 - 교차로안,승용,남,51세,기타불명,보행자,여,53세,경상
보행자사고,2021112600100374,2021년 11월 26일 15시,금요일,부산광역시 동래구 명장동,중상사고,0,1,0,0,차대사람 - 보도통행중,기타,건조,맑음,기타 - 기타,화물,남,73세,상해없음,보행자,여,75세,중상
보행자사고,2021112600100419,2021년 11월 26일 16시,금요일,부산광역시 부산진구 범천동,중상사고,0,1,0,0,차대사람 - 기타,안전운전불이행,건조,맑음,단일로 - 기타,승용,남,70세,상해없음,보행자,남,24세,중상
보행자사고,2021112600100542,2021년 11월 26일 18시,금요일,부산광역시 강서구 명지동,경상사고,0,0,1,0,차대사람 - 기타,기타,건조,맑음,기타 - 기타,개인형이동수단(PM),여,35세,상해없음,보행자,여,59세,경상
보행자사고,2021112700100018,2021년 11월 27일 01시,토요일,부산광역시 사하구 장림동,경상사고,0,0,1,0,차대사람 - 차도통행중,안전거리미확보,건조,맑음,단일로 - 기타,승용,남,42세,상해없음,보행자,남,40세,경상
보행자사고,2021112700100198,2021년 11월 27일 12시,토요일,부산광역시 동구 초량동,중상사고,0,1,0,0,차대사람 - 차도통행중,안전운전불이행,건조,맑음,단일로 - 기타,승용,남,24세,상해없음,보행자,남,55세,중상
보행자사고,2.02111E+15,2021년 11월 27일 12시,토요일,부산광역시 해운대구 중동,중상사고,0,1,0,0,차대사람 - 보도통행중,신호위반,건조,맑음,교차로 - 교차로안,승용,여,72세,상해없음,보행자,여,69세,중상
보행자사고,2021112700100326,2021년 11월 27일 15시,토요일,부산광역시 부산진구 부암동,중상사고,0,1,0,0,차대사람 - 횡단중,신호위반,건조,맑음,단일로 - 기타,승용,남,79세,상해없음,보행자,여,40세,중상
보행자사고,2021112700100458,2021년 11월 27일 18시,토요일,부산광역시 금정구 장전동,부상신고사고,0,0,0,1,차대사람 - 횡단중,보행자보호의무위반,건조,맑음,기타 - 기타,기타불명,기타불명,미분류,기타불명,보행자,남,30세,부상신고
보행자사고,2021112700100511,2021년 11월 27일 19시,토요일,부산광역시 북구 구포동,부상신고사고,0,0,0,1,차대사람 - 보도통행중,기타,건조,맑음,단일로 - 기타,기타불명,기타불명,미분류,기타불명,보행자,남,33세,부상신고
보행자사고,2021112700100592,2021년 11월 27일 23시,토요일,부산광역시 북구 덕천동,경상사고,0,0,1,0,차대사람 - 기타,안전운전불이행,건조,맑음,교차로 - 교차로횡단보도내,이륜,남,16세,상해없음,보행자,여,33세,경상
보행자사고,2021112800100257,2021년 11월 28일 15시,일요일,부산광역시 동래구 안락동,경상사고,0,0,1,0,차대사람 - 보도통행중,기타,건조,맑음,기타 - 기타,자전거,여,23세,상해없음,보행자,남,65세,경상
보행자사고,2021112800100339,2021년 11월 28일 18시,일요일,부산광역시 북구 금곡동,중상사고,0,1,0,0,차대사람 - 횡단중,신호위반,건조,맑음,단일로 - 기타,이륜,남,66세,상해없음,보행자,여,57세,중상
보행자사고,2.02111E+15,2021년 11월 28일 18시,일요일,부산광역시 부산진구 전포동,경상사고,0,0,1,0,차대사람 - 기타,보행자보호의무위반,건조,맑음,교차로 - 교차로횡단보도내,승용,여,27세,상해없음,보행자,여,60세,경상
보행자사고,2021112800100441,2021년 11월 28일 21시,일요일,부산광역시 사하구 괴정동,경상사고,0,0,1,0,차대사람 - 횡단중,신호위반,건조,맑음,단일로 - 기타,승용,남,75세,상해없음,보행자,남,45세,경상
보행자사고,2021112900100031,2021년 11월 29일 06시,월요일,부산광역시 남구 문현동,경상사고,0,0,1,0,차대사람 - 기타,안전운전불이행,건조,맑음,교차로 - 교차로부근,승용,남,27세,상해없음,보행자,남,51세,경상
보행자사고,2021112900100097,2021년 11월 29일 08시,월요일,부산광역시 동래구 온천동,경상사고,0,0,1,0,차대사람 - 횡단중,보행자보호의무위반,건조,맑음,단일로 - 기타,승용,남,48세,상해없음,보행자,남,29세,경상
보행자사고,2021112900100099,2021년 11월 29일 08시,월요일,부산광역시 해운대구 우동,중상사고,0,1,0,0,차대사람 - 횡단중,보행자보호의무위반,건조,맑음,단일로 - 기타,승용,남,53세,상해없음,보행자,남,57세,중상
보행자사고,2021112900100101,2021년 11월 29일 08시,월요일,부산광역시 부산진구 부전동,경상사고,0,0,1,0,차대사람 - 차도통행중,안전운전불이행,건조,맑음,교차로 - 교차로안,승용,남,39세,상해없음,보행자,남,69세,경상
보행자사고,2021112900100152,2021년 11월 29일 09시,월요일,부산광역시 사하구 장림동,부상신고사고,0,0,0,1,차대사람 - 보도통행중,안전운전불이행,건조,맑음,기타 - 기타,승용,여,72세,상해없음,보행자,여,32세,부상신고
보행자사고,2021112900100172,2021년 11월 29일 10시,월요일,부산광역시 중구 영주동,경상사고,0,0,1,0,차대사람 - 횡단중,안전운전불이행,건조,맑음,단일로 - 기타,승용,남,32세,상해없음,보행자,여,69세,경상
보행자사고,2021112900100173,2021년 11월 29일 10시,월요일,부산광역시 사하구 장림동,중상사고,0,1,0,0,차대사람 - 기타,중앙선침범,건조,맑음,교차로 - 교차로안,화물,남,60세,상해없음,보행자,여,65세,중상
보행자사고,2021112900100297,2021년 11월 29일 14시,월요일,부산광역시 남구 용당동,중상사고,0,1,0,0,차대사람 - 기타,안전운전불이행,건조,맑음,단일로 - 기타,승용,여,61세,상해없음,보행자,남,82세,중상
보행자사고,2021112900100349,2021년 11월 29일 15시,월요일,부산광역시 해운대구 재송동,중상사고,0,1,0,0,차대사람 - 횡단중,신호위반,건조,맑음,교차로 - 교차로횡단보도내,승용,남,46세,상해없음,보행자,남,9세,중상
보행자사고,2021112900100391,2021년 11월 29일 16시,월요일,부산광역시 사하구 하단동,경상사고,0,0,1,0,차대사람 - 기타,안전운전불이행,건조,맑음,단일로 - 기타,화물,남,53세,상해없음,보행자,남,5세,경상
보행자사고,2.02111E+15,2021년 11월 29일 17시,월요일,부산광역시 금정구 장전동,경상사고,0,0,1,0,차대사람 - 기타,교차로운행방법위반,건조,맑음,교차로 - 교차로안,승용,여,33세,상해없음,보행자,여,63세,경상
보행자사고,2021112900100484,2021년 11월 29일 18시,월요일,부산광역시 중구 중앙동4가,경상사고,0,0,1,0,차대사람 - 길가장자리구역통행중,교차로운행방법위반,건조,맑음,교차로 - 교차로부근,화물,남,61세,상해없음,보행자,남,19세,경상
보행자사고,2021112900100533,2021년 11월 29일 19시,월요일,부산광역시 사상구 감전동,중상사고,0,1,0,0,차대사람 - 횡단중,안전운전불이행,건조,맑음,교차로 - 교차로횡단보도내,승용,여,63세,상해없음,보행자,남,71세,중상
보행자사고,2021112900100618,2021년 11월 29일 22시,월요일,부산광역시 부산진구 전포동,경상사고,0,0,1,0,차대사람 - 기타,안전운전불이행,건조,맑음,단일로 - 기타,승용,남,59세,상해없음,보행자,여,21세,경상
보행자사고,2021112900100619,2021년 11월 29일 22시,월요일,부산광역시 사하구 다대동,중상사고,0,1,0,0,차대사람 - 기타,안전운전불이행,건조,맑음,교차로 - 교차로부근,승합,남,55세,상해없음,보행자,남,62세,중상
보행자사고,2021112900100631,2021년 11월 29일 23시,월요일,부산광역시 사상구 엄궁동,경상사고,0,0,1,0,차대사람 - 횡단중,안전운전불이행,건조,맑음,교차로 - 교차로안,화물,여,66세,상해없음,보행자,여,59세,경상
보행자사고,2021113000100003,2021년 11월 30일 00시,화요일,부산광역시 수영구 광안동,중상사고,0,1,1,0,차대차 - 기타,안전운전불이행,건조,맑음,교차로 - 교차로부근,원동기,남,36세,상해없음,승용,남,69세,상해없음
보행자사고,2.02111E+15,2021년 11월 30일 06시,화요일,부산광역시 서구 충무동1가,경상사고,0,0,1,0,차대사람 - 기타,안전운전불이행,건조,맑음,교차로 - 교차로부근,승용,남,56세,상해없음,보행자,여,68세,경상
보행자사고,2021113000100113,2021년 11월 30일 08시,화요일,부산광역시 동구 수정동,중상사고,0,1,0,0,차대사람 - 차도통행중,안전운전불이행,젖음/습기,비,단일로 - 기타,승용,남,51세,상해없음,보행자,남,75세,중상
보행자사고,2021113000100114,2021년 11월 30일 08시,화요일,부산광역시 동래구 사직동,중상사고,0,1,0,0,차대사람 - 기타,안전운전불이행,건조,맑음,교차로 - 교차로안,승용,여,50세,상해없음,보행자,여,50세,중상
보행자사고,2021113000100115,2021년 11월 30일 08시,화요일,부산광역시 금정구 장전동,경상사고,0,0,1,0,차대사람 - 횡단중,보행자보호의무위반,젖음/습기,비,단일로 - 기타,승용,남,34세,상해없음,보행자,여,42세,경상
보행자사고,2021113000100204,2021년 11월 30일 10시,화요일,부산광역시 사하구 하단동,경상사고,0,0,1,0,차대사람 - 차도통행중,안전운전불이행,젖음/습기,비,교차로 - 교차로안,승용,남,31세,상해없음,보행자,남,57세,경상
보행자사고,2021113000100384,2021년 11월 30일 16시,화요일,부산광역시 동구 수정동,경상사고,0,0,1,0,차대사람 - 횡단중,보행자보호의무위반,젖음/습기,비,교차로 - 교차로횡단보도내,승합,여,66세,상해없음,보행자,여,15세,경상
보행자사고,2021113000100541,2021년 11월 30일 19시,화요일,부산광역시 동래구 안락동,중상사고,0,1,0,0,차대사람 - 차도통행중,안전운전불이행,건조,맑음,교차로 - 교차로안,승용,남,33세,상해없음,보행자,남,65세,중상
보행자사고,2021120100100133,2021년 12월 1일 09시,수요일,부산광역시 남구 용호동,경상사고,0,0,1,0,차대사람 - 기타,안전운전불이행,건조,맑음,단일로 - 기타,승용,남,71세,상해없음,보행자,여,72세,경상
보행자사고,2021120100100261,2021년 12월 1일 13시,수요일,부산광역시 영도구 대교동1가,경상사고,0,0,1,0,차대사람 - 횡단중,보행자보호의무위반,건조,맑음,단일로 - 기타,승용,남,58세,상해없음,보행자,여,32세,경상
보행자사고,2021120100100289,2021년 12월 1일 14시,수요일,부산광역시 해운대구 반송동,중상사고,0,1,0,0,차대차 - 기타,안전운전불이행,건조,맑음,단일로 - 기타,건설기계,남,37세,상해없음,화물,기타불명,미분류,기타불명
보행자사고,2021120100100395,2021년 12월 1일 17시,수요일,부산광역시 연제구 거제동,경상사고,0,0,1,0,차대사람 - 차도통행중,안전운전불이행,건조,맑음,단일로 - 기타,화물,남,41세,상해없음,보행자,남,7세,경상
보행자사고,2021120100100453,2021년 12월 1일 18시,수요일,부산광역시 부산진구 부암동,중상사고,0,1,0,0,차대사람 - 차도통행중,안전운전불이행,건조,맑음,단일로 - 기타,승합,남,63세,상해없음,보행자,여,66세,중상
보행자사고,2021120200100026,2021년 12월 2일 03시,목요일,부산광역시 서구 남부민동,중상사고,0,1,0,0,차대사람 - 차도통행중,안전운전불이행,건조,맑음,기타 - 기타,승용,남,41세,상해없음,보행자,남,35세,중상
보행자사고,2021120200100234,2021년 12월 2일 12시,목요일,부산광역시 연제구 연산동,중상사고,0,1,0,0,차대사람 - 기타,안전운전불이행,건조,맑음,단일로 - 기타,승용,남,65세,상해없음,보행자,여,75세,중상
보행자사고,2021120200100267,2021년 12월 2일 13시,목요일,부산광역시 북구 덕천동,중상사고,0,1,0,0,차대사람 - 길가장자리구역통행중,안전운전불이행,건조,맑음,단일로 - 기타,승용,여,55세,상해없음,보행자,여,61세,중상
보행자사고,2021120200100268,2021년 12월 2일 13시,목요일,부산광역시 수영구 망미동,경상사고,0,0,1,0,차대사람 - 기타,안전운전불이행,건조,맑음,교차로 - 교차로안,이륜,남,48세,상해없음,보행자,여,41세,경상
보행자사고,2.02112E+15,2021년 12월 2일 15시,목요일,부산광역시 부산진구 범천동,중상사고,0,1,0,0,차대사람 - 차도통행중,안전운전불이행,건조,맑음,단일로 - 기타,승용,여,64세,상해없음,보행자,여,89세,중상
보행자사고,2021120200100411,2021년 12월 2일 17시,목요일,부산광역시 사상구 학장동,중상사고,0,1,0,0,차대사람 - 횡단중,안전운전불이행,건조,맑음,단일로 - 기타,승용,여,50세,기타불명,보행자,여,78세,중상
보행자사고,2021120200100626,2021년 12월 2일 23시,목요일,부산광역시 부산진구 당감동,중상사고,0,1,0,0,차대사람 - 기타,안전운전불이행,건조,맑음,단일로 - 기타,이륜,남,27세,상해없음,보행자,남,46세,중상
보행자사고,2021120300100266,2021년 12월 3일 11시,금요일,부산광역시 사상구 감전동,경상사고,0,0,1,0,차대사람 - 횡단중,보행자보호의무위반,건조,맑음,교차로 - 교차로횡단보도내,화물,남,55세,상해없음,보행자,여,53세,경상
보행자사고,2021120300100373,2021년 12월 3일 14시,금요일,부산광역시 금정구 구서동,중상사고,0,1,0,0,차대사람 - 횡단중,안전운전불이행,건조,맑음,기타 - 기타,승용,여,60세,상해없음,보행자,남,9세,중상
보행자사고,2021120300100444,2021년 12월 3일 16시,금요일,부산광역시 부산진구 전포동,경상사고,0,0,1,0,차대사람 - 횡단중,안전운전불이행,건조,맑음,단일로 - 기타,이륜,남,32세,상해없음,보행자,여,72세,경상
보행자사고,2021120300100445,2021년 12월 3일 16시,금요일,부산광역시 연제구 거제동,경상사고,0,0,1,0,차대사람 - 횡단중,안전운전불이행,건조,맑음,교차로 - 교차로부근,승합,여,54세,상해없음,보행자,여,71세,경상
보행자사고,2021120300100447,2021년 12월 3일 16시,금요일,부산광역시 강서구 대저1동,중상사고,0,1,0,0,차대사람 - 기타,안전운전불이행,건조,맑음,단일로 - 기타,승용,여,64세,상해없음,보행자,여,72세,중상
보행자사고,2021120300100492,2021년 12월 3일 17시,금요일,부산광역시 해운대구 우동,경상사고,0,0,1,0,차대사람 - 횡단중,안전운전불이행,건조,맑음,교차로 - 교차로안,승용,여,28세,상해없음,보행자,남,65세,경상
보행자사고,2021120300100707,2021년 12월 3일 22시,금요일,부산광역시 해운대구 우동,경상사고,0,0,1,0,차대사람 - 횡단중,신호위반,건조,맑음,단일로 - 기타,승합,남,57세,상해없음,보행자,남,21세,경상
보행자사고,2021120300100709,2021년 12월 3일 22시,금요일,부산광역시 부산진구 전포동,경상사고,0,0,1,0,차대사람 - 횡단중,안전운전불이행,건조,맑음,교차로 - 교차로부근,승용,남,62세,상해없음,보행자,남,48세,경상
보행자사고,2021120400100085,2021년 12월 4일 08시,토요일,부산광역시 서구 서대신동3가,중상사고,0,1,0,0,차대사람 - 길가장자리구역통행중,안전운전불이행,건조,맑음,기타 - 기타,화물,남,62세,상해없음,보행자,여,70세,중상
보행자사고,2021120400100102,2021년 12월 4일 09시,토요일,부산광역시 동래구 온천동,경상사고,0,0,1,0,차대사람 - 기타,안전운전불이행,건조,맑음,단일로 - 기타,화물,남,27세,상해없음,보행자,남,51세,경상
보행자사고,2021120400100292,2021년 12월 4일 15시,토요일,부산광역시 사상구 괘법동,중상사고,0,1,0,0,차대사람 - 횡단중,보행자보호의무위반,건조,맑음,교차로 - 교차로부근,승용,남,71세,상해없음,보행자,남,43세,중상
보행자사고,2.02112E+15,2021년 12월 4일 19시,토요일,부산광역시 동래구 안락동,중상사고,0,1,0,0,차대사람 - 기타,안전운전불이행,건조,맑음,단일로 - 기타,이륜,남,23세,상해없음,보행자,여,63세,중상
보행자사고,2021120400100491,2021년 12월 4일 21시,토요일,부산광역시 부산진구 부전동,경상사고,0,0,1,0,차대사람 - 기타,안전운전불이행,건조,맑음,단일로 - 기타,승용,남,18세,상해없음,보행자,남,26세,경상
보행자사고,2021120400100517,2021년 12월 4일 22시,토요일,부산광역시 중구 동광동3가,경상사고,0,0,1,0,차대사람 - 기타,안전운전불이행,건조,맑음,단일로 - 기타,승합,남,63세,상해없음,보행자,남,50세,경상
보행자사고,2.02112E+15,2021년 12월 4일 22시,토요일,부산광역시 부산진구 전포동,경상사고,0,0,1,0,차대사람 - 횡단중,보행자보호의무위반,건조,맑음,교차로 - 교차로부근,승용,남,64세,상해없음,보행자,남,30세,경상
보행자사고,2021120500100015,2021년 12월 5일 01시,일요일,부산광역시 금정구 청룡동,경상사고,0,0,1,0,차대사람 - 횡단중,신호위반,건조,맑음,기타 - 기타,승용,남,62세,상해없음,보행자,남,32세,경상
보행자사고,2.02112E+15,2021년 12월 5일 12시,일요일,부산광역시 남구 대연동,경상사고,0,0,1,0,차대사람 - 기타,안전운전불이행,건조,맑음,단일로 - 기타,승용,남,48세,상해없음,보행자,남,54세,경상
보행자사고,2021120500100237,2021년 12월 5일 15시,일요일,부산광역시 사하구 다대동,중상사고,0,1,0,0,차대사람 - 횡단중,안전운전불이행,건조,맑음,단일로 - 기타,승용,남,63세,상해없음,보행자,여,57세,중상
보행자사고,2021120500100263,2021년 12월 5일 16시,일요일,부산광역시 서구 동대신동3가,경상사고,0,0,1,0,차대사람 - 기타,안전운전불이행,건조,맑음,교차로 - 교차로안,승합,남,61세,상해없음,보행자,남,49세,경상
보행자사고,2021120500100264,2021년 12월 5일 16시,일요일,부산광역시 사하구 장림동,중상사고,0,1,0,0,차대사람 - 기타,기타,건조,맑음,교차로 - 교차로안,승용,남,33세,상해없음,보행자,남,72세,중상
보행자사고,2021120500100292,2021년 12월 5일 17시,일요일,부산광역시 남구 대연동,경상사고,0,0,1,0,차대사람 - 기타,안전운전불이행,건조,맑음,단일로 - 기타,승합,남,67세,상해없음,보행자,여,60세,경상
보행자사고,2021120500100293,2021년 12월 5일 17시,일요일,부산광역시 북구 덕천동,중상사고,0,1,0,0,차대사람 - 기타,안전운전불이행,건조,맑음,교차로 - 교차로안,승용,남,47세,상해없음,보행자,여,64세,중상
보행자사고,2021120500100391,2021년 12월 5일 20시,일요일,부산광역시 부산진구 초읍동,경상사고,0,0,1,0,차대사람 - 횡단중,안전운전불이행,건조,맑음,단일로 - 기타,승용,남,53세,상해없음,보행자,남,59세,경상
보행자사고,2.02112E+15,2021년 12월 6일 09시,월요일,부산광역시 사상구 모라동,경상사고,0,0,1,0,차대사람 - 기타,신호위반,건조,맑음,교차로 - 교차로횡단보도내,승용,남,71세,상해없음,보행자,여,79세,경상
보행자사고,2021120600100142,2021년 12월 6일 10시,월요일,부산광역시 서구 서대신동2가,경상사고,0,0,1,0,차대사람 - 길가장자리구역통행중,안전운전불이행,건조,맑음,교차로 - 교차로부근,승용,남,20세,상해없음,보행자,여,61세,경상
보행자사고,2021120600100359,2021년 12월 6일 17시,월요일,부산광역시 해운대구 재송동,경상사고,0,0,1,0,차대사람 - 기타,안전운전불이행,건조,맑음,단일로 - 기타,승용,남,58세,상해없음,보행자,남,7세,경상
보행자사고,2021120600100361,2021년 12월 6일 17시,월요일,부산광역시 연제구 거제동,중상사고,0,1,0,0,차대사람 - 길가장자리구역통행중,안전운전불이행,건조,맑음,교차로 - 교차로안,승합,남,66세,상해없음,보행자,여,51세,중상
보행자사고,2.02112E+15,2021년 12월 6일 18시,월요일,부산광역시 금정구 부곡동,경상사고,0,0,1,0,차대사람 - 기타,안전운전불이행,건조,맑음,교차로 - 교차로안,화물,남,52세,상해없음,보행자,여,58세,경상
보행자사고,2021120600100521,2021년 12월 6일 21시,월요일,부산광역시 서구 충무동1가,경상사고,0,0,1,0,차대사람 - 횡단중,안전운전불이행,건조,맑음,교차로 - 교차로부근,승용,여,74세,상해없음,보행자,남,62세,경상
보행자사고,2021120600100544,2021년 12월 6일 22시,월요일,부산광역시 사상구 주례동,경상사고,0,0,1,0,차대사람 - 횡단중,신호위반,건조,맑음,단일로 - 기타,이륜,남,23세,상해없음,보행자,남,54세,경상
보행자사고,2021120700100046,2021년 12월 7일 06시,화요일,부산광역시 사하구 신평동,중상사고,0,1,0,0,차대사람 - 기타,보행자보호의무위반,건조,맑음,교차로 - 교차로횡단보도내,승용,남,63세,상해없음,보행자,남,43세,중상
보행자사고,2021120700100087,2021년 12월 7일 08시,화요일,부산광역시 해운대구 반송동,경상사고,0,0,1,0,차대사람 - 횡단중,안전운전불이행,건조,맑음,교차로 - 교차로안,승용,여,44세,상해없음,보행자,여,10세,경상
보행자사고,2021120700100149,2021년 12월 7일 10시,화요일,부산광역시 수영구 수영동,경상사고,0,0,1,0,차대사람 - 기타,안전운전불이행,건조,맑음,교차로 - 교차로부근,승용,남,36세,상해없음,보행자,여,75세,경상
보행자사고,2021120700100209,2021년 12월 7일 12시,화요일,부산광역시 북구 덕천동,중상사고,0,1,0,0,차대사람 - 기타,안전운전불이행,건조,맑음,단일로 - 기타,승용,남,36세,상해없음,보행자,여,79세,중상
보행자사고,2021120700100295,2021년 12월 7일 14시,화요일,부산광역시 동구 초량동,경상사고,0,0,1,0,차대사람 - 길가장자리구역통행중,안전운전불이행,건조,맑음,단일로 - 기타,승용,여,41세,상해없음,보행자,남,43세,경상
보행자사고,2021120700100394,2021년 12월 7일 17시,화요일,부산광역시 북구 만덕동,경상사고,0,0,1,0,차대사람 - 횡단중,보행자보호의무위반,건조,맑음,교차로 - 교차로안,승용,남,65세,상해없음,보행자,여,10세,경상
보행자사고,2021120700100459,2021년 12월 7일 18시,화요일,부산광역시 해운대구 재송동,중상사고,0,1,0,0,차대사람 - 횡단중,보행자보호의무위반,건조,맑음,교차로 - 교차로안,승용,남,24세,상해없음,보행자,남,54세,중상
보행자사고,2021120700100461,2021년 12월 7일 18시,화요일,부산광역시 사하구 당리동,중상사고,0,1,0,0,차대사람 - 횡단중,보행자보호의무위반,건조,맑음,기타 - 기타,이륜,남,18세,상해없음,보행자,남,21세,중상
보행자사고,2021120800100001,2021년 12월 8일 00시,수요일,부산광역시 부산진구 부전동,경상사고,0,0,1,0,차대사람 - 길가장자리구역통행중,안전운전불이행,건조,맑음,단일로 - 기타,승용,남,23세,상해없음,보행자,남,38세,경상
보행자사고,2021120800100137,2021년 12월 8일 09시,수요일,부산광역시 기장군 일광면,경상사고,0,0,1,0,차대사람 - 횡단중,보행자보호의무위반,건조,맑음,교차로 - 교차로횡단보도내,승용,여,28세,상해없음,보행자,남,65세,경상
보행자사고,2021120800100192,2021년 12월 8일 11시,수요일,부산광역시 해운대구 중동,중상사고,0,1,0,0,차대사람 - 횡단중,보행자보호의무위반,건조,맑음,단일로 - 기타,승용,남,78세,상해없음,보행자,여,63세,중상
보행자사고,2021120800100253,2021년 12월 8일 13시,수요일,부산광역시 서구 아미동2가,경상사고,0,0,1,0,차대사람 - 길가장자리구역통행중,안전운전불이행,건조,맑음,단일로 - 기타,승용,남,62세,상해없음,보행자,여,41세,경상
보행자사고,2021120800100254,2021년 12월 8일 13시,수요일,부산광역시 부산진구 부전동,경상사고,0,0,1,0,차대사람 - 보도통행중,기타,건조,맑음,기타 - 기타,화물,남,37세,상해없음,보행자,남,58세,경상
보행자사고,2021120800100325,2021년 12월 8일 15시,수요일,부산광역시 동래구 명륜동,중상사고,0,1,0,0,차대사람 - 기타,안전운전불이행,건조,맑음,단일로 - 기타,자전거,남,62세,상해없음,보행자,여,70세,중상
보행자사고,2.02112E+15,2021년 12월 8일 16시,수요일,부산광역시 영도구 동삼동,중상사고,0,1,0,0,차대사람 - 기타,안전운전불이행,건조,맑음,단일로 - 기타,승용,남,42세,상해없음,보행자,여,70세,중상
보행자사고,2021120800100362,2021년 12월 8일 16시,수요일,부산광역시 사상구 엄궁동,중상사고,0,1,0,0,차대사람 - 기타,안전운전불이행,건조,맑음,교차로 - 교차로안,승용,여,54세,상해없음,보행자,남,51세,중상
보행자사고,2021120800100406,2021년 12월 8일 17시,수요일,부산광역시 사하구 괴정동,중상사고,0,1,0,0,차대사람 - 횡단중,안전운전불이행,건조,맑음,단일로 - 기타,승용,남,28세,상해없음,보행자,남,62세,중상
보행자사고,2021120800100512,2021년 12월 8일 19시,수요일,부산광역시 연제구 연산동,중상사고,0,1,0,0,차대사람 - 기타,안전운전불이행,건조,맑음,단일로 - 기타,승용,남,53세,상해없음,보행자,여,67세,중상
보행자사고,2021120900100024,2021년 12월 9일 03시,목요일,부산광역시 연제구 연산동,중상사고,0,1,1,0,차대사람 - 횡단중,신호위반,건조,맑음,단일로 - 기타,이륜,남,25세,상해없음,보행자,여,48세,중상
보행자사고,2021120900100116,2021년 12월 9일 09시,목요일,부산광역시 영도구 영선동3가,경상사고,0,0,2,0,차대사람 - 기타,안전운전불이행,건조,맑음,단일로 - 기타,화물,여,68세,상해없음,보행자,남,31세,경상
보행자사고,2.02112E+15,2021년 12월 10일 10시,금요일,부산광역시 중구 신창동1가,경상사고,0,0,1,0,차대사람 - 기타,안전운전불이행,건조,맑음,단일로 - 기타,승용,남,46세,상해없음,보행자,여,22세,경상
보행자사고,2021121000100189,2021년 12월 10일 11시,금요일,부산광역시 금정구 남산동,중상사고,0,1,0,0,차대사람 - 횡단중,보행자보호의무위반,건조,맑음,단일로 - 기타,승용,남,60세,상해없음,보행자,남,55세,중상
보행자사고,2021121000100295,2021년 12월 10일 14시,금요일,부산광역시 동구 초량동,중상사고,0,1,0,0,차대사람 - 기타,신호위반,건조,맑음,단일로 - 기타,승용,남,41세,상해없음,보행자,여,8세,중상
보행자사고,2021121000100359,2021년 12월 10일 16시,금요일,부산광역시 부산진구 양정동,경상사고,0,0,1,0,차대사람 - 기타,안전운전불이행,건조,맑음,단일로 - 기타,승용,남,47세,상해없음,보행자,여,20세,경상
보행자사고,2021121000100513,2021년 12월 10일 19시,금요일,부산광역시 영도구 영선동3가,경상사고,0,0,1,0,차대사람 - 기타,안전운전불이행,건조,맑음,단일로 - 기타,승용,남,70세,상해없음,보행자,여,38세,경상