사고부문,사고번호,사고일시,요일,시군구,사고내용,사망자수,중상자수,경상자수,부상신고자수,사고유형,법규위반,노면상태,기상상태,도로형태,가해운전자 차종,가해운전자 성별,가해운전자 연령,가해운전자 상해정도,피해운전자 차종,피해운전자 성별,피해운전자 연령,피해운전자 상해정도
보행자사고,2.02112E+15,2021년 12월 11일 00시,토요일,부산광역시 해운대구 좌동,경상사고,0,0,1,0,차대사람 - 보도통행중,안전운전불이행,건조,맑음,단일로 - 기타,승용,남,26세,상해없음,보행자,남,30세,경상
보행자사고,2021121100100059,2021년 12월 11일 05시,토요일,부산광역시 연제구 연산동,중상사고,0,1,0,0,차대사람 - 횡단중,안전운전불이행,건조,맑음,교차로 - 교차로부근,승용,남,25세,상해없음,보행자,여,72세,중상
보행자사고,2.02112E+15,2021년 12월 11일 14시,토요일,부산광역시 동래구 안락동,중상사고,0,1,0,0,차대사람 - 보도통행중,안전운전불이행,건조,맑음,단일로 - 기타,자전거,남,12세,기타불명,보행자,여,68세,중상
보행자사고,2021121100100284,2021년 12월 11일 15시,토요일,부산광역시 사상구 모라동,중상사고,0,1,0,0,차대사람 - 횡단중,보행자보호의무위반,건조,맑음,교차로 - 교차로횡단보도내,승용,남,59세,상해없음,보행자,여,74세,중상
보행자사고,2021121100100316,2021년 12월 11일 16시,토요일,부산광역시 남구 감만동,부상신고사고,0,0,0,1,차대사람 - 횡단중,안전운전불이행,건조,맑음,단일로 - 기타,승합,남,34세,상해없음,보행자,여,52세,부상신고
보행자사고,2021121100100345,2021년 12월 11일 17시,토요일,부산광역시 사상구 덕포동,경상사고,0,0,1,0,차대사람 - 기타,기타,건조,맑음,기타 - 기타,승용,남,65세,상해없음,보행자,여,54세,경상
보행자사고,2021121200100038,2021년 12월 12일 02시,일요일,부산광역시 부산진구 부전동,경상사고,0,0,4,0,차대사람 - 기타,안전운전불이행,건조,맑음,교차로 - 교차로안,승용,남,25세,상해없음,보행자,남,23세,경상
보행자사고,2021121200100148,2021년 12월 12일 13시,일요일,부산광역시 중구 대청동4가,중상사고,0,1,0,0,차대사람 - 횡단중,신호위반,건조,맑음,단일로 - 기타,승용,남,62세,상해없음,보행자,여,58세,중상
보행자사고,2021121200100236,2021년 12월 12일 16시,일요일,부산광역시 부산진구 부전동,경상사고,0,0,1,0,차대사람 - 차도통행중,안전운전불이행,건조,맑음,단일로 - 기타,이륜,남,46세,상해없음,보행자,여,19세,경상
보행자사고,2.02112E+15,2021년 12월 13일 11시,월요일,부산광역시 동래구 안락동,경상사고,0,0,1,0,차대사람 - 보도통행중,기타,건조,맑음,단일로 - 기타,이륜,남,68세,상해없음,보행자,여,22세,경상
보행자사고,2021121300100257,2021년 12월 13일 12시,월요일,부산광역시 연제구 연산동,경상사고,0,0,1,1,차대사람 - 기타,안전운전불이행,건조,맑음,단일로 - 기타,승용,여,56세,부상신고,보행자,남,31세,경상
보행자사고,2021121300100283,2021년 12월 13일 13시,월요일,부산광역시 해운대구 반여동,경상사고,0,0,1,0,차대사람 - 횡단중,보행자보호의무위반,건조,맑음,교차로 - 교차로횡단보도내,승용,남,45세,상해없음,보행자,남,71세,경상
보행자사고,2021121300100443,2021년 12월 13일 18시,월요일,부산광역시 동래구 복천동,경상사고,0,0,1,0,차대사람 - 기타,기타,건조,맑음,단일로 - 기타,기타불명,기타불명,미분류,기타불명,보행자,여,41세,경상
보행자사고,2021121300100503,2021년 12월 13일 19시,월요일,부산광역시 사상구 괘법동,중상사고,0,1,0,0,차대사람 - 횡단중,보행자보호의무위반,건조,맑음,교차로 - 교차로부근,승용,남,60세,상해없음,보행자,여,51세,중상
보행자사고,2.02112E+15,2021년 12월 14일 08시,화요일,부산광역시 동래구 복천동,경상사고,0,0,1,0,차대사람 - 횡단중,안전운전불이행,건조,맑음,단일로 - 기타,승용,남,29세,상해없음,보행자,남,10세,경상
보행자사고,2021121400100136,2021년 12월 14일 10시,화요일,부산광역시 남구 감만동,중상사고,0,1,0,0,차대사람 - 횡단중,보행자보호의무위반,건조,맑음,교차로 - 교차로횡단보도내,화물,남,52세,상해없음,보행자,여,63세,중상
보행자사고,2021121400100137,2021년 12월 14일 10시,화요일,부산광역시 사상구 감전동,중상사고,0,1,0,0,차대사람 - 횡단중,안전운전불이행,건조,맑음,교차로 - 교차로안,화물,남,53세,상해없음,보행자,여,80세,중상
보행자사고,2021121400100226,2021년 12월 14일 14시,화요일,부산광역시 수영구 남천동,중상사고,0,1,0,0,차대사람 - 횡단중,보행자보호의무위반,건조,맑음,교차로 - 교차로횡단보도내,승용,남,59세,상해없음,보행자,여,37세,중상
보행자사고,2021121400100252,2021년 12월 14일 15시,화요일,부산광역시 중구 부평동3가,중상사고,0,1,0,0,차대사람 - 보도통행중,안전운전불이행,건조,맑음,기타 - 기타,원동기,여,50세,상해없음,보행자,남,37세,중상
보행자사고,2021121400100253,2021년 12월 14일 15시,화요일,부산광역시 남구 용호동,부상신고사고,0,0,0,1,차대사람 - 기타,보행자보호의무위반,건조,맑음,교차로 - 교차로안,승용,여,52세,상해없음,보행자,남,61세,부상신고
보행자사고,2021121400100286,2021년 12월 14일 16시,화요일,부산광역시 사하구 신평동,경상사고,0,0,1,0,차대사람 - 기타,안전운전불이행,건조,맑음,단일로 - 지하차도(도로)내,화물,남,55세,상해없음,보행자,남,34세,경상
보행자사고,2021121400100385,2021년 12월 14일 18시,화요일,부산광역시 수영구 광안동,중상사고,0,1,0,0,차대사람 - 차도통행중,안전운전불이행,건조,맑음,교차로 - 교차로안,승용,여,30세,상해없음,보행자,여,54세,중상
보행자사고,2021121400100387,2021년 12월 14일 18시,화요일,부산광역시 사상구 주례동,경상사고,0,0,1,0,차대사람 - 횡단중,안전운전불이행,건조,맑음,교차로 - 교차로안,승용,남,49세,상해없음,보행자,여,83세,경상
보행자사고,2021121400100443,2021년 12월 14일 19시,화요일,부산광역시 부산진구 부전동,경상사고,0,0,1,0,차대사람 - 기타,안전운전불이행,건조,맑음,기타 - 기타,화물,남,50세,상해없음,보행자,남,19세,경상
보행자사고,2021121500100056,2021년 12월 15일 06시,수요일,부산광역시 금정구 서동,경상사고,0,0,1,0,차대사람 - 횡단중,보행자보호의무위반,건조,맑음,단일로 - 기타,승용,남,67세,상해없음,보행자,여,68세,경상
보행자사고,2021121500100114,2021년 12월 15일 08시,수요일,부산광역시 연제구 연산동,중상사고,0,1,6,0,차대차 - 추돌,안전운전불이행,건조,맑음,단일로 - 기타,승용,여,45세,상해없음,승용,여,45세,경상
보행자사고,2021121500100232,2021년 12월 15일 12시,수요일,부산광역시 영도구 청학동,중상사고,0,1,0,0,차대사람 - 차도통행중,안전운전불이행,건조,맑음,단일로 - 기타,승용,여,40세,상해없음,보행자,여,84세,중상
보행자사고,2.02112E+15,2021년 12월 15일 13시,수요일,부산광역시 수영구 광안동,중상사고,0,1,0,0,차대사람 - 보도통행중,안전운전불이행,건조,맑음,교차로 - 교차로안,승용,여,48세,기타불명,보행자,남,75세,중상
보행자사고,2021121500100261,2021년 12월 15일 13시,수요일,부산광역시 부산진구 양정동,경상사고,0,0,1,0,차대사람 - 기타,안전운전불이행,건조,맑음,교차로 - 교차로안,승용,남,67세,기타불명,보행자,여,22세,경상
보행자사고,2021121500100316,2021년 12월 15일 15시,수요일,부산광역시 서구 부민동2가,부상신고사고,0,0,0,1,차대사람 - 횡단중,안전운전불이행,건조,맑음,단일로 - 기타,승용,남,35세,상해없음,보행자,여,72세,부상신고
보행자사고,2021121500100318,2021년 12월 15일 15시,수요일,부산광역시 연제구 거제동,경상사고,0,0,1,0,차대사람 - 횡단중,보행자보호의무위반,건조,맑음,단일로 - 기타,승용,여,65세,상해없음,보행자,여,6세,경상
보행자사고,2021121500100345,2021년 12월 15일 16시,수요일,부산광역시 사상구 주례동,사망사고,1,0,0,0,차대사람 - 기타,안전운전불이행,건조,맑음,단일로 - 기타,승합,남,31세,상해없음,보행자,여,83세,사망
보행자사고,2021121500100564,2021년 12월 15일 21시,수요일,부산광역시 강서구 명지동,경상사고,0,0,2,0,차대사람 - 기타,안전운전불이행,건조,맑음,교차로 - 교차로부근,승용,남,47세,경상,보행자,남,58세,경상
보행자사고,2021121600100057,2021년 12월 16일 07시,목요일,부산광역시 연제구 연산동,경상사고,0,0,1,0,차대사람 - 기타,안전운전불이행,건조,맑음,단일로 - 기타,승용,남,29세,상해없음,보행자,여,43세,경상
보행자사고,2021121600100113,2021년 12월 16일 09시,목요일,부산광역시 해운대구 재송동,중상사고,0,1,0,0,차대사람 - 기타,안전운전불이행,젖음/습기,흐림,단일로 - 기타,기타불명,기타불명,미분류,기타불명,보행자,여,69세,중상
보행자사고,2021121600100278,2021년 12월 16일 15시,목요일,부산광역시 사상구 엄궁동,경상사고,0,0,1,0,차대사람 - 기타,안전운전불이행,건조,맑음,단일로 - 기타,승용,여,43세,상해없음,보행자,남,54세,경상
보행자사고,2021121600100332,2021년 12월 16일 17시,목요일,부산광역시 부산진구 부전동,중상사고,0,1,0,0,차대사람 - 기타,안전운전불이행,건조,맑음,단일로 - 기타,승용,남,57세,상해없음,보행자,남,62세,중상
보행자사고,2021121600100452,2021년 12월 16일 20시,목요일,부산광역시 남구 대연동,중상사고,0,1,0,0,차대사람 - 길가장자리구역통행중,중앙선침범,건조,맑음,단일로 - 기타,승용,남,67세,상해없음,보행자,남,74세,중상
보행자사고,2021121700100044,2021년 12월 17일 05시,금요일,부산광역시 서구 서대신동1가,중상사고,0,1,0,0,차대사람 - 횡단중,신호위반,건조,맑음,단일로 - 기타,승용,남,65세,상해없음,보행자,남,58세,중상
보행자사고,2021121700100093,2021년 12월 17일 08시,금요일,부산광역시 중구 대청동1가,중상사고,0,1,0,0,차대사람 - 횡단중,신호위반,건조,맑음,교차로 - 교차로횡단보도내,화물,남,68세,상해없음,보행자,여,50세,중상
보행자사고,2021121700100175,2021년 12월 17일 11시,금요일,부산광역시 부산진구 전포동,중상사고,0,1,0,1,차대사람 - 횡단중,안전운전불이행,건조,기타,단일로 - 기타,이륜,남,66세,부상신고,보행자,여,64세,중상
보행자사고,2021121700100216,2021년 12월 17일 12시,금요일,부산광역시 사상구 엄궁동,중상사고,0,1,0,0,차대사람 - 차도통행중,안전운전불이행,건조,맑음,단일로 - 지하차도(도로)내,승용,남,39세,상해없음,보행자,남,47세,중상
보행자사고,2021121700100311,2021년 12월 17일 15시,금요일,부산광역시 동래구 사직동,경상사고,0,0,1,0,차대사람 - 차도통행중,안전운전불이행,건조,맑음,단일로 - 기타,승용,여,36세,상해없음,보행자,여,69세,경상
보행자사고,2021121700100315,2021년 12월 17일 15시,금요일,부산광역시 기장군 정관읍,경상사고,0,0,1,0,차대사람 - 횡단중,안전운전불이행,건조,맑음,교차로 - 교차로안,이륜,남,43세,상해없음,보행자,여,7세,경상
보행자사고,2.02112E+15,2021년 12월 17일 16시,금요일,부산광역시 해운대구 좌동,중상사고,0,1,0,0,차대사람 - 횡단중,안전운전불이행,건조,맑음,단일로 - 기타,원동기,남,22세,상해없음,보행자,여,29세,중상
보행자사고,2021121700100467,2021년 12월 17일 18시,금요일,부산광역시 수영구 광안동,부상신고사고,0,0,0,1,차대사람 - 차도통행중,안전운전불이행,건조,맑음,교차로 - 교차로안,승용,남,43세,상해없음,보행자,남,56세,부상신고
보행자사고,2021121700100469,2021년 12월 17일 18시,금요일,부산광역시 동래구 명장동,경상사고,0,0,1,0,차대사람 - 기타,안전운전불이행,건조,맑음,교차로 - 교차로안,화물,남,36세,상해없음,보행자,남,34세,경상
보행자사고,2021121700100471,2021년 12월 17일 18시,금요일,부산광역시 사하구 하단동,중상사고,0,1,0,0,차대사람 - 횡단중,신호위반,건조,맑음,교차로 - 교차로안,승용,여,63세,상해없음,보행자,여,79세,중상
보행자사고,2021121800100099,2021년 12월 18일 08시,토요일,부산광역시 연제구 연산동,중상사고,0,1,0,0,차대사람 - 기타,보행자보호의무위반,건조,맑음,단일로 - 기타,승용,남,62세,상해없음,보행자,여,46세,중상
보행자사고,2021121800100139,2021년 12월 18일 10시,토요일,부산광역시 동래구 명륜동,경상사고,0,0,1,0,차대사람 - 기타,안전운전불이행,건조,맑음,단일로 - 기타,승용,여,51세,상해없음,보행자,남,63세,경상
보행자사고,2021121800100223,2021년 12월 18일 13시,토요일,부산광역시 금정구 서동,경상사고,0,0,1,0,차대사람 - 횡단중,보행자보호의무위반,건조,맑음,교차로 - 교차로부근,화물,남,57세,상해없음,보행자,남,43세,경상
보행자사고,2021121800100314,2021년 12월 18일 15시,토요일,부산광역시 남구 대연동,중상사고,0,1,0,0,차대사람 - 횡단중,보행자보호의무위반,건조,맑음,단일로 - 기타,화물,남,47세,상해없음,보행자,남,77세,중상
보행자사고,2021121800100315,2021년 12월 18일 15시,토요일,부산광역시 해운대구 우동,경상사고,0,0,1,0,차대사람 - 횡단중,신호위반,건조,맑음,단일로 - 기타,승합,남,53세,상해없음,보행자,여,25세,경상
보행자사고,2021121800100368,2021년 12월 18일 16시,토요일,부산광역시 부산진구 전포동,경상사고,0,0,1,0,차대사람 - 기타,안전운전불이행,건조,맑음,교차로 - 교차로부근,승용,남,45세,상해없음,보행자,남,40세,경상
보행자사고,2021121800100455,2021년 12월 18일 18시,토요일,부산광역시 사상구 학장동,경상사고,0,0,1,0,차대사람 - 횡단중,보행자보호의무위반,건조,맑음,단일로 - 기타,화물,남,45세,상해없음,보행자,여,62세,경상
보행자사고,2.02112E+15,2021년 12월 18일 21시,토요일,부산광역시 사상구 괘법동,중상사고,0,1,1,0,차대사람 - 횡단중,보행자보호의무위반,건조,맑음,단일로 - 기타,승용,여,46세,상해없음,보행자,여,50세,중상
보행자사고,2021121900100056,2021년 12월 19일 09시,일요일,부산광역시 사하구 하단동,중상사고,0,1,0,0,차대사람 - 기타,안전운전불이행,건조,맑음,교차로 - 교차로횡단보도내,승합,남,46세,상해없음,보행자,여,80세,중상
보행자사고,2021121900100298,2021년 12월 19일 20시,일요일,부산광역시 중구 영주동,경상사고,0,0,1,0,차대사람 - 횡단중,보행자보호의무위반,건조,맑음,단일로 - 기타,이륜,남,54세,상해없음,보행자,여,25세,경상
보행자사고,2.02112E+15,2021년 12월 19일 20시,일요일,부산광역시 북구 구포동,경상사고,0,0,1,0,차대사람 - 기타,안전운전불이행,건조,맑음,기타 - 기타,승용,남,52세,상해없음,보행자,남,66세,경상
보행자사고,2.02112E+15,2021년 12월 20일 07시,월요일,부산광역시 금정구 금사동,중상사고,0,1,0,0,차대사람 - 차도통행중,안전운전불이행,건조,맑음,교차로 - 교차로안,화물,남,42세,상해없음,보행자,남,67세,중상
보행자사고,2021122000100061,2021년 12월 20일 08시,월요일,부산광역시 강서구 대저1동,중상사고,0,1,0,0,차대사람 - 횡단중,안전운전불이행,건조,맑음,교차로 - 교차로부근,화물,남,32세,상해없음,보행자,남,37세,중상
보행자사고,2021122000100151,2021년 12월 20일 11시,월요일,부산광역시 동래구 온천동,경상사고,0,0,1,0,차대사람 - 횡단중,보행자보호의무위반,건조,맑음,교차로 - 교차로안,승용,남,59세,상해없음,보행자,여,56세,경상
보행자사고,2021122000100154,2021년 12월 20일 11시,월요일,부산광역시 부산진구 부전동,중상사고,0,1,0,0,차대사람 - 기타,안전운전불이행,건조,맑음,단일로 - 기타,승용,여,30세,상해없음,보행자,여,81세,중상
보행자사고,2021122000100155,2021년 12월 20일 11시,월요일,부산광역시 연제구 연산동,경상사고,0,0,1,0,차대사람 - 기타,보행자보호의무위반,건조,맑음,교차로 - 교차로횡단보도내,승용,여,61세,상해없음,보행자,여,33세,경상
보행자사고,2021122000100227,2021년 12월 20일 13시,월요일,부산광역시 부산진구 부전동,경상사고,0,0,1,0,차대사람 - 횡단중,안전운전불이행,건조,맑음,단일로 - 기타,승용,남,28세,상해없음,보행자,여,21세,경상
보행자사고,2021122000100257,2021년 12월 20일 14시,월요일,부산광역시 금정구 서동,중상사고,0,1,0,0,차대사람 - 기타,안전운전불이행,건조,맑음,기타 - 기타,승용,여,60세,상해없음,보행자,남,69세,중상
보행자사고,2021122000100341,2021년 12월 20일 16시,월요일,부산광역시 서구 부용동1가,경상사고,0,0,1,0,차대사람 - 보도통행중,신호위반,건조,맑음,교차로 - 교차로부근,원동기,남,65세,상해없음,보행자,여,20세,경상
보행자사고,2021122000100343,2021년 12월 20일 16시,월요일,부산광역시 기장군 철마면,경상사고,0,0,1,0,차대사람 - 기타,안전운전불이행,건조,맑음,교차로 - 교차로안,화물,남,74세,상해없음,보행자,여,57세,경상
보행자사고,2021122000100383,2021년 12월 20일 17시,월요일,부산광역시 수영구 광안동,중상사고,0,1,0,0,차대사람 - 기타,안전운전불이행,건조,맑음,단일로 - 기타,승용,남,51세,상해없음,보행자,남,9세,중상
보행자사고,2021122000100508,2021년 12월 20일 19시,월요일,부산광역시 금정구 장전동,중상사고,0,1,0,0,차대사람 - 차도통행중,안전운전불이행,건조,맑음,단일로 - 기타,승용,여,57세,상해없음,보행자,여,30세,중상
보행자사고,2021122000100509,2021년 12월 20일 19시,월요일,부산광역시 사하구 하단동,경상사고,0,0,1,0,차대사람 - 차도통행중,안전운전불이행,건조,맑음,단일로 - 기타,승용,남,62세,상해없음,보행자,남,63세,경상
보행자사고,2.02112E+15,2021년 12월 20일 23시,월요일,부산광역시 북구 덕천동,경상사고,0,0,1,0,차대사람 - 기타,안전운전불이행,건조,맑음,교차로 - 교차로안,화물,남,65세,상해없음,보행자,남,58세,경상
보행자사고,2021122100100023,2021년 12월 21일 06시,화요일,부산광역시 북구 덕천동,중상사고,0,1,0,0,차대사람 - 기타,안전운전불이행,건조,맑음,단일로 - 기타,승용,남,54세,상해없음,보행자,여,31세,중상
보행자사고,2021122100100081,2021년 12월 21일 08시,화요일,부산광역시 연제구 연산동,경상사고,0,0,1,0,차대사람 - 횡단중,신호위반,건조,맑음,단일로 - 기타,승용,여,32세,상해없음,보행자,여,50세,경상
보행자사고,2021122100100138,2021년 12월 21일 10시,화요일,부산광역시 부산진구 부전동,중상사고,0,1,0,0,차대사람 - 기타,안전운전불이행,건조,맑음,단일로 - 기타,화물,남,72세,상해없음,보행자,여,62세,중상
보행자사고,2021122100100169,2021년 12월 21일 11시,화요일,부산광역시 동래구 온천동,경상사고,0,0,1,0,차대사람 - 횡단중,보행자보호의무위반,건조,맑음,교차로 - 교차로안,승용,남,81세,상해없음,보행자,남,37세,경상
보행자사고,2021122100100218,2021년 12월 21일 13시,화요일,부산광역시 서구 충무동3가,중상사고,0,1,0,0,차대사람 - 기타,안전운전불이행,건조,맑음,교차로 - 교차로안,승용,남,75세,상해없음,보행자,남,86세,중상
보행자사고,2021122100100438,2021년 12월 21일 19시,화요일,부산광역시 해운대구 재송동,경상사고,0,0,1,0,차대사람 - 기타,안전운전불이행,건조,맑음,단일로 - 기타,승용,남,56세,상해없음,보행자,여,32세,경상
보행자사고,2021122200100017,2021년 12월 22일 06시,수요일,부산광역시 사상구 학장동,중상사고,0,1,0,0,차대사람 - 보도통행중,보행자보호의무위반,건조,맑음,교차로 - 교차로횡단보도내,승용,남,62세,상해없음,보행자,남,44세,중상
보행자사고,2021122200100037,2021년 12월 22일 07시,수요일,부산광역시 해운대구 반송동,중상사고,0,1,0,0,차대사람 - 횡단중,안전운전불이행,건조,맑음,단일로 - 기타,화물,남,76세,상해없음,보행자,남,71세,중상
보행자사고,2021122200100235,2021년 12월 22일 13시,수요일,부산광역시 수영구 수영동,사망사고,2,0,0,0,차대사람 - 기타,기타,건조,맑음,교차로 - 교차로안,승용,남,82세,상해없음,보행자,여,59세,사망
보행자사고,2021122200100307,2021년 12월 22일 15시,수요일,부산광역시 북구 만덕동,부상신고사고,0,0,0,2,차대사람 - 기타,안전운전불이행,건조,맑음,교차로 - 교차로안,화물,여,57세,상해없음,보행자,여,40세,부상신고
보행자사고,2021122200100308,2021년 12월 22일 15시,수요일,부산광역시 동래구 수안동,경상사고,0,0,2,0,차대차 - 추돌,안전거리미확보,건조,맑음,단일로 - 기타,승용,여,58세,상해없음,승용,남,42세,경상
보행자사고,2021122200100348,2021년 12월 22일 16시,수요일,부산광역시 부산진구 범천동,경상사고,0,0,1,0,차대사람 - 기타,안전운전불이행,건조,맑음,기타 - 기타,승용,남,58세,상해없음,보행자,남,10세,경상
보행자사고,2021122200100389,2021년 12월 22일 17시,수요일,부산광역시 동래구 수안동,경상사고,0,0,1,0,차대사람 - 횡단중,안전운전불이행,건조,맑음,교차로 - 교차로안,이륜,남,49세,상해없음,보행자,남,60세,경상
보행자사고,2021122200100493,2021년 12월 22일 19시,수요일,부산광역시 서구 암남동,중상사고,0,1,0,0,차대사람 - 횡단중,신호위반,건조,맑음,단일로 - 기타,이륜,남,59세,상해없음,보행자,여,76세,중상
보행자사고,2021122300100045,2021년 12월 23일 07시,목요일,부산광역시 금정구 회동동,경상사고,0,0,1,0,차대사람 - 횡단중,보행자보호의무위반,건조,맑음,단일로 - 기타,승합,남,56세,상해없음,보행자,남,48세,경상
보행자사고,2021122300100155,2021년 12월 23일 11시,목요일,부산광역시 동구 수정동,중상사고,0,1,0,0,차대사람 - 차도통행중,안전운전불이행,건조,맑음,단일로 - 기타,승용,남,53세,상해없음,보행자,남,70세,중상
보행자사고,2021122300100187,2021년 12월 23일 12시,목요일,부산광역시 사상구 괘법동,중상사고,0,1,0,0,차대사람 - 길가장자리구역통행중,안전운전불이행,건조,맑음,단일로 - 기타,승용,남,66세,상해없음,보행자,여,82세,중상
보행자사고,2021122300100279,2021년 12월 23일 15시,목요일,부산광역시 북구 만덕동,중상사고,0,1,0,0,차대사람 - 기타,안전운전불이행,건조,맑음,단일로 - 지하차도(도로)내,이륜,남,24세,상해없음,보행자,여,9세,중상
보행자사고,2.02112E+15,2021년 12월 23일 15시,목요일,부산광역시 부산진구 범천동,부상신고사고,0,0,0,1,차대사람 - 기타,안전운전불이행,건조,맑음,단일로 - 교량,화물,남,35세,상해없음,보행자,여,58세,부상신고
보행자사고,2.02112E+15,2021년 12월 23일 20시,목요일,부산광역시 동래구 온천동,중상사고,0,1,0,0,차대사람 - 차도통행중,안전운전불이행,건조,맑음,단일로 - 기타,승용,여,33세,상해없음,보행자,여,21세,중상
보행자사고,2021122400100131,2021년 12월 24일 10시,금요일,부산광역시 해운대구 우동,부상신고사고,0,0,0,1,차대사람 - 기타,안전운전불이행,건조,맑음,단일로 - 기타,승합,남,79세,상해없음,보행자,남,28세,부상신고
보행자사고,2.02112E+15,2021년 12월 24일 15시,금요일,부산광역시 서구 부민동3가,중상사고,0,1,0,0,차대사람 - 기타,안전운전불이행,건조,맑음,단일로 - 기타,승용,남,57세,상해없음,보행자,여,63세,중상
보행자사고,2021122400100271,2021년 12월 24일 15시,금요일,부산광역시 수영구 광안동,경상사고,0,0,1,0,차대사람 - 기타,보행자보호의무위반,건조,맑음,기타 - 기타,이륜,남,36세,상해없음,보행자,남,72세,경상
보행자사고,2021122400100347,2021년 12월 24일 17시,금요일,부산광역시 동래구 낙민동,중상사고,0,1,0,0,차대사람 - 횡단중,보행자보호의무위반,건조,맑음,단일로 - 기타,승용,남,67세,상해없음,보행자,남,8세,중상
보행자사고,2021122400100401,2021년 12월 24일 18시,금요일,부산광역시 사하구 괴정동,중상사고,0,1,0,0,차대사람 - 차도통행중,안전운전불이행,건조,맑음,단일로 - 기타,이륜,남,18세,기타불명,보행자,남,59세,중상
보행자사고,2021122400100564,2021년 12월 24일 21시,금요일,부산광역시 영도구 청학동,중상사고,0,1,0,0,차대사람 - 횡단중,보행자보호의무위반,건조,맑음,단일로 - 기타,화물,남,36세,상해없음,보행자,남,66세,중상
보행자사고,2021122400100565,2021년 12월 24일 21시,금요일,부산광역시 부산진구 부전동,경상사고,0,0,3,0,차대사람 - 횡단중,안전운전불이행,건조,맑음,교차로 - 교차로부근,이륜,남,18세,상해없음,보행자,남,22세,경상
보행자사고,2021122400100608,2021년 12월 24일 22시,금요일,부산광역시 부산진구 범천동,중상사고,0,1,0,0,차대사람 - 기타,안전운전불이행,건조,맑음,단일로 - 기타,승용,여,47세,상해없음,보행자,여,76세,중상
보행자사고,2021122400100633,2021년 12월 24일 23시,금요일,부산광역시 북구 구포동,중상사고,0,1,0,0,차대사람 - 기타,안전운전불이행,건조,맑음,단일로 - 지하차도(도로)내,이륜,남,52세,상해없음,보행자,여,64세,중상
보행자사고,2021122600100073,2021년 12월 26일 12시,일요일,부산광역시 남구 용호동,경상사고,0,0,1,0,차대사람 - 보도통행중,보행자보호의무위반,건조,맑음,교차로 - 교차로횡단보도내,승용,남,73세,상해없음,보행자,남,29세,경상
보행자사고,2021122600100126,2021년 12월 26일 14시,일요일,부산광역시 동래구 온천동,경상사고,0,0,1,0,차대사람 - 횡단중,보행자보호의무위반,건조,맑음,교차로 - 교차로횡단보도내,승용,남,56세,상해없음,보행자,여,48세,경상
보행자사고,2021122600100157,2021년 12월 26일 15시,일요일,부산광역시 동래구 온천동,경상사고,0,0,1,0,차대사람 - 차도통행중,안전운전불이행,건조,맑음,단일로 - 기타,승용,여,37세,상해없음,보행자,여,9세,경상
보행자사고,2021122600100291,2021년 12월 26일 20시,일요일,부산광역시 수영구 광안동,경상사고,0,0,1,0,차대사람 - 길가장자리구역통행중,안전운전불이행,건조,맑음,기타 - 기타,승용,남,59세,상해없음,보행자,남,61세,경상
보행자사고,2021122600100293,2021년 12월 26일 20시,일요일,부산광역시 사하구 장림동,경상사고,0,0,1,0,차대사람 - 기타,안전운전불이행,건조,맑음,기타 - 기타,이륜,남,27세,상해없음,보행자,여,18세,경상
보행자사고,2021122600100316,2021년 12월 26일 21시,일요일,부산광역시 남구 대연동,중상사고,0,1,0,0,차대사람 - 길가장자리구역통행중,안전운전불이행,건조,맑음,단일로 - 기타,승용,남,34세,상해없음,보행자,여,23세,중상
보행자사고,2021122600100342,2021년 12월 26일 22시,일요일,부산광역시 금정구 서동,경상사고,0,0,1,0,차대사람 - 길가장자리구역통행중,안전운전불이행,건조,맑음,기타 - 기타,승용,남,39세,상해없음,보행자,남,51세,경상
보행자사고,2021122700100096,2021년 12월 27일 09시,월요일,부산광역시 중구 동광동3가,경상사고,0,0,1,0,차대사람 - 횡단중,보행자보호의무위반,건조,맑음,교차로 - 교차로안,승용,여,46세,상해없음,보행자,여,28세,경상
보행자사고,2021122700100152,2021년 12월 27일 11시,월요일,부산광역시 부산진구 초읍동,경상사고,0,0,1,0,차대사람 - 기타,안전운전불이행,건조,맑음,교차로 - 교차로안,승용,여,44세,상해없음,보행자,남,63세,경상
보행자사고,2021122700100212,2021년 12월 27일 13시,월요일,부산광역시 부산진구 부전동,중상사고,0,1,0,0,차대사람 - 기타,안전운전불이행,건조,맑음,교차로 - 교차로안,이륜,남,39세,상해없음,보행자,여,80세,중상
보행자사고,2021122700100356,2021년 12월 27일 17시,월요일,부산광역시 사상구 엄궁동,경상사고,0,0,2,0,차대사람 - 횡단중,신호위반,건조,맑음,단일로 - 기타,승용,여,46세,상해없음,보행자,여,63세,경상
보행자사고,2021122800100027,2021년 12월 28일 05시,화요일,부산광역시 사상구 엄궁동,경상사고,0,0,1,0,차대사람 - 기타,기타,건조,맑음,단일로 - 기타,승용,남,69세,상해없음,보행자,여,68세,경상
보행자사고,2021122800100041,2021년 12월 28일 06시,화요일,부산광역시 수영구 광안동,경상사고,0,0,1,0,차대사람 - 횡단중,안전운전불이행,건조,맑음,단일로 - 기타,승용,남,55세,상해없음,보행자,남,27세,경상