사고부문,사고번호,사고일시,요일,시군구,사고내용,사망자수,중상자수,경상자수,부상신고자수,사고유형,법규위반,노면상태,기상상태,도로형태,가해운전자 차종,가해운전자 성별,가해운전자 연령,가해운전자 상해정도,피해운전자 차종,피해운전자 성별,피해운전자 연령,피해운전자 상해정도
보행자사고,2022011500100359,2022년 1월 15일 18시,토요일,부산광역시 해운대구 우동,중상사고,0,1,0,0,차대사람 - 차도통행중,안전운전불이행,건조,맑음,단일로 - 기타,승용,남,28세,상해없음,보행자,여,66세,중상
보행자사고,2022011600100111,2022년 1월 16일 12시,일요일,부산광역시 해운대구 우동,경상사고,0,0,1,0,차대사람 - 길가장자리구역통행중,안전운전불이행,건조,맑음,단일로 - 기타,기타불명,기타불명,미분류,기타불명,보행자,여,19세,경상
보행자사고,2022011600100258,2022년 1월 16일 18시,일요일,부산광역시 북구 화명동,경상사고,0,0,1,0,차대사람 - 기타,보행자보호의무위반,건조,맑음,단일로 - 기타,승용,남,34세,상해없음,보행자,남,56세,경상
보행자사고,2022011600100286,2022년 1월 16일 19시,일요일,부산광역시 서구 토성동4가,경상사고,0,0,1,0,차대사람 - 횡단중,보행자보호의무위반,건조,맑음,교차로 - 교차로횡단보도내,승용,여,65세,상해없음,보행자,남,63세,경상
보행자사고,2022011600100336,2022년 1월 16일 21시,일요일,부산광역시 금정구 장전동,경상사고,0,0,1,0,차대사람 - 기타,기타,건조,맑음,교차로 - 교차로부근,승용,남,40세,상해없음,보행자,여,22세,경상
보행자사고,2.02201E+15,2022년 1월 16일 22시,일요일,부산광역시 금정구 서동,부상신고사고,0,0,0,1,차대사람 - 차도통행중,안전운전불이행,건조,맑음,교차로 - 교차로부근,승용,여,25세,상해없음,보행자,여,64세,부상신고
보행자사고,2022011700100161,2022년 1월 17일 12시,월요일,부산광역시 중구 보수동1가,중상사고,0,1,0,0,차대사람 - 횡단중,안전운전불이행,건조,맑음,교차로 - 교차로부근,승용,남,67세,상해없음,보행자,여,70세,중상
보행자사고,2022011700100163,2022년 1월 17일 12시,월요일,부산광역시 금정구 금사동,경상사고,0,0,1,0,차대사람 - 횡단중,안전운전불이행,건조,맑음,교차로 - 교차로안,이륜,남,51세,상해없음,보행자,남,6세,경상
보행자사고,2022011700100261,2022년 1월 17일 15시,월요일,부산광역시 중구 부평동2가,경상사고,0,0,1,0,차대사람 - 기타,안전운전불이행,건조,맑음,교차로 - 교차로부근,승용,남,28세,상해없음,보행자,남,36세,경상
보행자사고,2022011700100371,2022년 1월 17일 18시,월요일,부산광역시 부산진구 부전동,중상사고,0,1,0,0,차대사람 - 기타,보행자보호의무위반,건조,맑음,단일로 - 기타,이륜,기타불명,미분류,기타불명,보행자,여,24세,중상
보행자사고,2022011700100517,2022년 1월 17일 23시,월요일,부산광역시 사하구 하단동,중상사고,0,1,0,0,차대사람 - 횡단중,안전운전불이행,건조,맑음,교차로 - 교차로부근,승용,남,67세,상해없음,보행자,남,26세,중상
보행자사고,2022011800100206,2022년 1월 18일 12시,화요일,부산광역시 동래구 안락동,경상사고,0,0,1,0,차대사람 - 횡단중,안전운전불이행,건조,맑음,단일로 - 기타,승용,남,67세,상해없음,보행자,여,31세,경상
보행자사고,2022011800100207,2022년 1월 18일 12시,화요일,부산광역시 금정구 구서동,중상사고,0,1,0,0,차대사람 - 횡단중,중앙선침범,건조,맑음,단일로 - 기타,이륜,남,45세,상해없음,보행자,여,65세,중상
보행자사고,2022011800100237,2022년 1월 18일 13시,화요일,부산광역시 영도구 영선동2가,중상사고,0,1,0,0,차대사람 - 횡단중,보행자보호의무위반,건조,맑음,교차로 - 교차로횡단보도내,승용,남,60세,상해없음,보행자,남,54세,중상
보행자사고,2022011800100239,2022년 1월 18일 13시,화요일,부산광역시 연제구 연산동,중상사고,0,1,0,0,차대사람 - 횡단중,신호위반,건조,맑음,단일로 - 기타,승합,남,58세,상해없음,보행자,여,82세,중상
보행자사고,2022011800100279,2022년 1월 18일 14시,화요일,부산광역시 북구 만덕동,중상사고,0,1,0,0,차대사람 - 기타,안전운전불이행,건조,맑음,단일로 - 기타,승합,남,60세,상해없음,보행자,남,79세,중상
보행자사고,2.02201E+15,2022년 1월 18일 14시,화요일,부산광역시 해운대구 좌동,중상사고,0,1,0,0,차대사람 - 보도통행중,안전운전불이행,건조,맑음,기타 - 기타,자전거,남,10세,상해없음,보행자,여,83세,중상
보행자사고,2022011800100281,2022년 1월 18일 14시,화요일,부산광역시 부산진구 당감동,중상사고,0,1,0,0,차대사람 - 횡단중,안전운전불이행,건조,맑음,단일로 - 기타,승용,남,79세,상해없음,보행자,여,72세,중상
보행자사고,2022011800100366,2022년 1월 18일 16시,화요일,부산광역시 수영구 민락동,부상신고사고,0,0,0,1,차대사람 - 보도통행중,신호위반,건조,맑음,교차로 - 교차로부근,승용,남,75세,상해없음,보행자,여,26세,부상신고
보행자사고,2022011800100553,2022년 1월 18일 20시,화요일,부산광역시 해운대구 우동,경상사고,0,0,1,0,차대사람 - 횡단중,보행자보호의무위반,건조,맑음,단일로 - 기타,승용,남,51세,상해없음,보행자,남,40세,경상
보행자사고,2022011900100264,2022년 1월 19일 15시,수요일,부산광역시 수영구 수영동,중상사고,0,1,0,0,차대사람 - 기타,안전운전불이행,건조,맑음,단일로 - 기타,화물,남,43세,상해없음,보행자,여,71세,중상
보행자사고,2022011900100267,2022년 1월 19일 15시,수요일,부산광역시 사상구 엄궁동,중상사고,0,1,0,0,차대사람 - 보도통행중,중앙선침범,건조,맑음,교차로 - 교차로부근,승용,여,63세,상해없음,보행자,남,72세,중상
보행자사고,2022011900100287,2022년 1월 19일 16시,수요일,부산광역시 연제구 연산동,중상사고,0,1,0,0,차대사람 - 횡단중,보행자보호의무위반,건조,맑음,교차로 - 교차로횡단보도내,화물,남,61세,상해없음,보행자,남,58세,중상
보행자사고,2022011900100395,2022년 1월 19일 19시,수요일,부산광역시 사하구 괴정동,경상사고,0,0,1,0,차대사람 - 기타,안전운전불이행,건조,맑음,단일로 - 지하차도(도로)내,승용,남,62세,상해없음,보행자,남,69세,경상
보행자사고,2022011900100439,2022년 1월 19일 21시,수요일,부산광역시 부산진구 부전동,중상사고,0,1,0,0,차대사람 - 횡단중,안전운전불이행,건조,맑음,단일로 - 기타,승용,남,57세,상해없음,보행자,여,21세,중상
보행자사고,2022012000100212,2022년 1월 20일 13시,목요일,부산광역시 남구 감만동,사망사고,1,0,0,0,차대사람 - 횡단중,보행자보호의무위반,건조,맑음,단일로 - 기타,화물,남,74세,상해없음,보행자,남,75세,사망
보행자사고,2022012000100241,2022년 1월 20일 14시,목요일,부산광역시 동래구 명륜동,중상사고,0,1,0,0,차대사람 - 횡단중,신호위반,건조,맑음,단일로 - 기타,승용,남,25세,상해없음,보행자,여,62세,중상
보행자사고,2022012000100305,2022년 1월 20일 16시,목요일,부산광역시 동구 초량동,경상사고,0,0,1,0,차대사람 - 기타,안전운전불이행,건조,맑음,단일로 - 기타,승합,남,59세,상해없음,보행자,여,45세,경상
보행자사고,2022012000100306,2022년 1월 20일 16시,목요일,부산광역시 남구 용호동,중상사고,0,1,0,0,차대사람 - 횡단중,안전운전불이행,건조,맑음,단일로 - 기타,승용,남,55세,상해없음,보행자,여,4세,중상
보행자사고,2022012000100344,2022년 1월 20일 17시,목요일,부산광역시 해운대구 재송동,경상사고,0,0,2,0,차대사람 - 기타,보행자보호의무위반,적설,맑음,단일로 - 기타,화물,남,60세,상해없음,보행자,남,70세,경상
보행자사고,2022012000100383,2022년 1월 20일 18시,목요일,부산광역시 해운대구 반여동,경상사고,0,0,1,0,차대사람 - 기타,안전운전불이행,건조,맑음,단일로 - 기타,승용,남,45세,상해없음,보행자,남,26세,경상
보행자사고,2022012000100556,2022년 1월 20일 22시,목요일,부산광역시 북구 덕천동,경상사고,0,0,1,0,차대사람 - 차도통행중,안전운전불이행,건조,맑음,기타 - 기타,승용,남,64세,상해없음,보행자,남,27세,경상
보행자사고,2022012100100018,2022년 1월 21일 04시,금요일,부산광역시 연제구 거제동,중상사고,0,1,0,0,차대사람 - 횡단중,보행자보호의무위반,건조,맑음,단일로 - 기타,승용,남,50세,상해없음,보행자,남,67세,중상
보행자사고,2.02201E+15,2022년 1월 21일 11시,금요일,부산광역시 강서구 명지동,중상사고,0,1,0,0,차대사람 - 횡단중,신호위반,건조,맑음,단일로 - 기타,이륜,남,31세,상해없음,보행자,여,68세,중상
보행자사고,2022012100100249,2022년 1월 21일 12시,금요일,부산광역시 금정구 서동,경상사고,0,0,1,0,차대사람 - 횡단중,보행자보호의무위반,건조,맑음,교차로 - 교차로부근,승용,남,50세,상해없음,보행자,남,67세,경상
보행자사고,2022012100100355,2022년 1월 21일 15시,금요일,부산광역시 부산진구 전포동,경상사고,0,0,1,0,차대사람 - 차도통행중,안전운전불이행,건조,맑음,단일로 - 기타,승용,남,74세,상해없음,보행자,남,43세,경상
보행자사고,2022012100100404,2022년 1월 21일 16시,금요일,부산광역시 동래구 온천동,중상사고,0,1,0,0,차대사람 - 차도통행중,보행자보호의무위반,건조,맑음,교차로 - 교차로부근,승용,남,50세,상해없음,보행자,남,10세,중상
보행자사고,2022012100100405,2022년 1월 21일 16시,금요일,부산광역시 해운대구 우동,경상사고,0,0,1,0,차대사람 - 횡단중,신호위반,건조,맑음,교차로 - 교차로부근,화물,남,42세,상해없음,보행자,여,20세,경상
보행자사고,2022012100100406,2022년 1월 21일 16시,금요일,부산광역시 부산진구 부암동,중상사고,0,1,0,0,차대사람 - 기타,안전운전불이행,건조,맑음,기타 - 기타,승용,여,39세,상해없음,보행자,여,73세,중상
보행자사고,2022012100100407,2022년 1월 21일 16시,금요일,부산광역시 부산진구 부전동,경상사고,0,0,1,0,차대사람 - 횡단중,안전운전불이행,건조,맑음,단일로 - 기타,승용,남,23세,상해없음,보행자,여,51세,경상
보행자사고,2.02201E+15,2022년 1월 21일 19시,금요일,부산광역시 북구 덕천동,경상사고,0,0,1,0,차대사람 - 횡단중,안전운전불이행,건조,맑음,기타 - 기타,화물,남,72세,상해없음,보행자,남,67세,경상
보행자사고,2022012100100572,2022년 1월 21일 19시,금요일,부산광역시 연제구 연산동,경상사고,0,0,1,0,차대사람 - 기타,안전운전불이행,건조,맑음,단일로 - 기타,승합,남,40세,상해없음,보행자,여,74세,경상
보행자사고,2022012200100017,2022년 1월 22일 03시,토요일,부산광역시 해운대구 반여동,중상사고,0,1,0,0,차대사람 - 기타,안전운전불이행,건조,맑음,단일로 - 기타,승용,남,46세,상해없음,보행자,남,24세,중상
보행자사고,2022012200100093,2022년 1월 22일 10시,토요일,부산광역시 동래구 온천동,경상사고,0,0,1,0,차대사람 - 기타,안전운전불이행,건조,맑음,교차로 - 교차로부근,기타불명,기타불명,미분류,기타불명,보행자,여,67세,경상
보행자사고,2022012200100201,2022년 1월 22일 13시,토요일,부산광역시 금정구 구서동,경상사고,0,0,1,0,차대사람 - 횡단중,안전운전불이행,건조,맑음,교차로 - 교차로부근,승용,여,45세,상해없음,보행자,여,43세,경상
보행자사고,2022012200100328,2022년 1월 22일 17시,토요일,부산광역시 사하구 하단동,경상사고,0,0,1,0,차대사람 - 차도통행중,안전운전불이행,건조,맑음,단일로 - 기타,승용,남,43세,상해없음,보행자,남,69세,경상
보행자사고,2022012300100332,2022년 1월 23일 20시,일요일,부산광역시 부산진구 부전동,경상사고,0,0,1,0,차대사람 - 횡단중,안전운전불이행,건조,맑음,단일로 - 기타,이륜,남,21세,상해없음,보행자,남,61세,경상
보행자사고,2022012400100069,2022년 1월 24일 08시,월요일,부산광역시 남구 대연동,사망사고,1,0,0,0,차대사람 - 보도통행중,보행자보호의무위반,건조,흐림,단일로 - 기타,승용,남,62세,상해없음,보행자,남,74세,사망
보행자사고,2022012400100071,2022년 1월 24일 08시,월요일,부산광역시 금정구 부곡동,중상사고,0,1,0,0,차대사람 - 횡단중,안전운전불이행,건조,맑음,단일로 - 기타,승용,남,72세,상해없음,보행자,여,89세,중상
보행자사고,2022012400100359,2022년 1월 24일 17시,월요일,부산광역시 금정구 서동,중상사고,0,1,0,0,차대사람 - 기타,안전운전불이행,건조,맑음,단일로 - 기타,승용,남,76세,상해없음,보행자,여,44세,중상
보행자사고,2022012400100547,2022년 1월 24일 22시,월요일,부산광역시 북구 덕천동,경상사고,0,0,1,0,차대사람 - 기타,안전운전불이행,건조,맑음,단일로 - 기타,승용,남,39세,상해없음,보행자,남,28세,경상
보행자사고,2022012500100068,2022년 1월 25일 08시,화요일,부산광역시 부산진구 개금동,경상사고,0,0,1,0,차대사람 - 횡단중,신호위반,건조,맑음,단일로 - 기타,승용,남,77세,상해없음,보행자,여,56세,경상
보행자사고,2022012500100117,2022년 1월 25일 10시,화요일,부산광역시 수영구 남천동,경상사고,0,0,1,0,차대사람 - 기타,안전운전불이행,건조,맑음,교차로 - 교차로부근,화물,남,55세,상해없음,보행자,여,72세,경상
보행자사고,2022012500100118,2022년 1월 25일 10시,화요일,부산광역시 수영구 광안동,중상사고,0,1,0,0,차대사람 - 기타,안전운전불이행,건조,맑음,기타 - 기타,기타불명,기타불명,미분류,기타불명,보행자,여,67세,중상
보행자사고,2.02201E+15,2022년 1월 25일 10시,화요일,부산광역시 해운대구 우동,중상사고,0,1,0,0,차대사람 - 횡단중,안전운전불이행,건조,흐림,교차로 - 교차로안,승용,남,60세,상해없음,보행자,여,81세,중상
보행자사고,2022012500100121,2022년 1월 25일 10시,화요일,부산광역시 부산진구 부전동,경상사고,0,0,1,0,차대사람 - 기타,안전운전불이행,건조,맑음,단일로 - 기타,승용,남,25세,상해없음,보행자,남,63세,경상
보행자사고,2022012500100215,2022년 1월 25일 13시,화요일,부산광역시 남구 대연동,경상사고,0,0,1,0,차대사람 - 보도통행중,기타,건조,맑음,단일로 - 기타,승용,남,76세,상해없음,보행자,여,26세,경상
보행자사고,2022012500100246,2022년 1월 25일 14시,화요일,부산광역시 남구 용호동,중상사고,0,1,0,0,차대사람 - 기타,안전운전불이행,건조,맑음,교차로 - 교차로안,승용,여,39세,상해없음,보행자,여,86세,중상
보행자사고,2022012500100337,2022년 1월 25일 17시,화요일,부산광역시 동래구 수안동,경상사고,0,0,1,0,차대사람 - 차도통행중,안전운전불이행,건조,맑음,단일로 - 기타,이륜,남,19세,상해없음,보행자,남,55세,경상
보행자사고,2022012500100461,2022년 1월 25일 20시,화요일,부산광역시 해운대구 반여동,중상사고,0,1,0,0,차대사람 - 기타,기타,건조,맑음,단일로 - 기타,화물,남,69세,상해없음,보행자,남,57세,중상
보행자사고,2022012500100462,2022년 1월 25일 20시,화요일,부산광역시 사하구 괴정동,중상사고,0,1,0,0,차대사람 - 횡단중,신호위반,건조,맑음,교차로 - 교차로부근,승용,남,30세,상해없음,보행자,여,28세,중상
보행자사고,2022012600100236,2022년 1월 26일 13시,수요일,부산광역시 금정구 장전동,경상사고,0,0,1,0,차대사람 - 기타,안전운전불이행,건조,맑음,기타 - 기타,승용,여,44세,상해없음,보행자,여,28세,경상
보행자사고,2022012600100264,2022년 1월 26일 14시,수요일,부산광역시 남구 대연동,경상사고,0,0,1,0,차대사람 - 횡단중,신호위반,건조,맑음,교차로 - 교차로안,승용,여,33세,상해없음,보행자,여,64세,경상
보행자사고,2022012600100328,2022년 1월 26일 16시,수요일,부산광역시 해운대구 반송동,중상사고,0,1,0,0,차대사람 - 횡단중,안전운전불이행,건조,맑음,단일로 - 기타,승용,여,53세,상해없음,보행자,남,11세,중상
보행자사고,2022012600100488,2022년 1월 26일 20시,수요일,부산광역시 부산진구 부전동,경상사고,0,0,1,0,차대사람 - 기타,안전운전불이행,건조,맑음,교차로 - 교차로부근,승용,남,51세,상해없음,보행자,남,46세,경상
보행자사고,2022012700100018,2022년 1월 27일 05시,목요일,부산광역시 사상구 학장동,중상사고,0,1,0,0,차대사람 - 보도통행중,보행자보호의무위반,건조,맑음,교차로 - 교차로부근,승용,남,74세,상해없음,보행자,여,61세,중상
보행자사고,2.02201E+15,2022년 1월 27일 07시,목요일,부산광역시 동래구 칠산동,중상사고,0,2,0,0,차대사람 - 보도통행중,기타,건조,맑음,단일로 - 기타,화물,남,55세,상해없음,보행자,여,65세,중상
보행자사고,2022012700100154,2022년 1월 27일 11시,목요일,부산광역시 금정구 두구동,중상사고,0,1,1,0,차대차 - 기타,안전운전불이행,건조,맑음,단일로 - 기타,건설기계,남,55세,상해없음,화물,남,52세,중상
보행자사고,2022012700100284,2022년 1월 27일 15시,목요일,부산광역시 부산진구 전포동,경상사고,0,0,1,0,차대사람 - 기타,안전운전불이행,건조,맑음,단일로 - 기타,승용,여,40세,상해없음,보행자,여,20세,경상
보행자사고,2022012700100353,2022년 1월 27일 17시,목요일,부산광역시 부산진구 가야동,중상사고,0,1,0,0,차대사람 - 횡단중,안전운전불이행,건조,맑음,기타 - 기타,승용,남,64세,상해없음,보행자,남,10세,중상
보행자사고,2.02201E+15,2022년 1월 27일 18시,목요일,부산광역시 동래구 온천동,경상사고,0,0,1,0,차대사람 - 횡단중,안전운전불이행,건조,맑음,교차로 - 교차로부근,승용,남,67세,상해없음,보행자,남,40세,경상
보행자사고,2.02201E+15,2022년 1월 27일 19시,목요일,부산광역시 부산진구 범천동,경상사고,0,0,2,0,차대사람 - 횡단중,안전운전불이행,건조,맑음,교차로 - 교차로안,승용,남,81세,상해없음,보행자,여,67세,경상
보행자사고,2022012800100014,2022년 1월 28일 05시,금요일,부산광역시 남구 용당동,중상사고,0,1,0,0,차대사람 - 기타,안전운전불이행,건조,맑음,단일로 - 기타,승용,남,70세,상해없음,보행자,여,66세,중상
보행자사고,2022012800100031,2022년 1월 28일 07시,금요일,부산광역시 동구 범일동,중상사고,0,1,0,0,차대사람 - 기타,안전운전불이행,건조,맑음,교차로 - 교차로안,화물,남,59세,상해없음,보행자,여,62세,중상
보행자사고,2022012800100148,2022년 1월 28일 11시,금요일,부산광역시 영도구 동삼동,경상사고,0,0,1,0,차대사람 - 횡단중,보행자보호의무위반,건조,맑음,교차로 - 교차로횡단보도내,승용,여,46세,상해없음,보행자,남,25세,경상
보행자사고,2022012800100151,2022년 1월 28일 11시,금요일,부산광역시 사하구 다대동,중상사고,0,1,0,0,차대사람 - 횡단중,신호위반,건조,맑음,교차로 - 교차로안,원동기,남,83세,상해없음,보행자,여,33세,중상
보행자사고,2022012800100152,2022년 1월 28일 11시,금요일,부산광역시 수영구 수영동,경상사고,0,0,1,1,차대사람 - 기타,안전운전불이행,건조,맑음,기타 - 기타,자전거,남,51세,부상신고,보행자,여,52세,경상
보행자사고,2022012800100183,2022년 1월 28일 12시,금요일,부산광역시 부산진구 부전동,중상사고,0,1,0,0,차대사람 - 기타,안전운전불이행,건조,맑음,단일로 - 기타,승용,남,28세,상해없음,보행자,남,62세,중상
보행자사고,2022012800100265,2022년 1월 28일 14시,금요일,부산광역시 금정구 서동,중상사고,0,1,0,0,차대사람 - 기타,보행자보호의무위반,건조,맑음,교차로 - 교차로부근,화물,남,45세,상해없음,보행자,남,71세,중상
보행자사고,2022012800100307,2022년 1월 28일 15시,금요일,부산광역시 영도구 청학동,중상사고,0,1,0,0,차대사람 - 횡단중,안전운전불이행,건조,맑음,단일로 - 기타,화물,남,37세,상해없음,보행자,여,55세,중상
보행자사고,2022012800100354,2022년 1월 28일 16시,금요일,부산광역시 강서구 명지동,중상사고,0,1,0,0,차대사람 - 기타,안전운전불이행,건조,맑음,기타 - 기타,자전거,남,9세,상해없음,보행자,여,44세,중상
보행자사고,2022012800100578,2022년 1월 28일 21시,금요일,부산광역시 수영구 광안동,부상신고사고,0,0,0,1,차대사람 - 차도통행중,안전운전불이행,건조,맑음,교차로 - 교차로부근,승용,남,30세,기타불명,보행자,여,26세,부상신고
보행자사고,2022012800100579,2022년 1월 28일 21시,금요일,부산광역시 부산진구 부전동,경상사고,0,0,2,0,차대사람 - 길가장자리구역통행중,안전운전불이행,건조,맑음,단일로 - 기타,승용,남,39세,상해없음,보행자,여,25세,경상
보행자사고,2.02201E+15,2022년 1월 28일 21시,금요일,부산광역시 부산진구 부전동,경상사고,0,0,1,0,차대사람 - 기타,안전운전불이행,건조,맑음,교차로 - 교차로안,이륜,남,24세,상해없음,보행자,여,27세,경상
보행자사고,2022012900100027,2022년 1월 29일 06시,토요일,부산광역시 서구 서대신동3가,중상사고,0,1,0,0,차대사람 - 횡단중,안전운전불이행,건조,맑음,교차로 - 교차로부근,승용,남,37세,상해없음,보행자,여,60세,중상
보행자사고,2022012900100061,2022년 1월 29일 09시,토요일,부산광역시 금정구 서동,경상사고,0,0,1,0,차대사람 - 횡단중,안전운전불이행,건조,맑음,교차로 - 교차로안,승용,남,35세,상해없음,보행자,남,60세,경상
보행자사고,2022012900100135,2022년 1월 29일 12시,토요일,부산광역시 동구 초량동,경상사고,0,0,1,0,차대사람 - 차도통행중,안전운전불이행,건조,맑음,단일로 - 기타,승용,남,60세,상해없음,보행자,여,80세,경상
보행자사고,2022012900100258,2022년 1월 29일 16시,토요일,부산광역시 동래구 안락동,중상사고,0,1,0,0,차대사람 - 차도통행중,안전운전불이행,건조,맑음,단일로 - 기타,화물,남,35세,상해없음,보행자,남,69세,중상
보행자사고,2022012900100259,2022년 1월 29일 16시,토요일,부산광역시 동래구 복천동,경상사고,0,0,1,0,차대사람 - 차도통행중,안전운전불이행,건조,맑음,단일로 - 기타,승용,여,76세,상해없음,보행자,여,59세,경상
보행자사고,2.02201E+15,2022년 1월 29일 16시,토요일,부산광역시 동래구 사직동,경상사고,0,0,1,0,차대사람 - 횡단중,안전운전불이행,건조,맑음,교차로 - 교차로부근,화물,남,70세,상해없음,보행자,남,55세,경상
보행자사고,2022012900100387,2022년 1월 29일 20시,토요일,부산광역시 강서구 신호동,부상신고사고,0,0,0,1,차대사람 - 기타,안전운전불이행,건조,맑음,교차로 - 교차로부근,승용,남,56세,상해없음,보행자,여,22세,부상신고
보행자사고,2022012900100417,2022년 1월 29일 21시,토요일,부산광역시 사하구 장림동,중상사고,0,1,0,0,차대사람 - 횡단중,보행자보호의무위반,건조,맑음,단일로 - 기타,승용,남,59세,상해없음,보행자,남,63세,중상
보행자사고,2022013000100036,2022년 1월 30일 09시,일요일,부산광역시 동래구 온천동,경상사고,0,0,1,0,차대사람 - 횡단중,안전운전불이행,건조,맑음,교차로 - 교차로안,화물,남,66세,상해없음,보행자,여,49세,경상
보행자사고,2022013000100065,2022년 1월 30일 11시,일요일,부산광역시 기장군 기장읍,경상사고,0,0,1,0,차대사람 - 기타,안전운전불이행,건조,맑음,단일로 - 기타,승용,남,44세,상해없음,보행자,남,59세,경상
보행자사고,2.02201E+15,2022년 1월 30일 14시,일요일,부산광역시 금정구 두구동,중상사고,0,1,0,0,차대사람 - 기타,안전운전불이행,건조,맑음,교차로 - 교차로안,승용,남,64세,상해없음,보행자,남,73세,중상
보행자사고,2022013000100333,2022년 1월 30일 21시,일요일,부산광역시 사상구 괘법동,경상사고,0,0,1,0,차대사람 - 차도통행중,안전운전불이행,건조,맑음,교차로 - 교차로부근,승용,남,64세,상해없음,보행자,남,64세,경상
보행자사고,2022013000100365,2022년 1월 30일 23시,일요일,부산광역시 남구 대연동,사망사고,1,0,0,0,차대사람 - 보도통행중,안전운전불이행,건조,맑음,교차로 - 교차로횡단보도내,승용,남,62세,상해없음,보행자,남,79세,사망
보행자사고,2022013100100148,2022년 1월 31일 15시,월요일,부산광역시 수영구 망미동,경상사고,0,0,1,0,차대사람 - 기타,안전운전불이행,건조,맑음,단일로 - 기타,승용,남,68세,상해없음,보행자,남,31세,경상
보행자사고,2022013100100217,2022년 1월 31일 18시,월요일,부산광역시 남구 용당동,중상사고,0,1,0,0,차대사람 - 길가장자리구역통행중,안전운전불이행,건조,맑음,교차로 - 교차로부근,승합,남,57세,상해없음,보행자,남,68세,중상
보행자사고,2022020100100053,2022년 2월 1일 11시,화요일,부산광역시 수영구 망미동,경상사고,0,0,1,0,차대사람 - 기타,안전운전불이행,건조,맑음,단일로 - 기타,승합,남,52세,상해없음,보행자,여,63세,경상
보행자사고,2022020200100011,2022년 2월 2일 01시,수요일,부산광역시 사하구 장림동,중상사고,0,1,0,0,차대사람 - 기타,안전운전불이행,건조,맑음,단일로 - 지하차도(도로)내,이륜,남,21세,기타불명,보행자,남,67세,중상
보행자사고,2022020200100285,2022년 2월 2일 21시,수요일,부산광역시 부산진구 양정동,중상사고,0,1,0,0,차대사람 - 길가장자리구역통행중,안전운전불이행,건조,맑음,교차로 - 교차로부근,승용,남,68세,상해없음,보행자,남,25세,중상
보행자사고,2022020200100286,2022년 2월 2일 21시,수요일,부산광역시 사상구 덕포동,사망사고,1,0,0,0,차대사람 - 횡단중,기타,건조,맑음,단일로 - 지하차도(도로)내,승용,남,34세,상해없음,보행자,남,63세,사망
보행자사고,2022020300100196,2022년 2월 3일 13시,목요일,부산광역시 금정구 서동,중상사고,0,1,1,0,차대사람 - 횡단중,안전운전불이행,건조,맑음,단일로 - 기타,이륜,남,43세,경상,보행자,여,24세,중상
보행자사고,2022020400100054,2022년 2월 4일 08시,금요일,부산광역시 동래구 안락동,중상사고,0,1,0,0,차대사람 - 횡단중,안전운전불이행,건조,맑음,교차로 - 교차로안,승용,여,45세,상해없음,보행자,여,67세,중상
보행자사고,2022020400100056,2022년 2월 4일 08시,금요일,부산광역시 금정구 부곡동,경상사고,0,0,1,0,차대사람 - 기타,보행자보호의무위반,건조,맑음,교차로 - 교차로안,승용,남,33세,상해없음,보행자,남,56세,경상
보행자사고,2022020400100105,2022년 2월 4일 10시,금요일,부산광역시 부산진구 개금동,경상사고,0,0,1,0,차대사람 - 기타,안전운전불이행,건조,맑음,단일로 - 기타,승용,남,57세,상해없음,보행자,여,22세,경상
보행자사고,2022020400100131,2022년 2월 4일 11시,금요일,부산광역시 동래구 안락동,경상사고,0,0,1,0,차대사람 - 기타,보행자보호의무위반,건조,맑음,단일로 - 기타,승합,남,38세,상해없음,보행자,여,84세,경상
보행자사고,2022020400100193,2022년 2월 4일 13시,금요일,부산광역시 부산진구 부암동,경상사고,0,0,1,0,차대사람 - 기타,안전운전불이행,건조,맑음,주차장 - 주차장,승용,남,54세,상해없음,보행자,여,74세,경상
보행자사고,2022020400100219,2022년 2월 4일 14시,금요일,부산광역시 해운대구 반송동,중상사고,0,2,1,0,차대차 - 기타,안전운전불이행,건조,맑음,교차로 - 교차로부근,승용,남,60세,상해없음,승용,남,30세,경상
보행자사고,2022020400100242,2022년 2월 4일 15시,금요일,부산광역시 수영구 광안동,중상사고,0,1,0,0,차대사람 - 횡단중,안전운전불이행,건조,맑음,교차로 - 교차로안,화물,남,81세,상해없음,보행자,남,92세,중상
보행자사고,2022020400100244,2022년 2월 4일 15시,금요일,부산광역시 금정구 서동,중상사고,0,1,0,0,차대사람 - 기타,기타,건조,맑음,단일로 - 기타,승용,남,48세,상해없음,보행자,남,60세,중상
보행자사고,2022020400100448,2022년 2월 4일 21시,금요일,부산광역시 수영구 광안동,경상사고,0,0,1,0,차대사람 - 차도통행중,안전운전불이행,건조,맑음,교차로 - 교차로부근,승용,여,59세,상해없음,보행자,남,74세,경상
보행자사고,2.02202E+15,2022년 2월 5일 12시,토요일,부산광역시 남구 용당동,경상사고,0,0,1,0,차대사람 - 차도통행중,안전운전불이행,건조,맑음,단일로 - 기타,화물,남,57세,상해없음,보행자,남,55세,경상
보행자사고,2022020500100342,2022년 2월 5일 21시,토요일,부산광역시 해운대구 우동,경상사고,0,0,1,0,차대사람 - 기타,안전운전불이행,건조,맑음,단일로 - 기타,승용,남,25세,상해없음,보행자,여,29세,경상