사고부문,사고번호,사고일시,요일,시군구,사고내용,사망자수,중상자수,경상자수,부상신고자수,사고유형,법규위반,노면상태,기상상태,도로형태,가해운전자 차종,가해운전자 성별,가해운전자 연령,가해운전자 상해정도,피해운전자 차종,피해운전자 성별,피해운전자 연령,피해운전자 상해정도
보행자사고,2022030900100002,2022년 3월 9일 00시,수요일,부산광역시 중구 영주동,중상사고,0,1,0,0,차대사람 - 횡단중,안전운전불이행,건조,맑음,교차로 - 교차로부근,승용,남,22세,상해없음,보행자,남,28세,중상
보행자사고,2.02203E+15,2022년 3월 9일 05시,수요일,부산광역시 사하구 하단동,중상사고,0,1,0,0,차대차 - 기타,기타,건조,흐림,교차로 - 교차로부근,승용,남,49세,상해없음,승용,남,75세,상해없음
보행자사고,2022030900100165,2022년 3월 9일 13시,수요일,부산광역시 남구 문현동,중상사고,0,1,0,0,차대사람 - 횡단중,안전운전불이행,건조,맑음,교차로 - 교차로횡단보도내,승용,남,38세,상해없음,보행자,여,67세,중상
보행자사고,2022030900100303,2022년 3월 9일 18시,수요일,부산광역시 기장군 기장읍,중상사고,0,1,0,0,차대사람 - 횡단중,안전운전불이행,건조,맑음,단일로 - 기타,이륜,남,51세,상해없음,보행자,여,78세,중상
보행자사고,2022030900100327,2022년 3월 9일 19시,수요일,부산광역시 부산진구 개금동,중상사고,0,1,0,0,차대사람 - 횡단중,보행자보호의무위반,건조,맑음,단일로 - 기타,승용,남,33세,상해없음,보행자,여,89세,중상
보행자사고,2022031000100016,2022년 3월 10일 03시,목요일,부산광역시 남구 용당동,경상사고,0,0,1,0,차대사람 - 기타,보행자보호의무위반,건조,맑음,교차로 - 교차로안,승용,남,68세,상해없음,보행자,남,42세,경상
보행자사고,2022031000100047,2022년 3월 10일 07시,목요일,부산광역시 영도구 동삼동,경상사고,0,0,1,0,차대사람 - 횡단중,안전운전불이행,건조,맑음,단일로 - 지하차도(도로)내,승용,여,59세,기타불명,보행자,여,15세,경상
보행자사고,2022031000100063,2022년 3월 10일 08시,목요일,부산광역시 중구 중앙동4가,경상사고,0,0,1,0,차대사람 - 길가장자리구역통행중,안전운전불이행,건조,맑음,주차장 - 주차장,승용,남,38세,상해없음,보행자,남,34세,경상
보행자사고,2022031000100142,2022년 3월 10일 11시,목요일,부산광역시 동래구 안락동,중상사고,0,1,0,0,차대사람 - 횡단중,중앙선침범,건조,맑음,단일로 - 기타,승용,남,24세,상해없음,보행자,여,71세,중상
보행자사고,2022031000100191,2022년 3월 10일 13시,목요일,부산광역시 부산진구 전포동,중상사고,0,1,0,0,차대사람 - 횡단중,보행자보호의무위반,건조,맑음,교차로 - 교차로횡단보도내,승용,여,19세,상해없음,보행자,남,61세,중상
보행자사고,2022031000100379,2022년 3월 10일 20시,목요일,부산광역시 남구 대연동,부상신고사고,0,0,0,1,차대사람 - 횡단중,안전운전불이행,건조,맑음,교차로 - 교차로안,승용,여,26세,상해없음,보행자,남,57세,부상신고
보행자사고,2022031100100044,2022년 3월 11일 07시,금요일,부산광역시 북구 덕천동,중상사고,0,1,0,0,차대사람 - 차도통행중,안전운전불이행,건조,맑음,단일로 - 지하차도(도로)내,승용,남,47세,상해없음,보행자,여,81세,중상
보행자사고,2022031100100061,2022년 3월 11일 08시,금요일,부산광역시 사하구 당리동,경상사고,0,0,1,0,차대사람 - 기타,안전운전불이행,건조,맑음,단일로 - 기타,화물,남,41세,상해없음,보행자,여,49세,경상
보행자사고,2022031100100088,2022년 3월 11일 09시,금요일,부산광역시 남구 대연동,중상사고,0,1,0,0,차대사람 - 기타,안전운전불이행,건조,맑음,교차로 - 교차로안,승용,여,46세,상해없음,보행자,남,71세,중상
보행자사고,2022031100100141,2022년 3월 11일 11시,금요일,부산광역시 북구 금곡동,중상사고,0,1,0,0,차대사람 - 기타,안전운전불이행,건조,맑음,단일로 - 지하차도(도로)내,승용,남,47세,상해없음,보행자,여,75세,중상
보행자사고,2022031100100143,2022년 3월 11일 11시,금요일,부산광역시 부산진구 부전동,중상사고,0,1,0,0,차대사람 - 횡단중,보행자보호의무위반,건조,맑음,기타 - 기타,승용,여,60세,상해없음,보행자,여,43세,중상
보행자사고,2022031100100177,2022년 3월 11일 12시,금요일,부산광역시 사상구 괘법동,경상사고,0,0,1,0,차대사람 - 차도통행중,안전운전불이행,건조,맑음,단일로 - 기타,승용,남,60세,상해없음,보행자,남,77세,경상
보행자사고,2022031100100201,2022년 3월 11일 13시,금요일,부산광역시 수영구 광안동,경상사고,0,0,1,0,차대사람 - 차도통행중,안전운전불이행,건조,맑음,단일로 - 기타,이륜,남,29세,상해없음,보행자,여,55세,경상
보행자사고,2.02203E+15,2022년 3월 11일 16시,금요일,부산광역시 부산진구 당감동,중상사고,0,1,0,0,차대사람 - 길가장자리구역통행중,안전운전불이행,건조,맑음,교차로 - 교차로부근,화물,남,47세,상해없음,보행자,여,80세,중상
보행자사고,2022031100100358,2022년 3월 11일 18시,금요일,부산광역시 해운대구 좌동,부상신고사고,0,0,0,1,차대사람 - 기타,안전운전불이행,건조,맑음,단일로 - 기타,기타불명,기타불명,미분류,기타불명,보행자,남,29세,부상신고
보행자사고,2022031100100359,2022년 3월 11일 18시,금요일,부산광역시 사상구 주례동,경상사고,0,0,1,0,차대사람 - 횡단중,안전운전불이행,건조,맑음,단일로 - 기타,승용,남,33세,상해없음,보행자,남,80세,경상
보행자사고,2022031200100053,2022년 3월 12일 09시,토요일,부산광역시 동래구 온천동,경상사고,0,0,1,0,차대사람 - 기타,안전운전불이행,건조,맑음,단일로 - 기타,승용,남,68세,상해없음,보행자,여,19세,경상
보행자사고,2022031200100054,2022년 3월 12일 09시,토요일,부산광역시 금정구 두구동,경상사고,0,0,1,0,차대사람 - 기타,안전운전불이행,건조,맑음,기타 - 기타,승용,남,55세,상해없음,보행자,남,59세,경상
보행자사고,2022031200100127,2022년 3월 12일 12시,토요일,부산광역시 부산진구 개금동,중상사고,0,1,0,0,차대사람 - 차도통행중,안전운전불이행,건조,맑음,단일로 - 기타,승용,남,61세,상해없음,보행자,여,64세,중상
보행자사고,2022031200100157,2022년 3월 12일 13시,토요일,부산광역시 동구 범일동,중상사고,0,1,0,0,차대사람 - 횡단중,신호위반,건조,맑음,단일로 - 기타,승용,남,60세,상해없음,보행자,여,21세,중상
보행자사고,2022031200100192,2022년 3월 12일 14시,토요일,부산광역시 부산진구 부전동,중상사고,0,1,0,0,차대사람 - 횡단중,보행자보호의무위반,건조,맑음,단일로 - 기타,승용,여,34세,상해없음,보행자,여,45세,중상
보행자사고,2022031200100221,2022년 3월 12일 15시,토요일,부산광역시 남구 감만동,경상사고,0,0,1,0,차대사람 - 횡단중,안전운전불이행,건조,맑음,교차로 - 교차로부근,화물,남,36세,상해없음,보행자,남,70세,경상
보행자사고,2022031200100273,2022년 3월 12일 17시,토요일,부산광역시 부산진구 당감동,중상사고,0,1,0,0,차대사람 - 기타,안전운전불이행,건조,기타,기타 - 기타,승용,남,49세,상해없음,보행자,남,81세,중상
보행자사고,2.02203E+15,2022년 3월 12일 19시,토요일,부산광역시 사하구 당리동,경상사고,0,0,1,0,차대사람 - 기타,안전운전불이행,건조,맑음,단일로 - 지하차도(도로)내,기타불명,기타불명,미분류,기타불명,보행자,여,48세,경상
보행자사고,2022031300100224,2022년 3월 13일 18시,일요일,부산광역시 금정구 서동,중상사고,0,1,0,0,차대사람 - 횡단중,보행자보호의무위반,젖음/습기,비,단일로 - 기타,이륜,남,50세,상해없음,보행자,여,71세,중상
보행자사고,2022031300100275,2022년 3월 13일 20시,일요일,부산광역시 연제구 연산동,중상사고,0,1,0,0,차대사람 - 횡단중,보행자보호의무위반,건조,맑음,단일로 - 기타,승용,남,53세,상해없음,보행자,여,48세,중상
보행자사고,2022031300100308,2022년 3월 13일 22시,일요일,부산광역시 영도구 청학동,중상사고,0,1,0,0,차대사람 - 기타,안전운전불이행,건조,맑음,단일로 - 기타,승용,남,42세,상해없음,보행자,남,23세,중상
보행자사고,2022031400100049,2022년 3월 14일 08시,월요일,부산광역시 사상구 덕포동,중상사고,0,1,0,0,차대사람 - 차도통행중,안전운전불이행,건조,맑음,주차장 - 주차장,승용,남,67세,상해없음,보행자,여,56세,중상
보행자사고,2.02203E+15,2022년 3월 14일 11시,월요일,부산광역시 연제구 거제동,경상사고,0,0,1,0,차대사람 - 기타,안전운전불이행,건조,맑음,기타 - 기타,승용,여,50세,상해없음,보행자,여,59세,경상
보행자사고,2022031400100165,2022년 3월 14일 12시,월요일,부산광역시 사상구 학장동,경상사고,0,0,1,0,차대사람 - 기타,안전운전불이행,기타,맑음,단일로 - 기타,승용,여,60세,상해없음,보행자,여,75세,경상
보행자사고,2.02203E+15,2022년 3월 14일 18시,월요일,부산광역시 사상구 감전동,경상사고,0,0,1,0,차대사람 - 횡단중,안전운전불이행,건조,맑음,교차로 - 교차로안,승용,남,26세,상해없음,보행자,여,61세,경상
보행자사고,2022031400100355,2022년 3월 14일 19시,월요일,부산광역시 동구 초량동,중상사고,0,1,0,0,차대사람 - 기타,안전운전불이행,건조,맑음,단일로 - 기타,승용,남,67세,상해없음,보행자,여,67세,중상
보행자사고,2022031400100411,2022년 3월 14일 21시,월요일,부산광역시 부산진구 부전동,경상사고,0,0,2,0,차대사람 - 횡단중,신호위반,건조,맑음,교차로 - 교차로안,이륜,남,22세,상해없음,보행자,여,19세,경상
보행자사고,2.02203E+15,2022년 3월 15일 08시,화요일,부산광역시 해운대구 재송동,중상사고,0,1,0,0,차대사람 - 횡단중,안전운전불이행,건조,맑음,교차로 - 교차로부근,승용,여,54세,상해없음,보행자,여,61세,중상
보행자사고,2022031500100183,2022년 3월 15일 12시,화요일,부산광역시 수영구 광안동,중상사고,0,1,0,0,차대사람 - 기타,안전운전불이행,건조,맑음,단일로 - 기타,승용,남,68세,상해없음,보행자,여,78세,중상
보행자사고,2022031500100225,2022년 3월 15일 14시,화요일,부산광역시 수영구 광안동,경상사고,0,0,1,0,차대사람 - 횡단중,보행자보호의무위반,건조,맑음,단일로 - 기타,승용,남,39세,상해없음,보행자,남,27세,경상
보행자사고,2022031500100258,2022년 3월 15일 15시,화요일,부산광역시 사하구 괴정동,경상사고,0,0,1,0,차대사람 - 기타,안전운전불이행,건조,맑음,단일로 - 기타,승용,남,67세,상해없음,보행자,여,43세,경상
보행자사고,2022031600100179,2022년 3월 16일 12시,수요일,부산광역시 연제구 연산동,경상사고,0,0,1,0,차대사람 - 횡단중,보행자보호의무위반,건조,맑음,단일로 - 기타,승용,여,19세,상해없음,보행자,여,24세,경상
보행자사고,2022031600100368,2022년 3월 16일 19시,수요일,부산광역시 영도구 대교동1가,경상사고,0,0,1,0,차대사람 - 보도통행중,보행자보호의무위반,건조,맑음,교차로 - 교차로횡단보도내,승용,남,60세,상해없음,보행자,남,28세,경상
보행자사고,2022031600100369,2022년 3월 16일 19시,수요일,부산광역시 해운대구 우동,중상사고,0,1,0,0,차대사람 - 기타,안전운전불이행,건조,맑음,단일로 - 기타,승용,남,42세,상해없음,보행자,여,49세,중상
보행자사고,2022031600100434,2022년 3월 16일 22시,수요일,부산광역시 부산진구 개금동,부상신고사고,0,0,0,1,차대사람 - 기타,안전운전불이행,건조,맑음,단일로 - 기타,승용,남,63세,상해없음,보행자,남,24세,부상신고
보행자사고,2022031600100435,2022년 3월 16일 22시,수요일,부산광역시 연제구 연산동,경상사고,0,0,1,0,차대사람 - 횡단중,중앙선침범,건조,맑음,단일로 - 기타,이륜,남,23세,상해없음,보행자,남,59세,경상
보행자사고,2022031700100001,2022년 3월 17일 00시,목요일,부산광역시 연제구 연산동,경상사고,0,0,1,0,차대사람 - 기타,교차로운행방법위반,건조,맑음,교차로 - 교차로안,승용,남,60세,상해없음,보행자,남,49세,경상
보행자사고,2022031700100053,2022년 3월 17일 08시,목요일,부산광역시 동래구 온천동,중상사고,0,1,0,0,차대사람 - 보도통행중,안전운전불이행,건조,맑음,교차로 - 교차로안,승용,남,64세,상해없음,보행자,여,80세,중상
보행자사고,2022031700100083,2022년 3월 17일 09시,목요일,부산광역시 금정구 장전동,경상사고,0,0,1,0,차대사람 - 기타,안전운전불이행,건조,맑음,기타 - 기타,승용,여,44세,상해없음,보행자,남,23세,경상
보행자사고,2022031700100183,2022년 3월 17일 14시,목요일,부산광역시 남구 대연동,경상사고,0,0,1,0,차대사람 - 기타,보행자보호의무위반,건조,맑음,기타 - 기타,승용,여,53세,상해없음,보행자,남,82세,경상
보행자사고,2022031700100204,2022년 3월 17일 15시,목요일,부산광역시 동구 범일동,경상사고,0,0,1,0,차대사람 - 횡단중,보행자보호의무위반,젖음/습기,비,단일로 - 기타,승용,남,55세,상해없음,보행자,남,64세,경상
보행자사고,2022031700100252,2022년 3월 17일 17시,목요일,부산광역시 부산진구 부암동,경상사고,0,0,1,0,차대사람 - 횡단중,보행자보호의무위반,젖음/습기,비,교차로 - 교차로안,승용,여,42세,상해없음,보행자,여,54세,경상
보행자사고,2022031700100331,2022년 3월 17일 19시,목요일,부산광역시 부산진구 부전동,경상사고,0,0,1,0,차대사람 - 차도통행중,안전운전불이행,젖음/습기,비,단일로 - 기타,이륜,남,23세,상해없음,보행자,남,22세,경상
보행자사고,2022031700100332,2022년 3월 17일 19시,목요일,부산광역시 금정구 서동,경상사고,0,0,1,1,차대사람 - 횡단중,안전운전불이행,젖음/습기,비,단일로 - 기타,이륜,남,54세,경상,보행자,여,40세,부상신고
보행자사고,2022031700100375,2022년 3월 17일 20시,목요일,부산광역시 남구 용호동,중상사고,0,1,0,0,차대사람 - 보도통행중,안전운전불이행,젖음/습기,비,단일로 - 기타,이륜,남,16세,기타불명,보행자,남,61세,중상
보행자사고,2022031700100412,2022년 3월 17일 21시,목요일,부산광역시 동래구 명장동,경상사고,0,0,1,0,차대사람 - 횡단중,보행자보호의무위반,건조,맑음,교차로 - 교차로안,원동기,남,27세,상해없음,보행자,남,23세,경상
보행자사고,2022031700100414,2022년 3월 17일 21시,목요일,부산광역시 수영구 망미동,중상사고,0,1,0,0,차대사람 - 횡단중,신호위반,젖음/습기,비,단일로 - 기타,승용,여,55세,상해없음,보행자,여,75세,중상
보행자사고,2022031700100442,2022년 3월 17일 22시,목요일,부산광역시 사상구 괘법동,경상사고,0,0,1,0,차대사람 - 길가장자리구역통행중,안전운전불이행,젖음/습기,비,단일로 - 기타,승용,남,61세,상해없음,보행자,남,58세,경상
보행자사고,2022031800100025,2022년 3월 18일 05시,금요일,부산광역시 해운대구 좌동,중상사고,0,1,0,0,차대사람 - 횡단중,보행자보호의무위반,젖음/습기,비,교차로 - 교차로횡단보도내,승용,여,53세,상해없음,보행자,여,65세,중상
보행자사고,2022031800100232,2022년 3월 18일 17시,금요일,부산광역시 금정구 금사동,중상사고,0,2,0,0,차대사람 - 횡단중,보행자보호의무위반,건조,맑음,교차로 - 교차로횡단보도내,화물,남,57세,상해없음,보행자,여,59세,중상
보행자사고,2022031800100299,2022년 3월 18일 19시,금요일,부산광역시 해운대구 좌동,중상사고,0,1,0,0,차대사람 - 기타,안전운전불이행,건조,흐림,기타 - 기타,승용,남,61세,상해없음,보행자,여,67세,중상
보행자사고,2.02203E+15,2022년 3월 18일 22시,금요일,부산광역시 사하구 감천동,중상사고,0,1,0,0,차대사람 - 기타,안전운전불이행,건조,맑음,교차로 - 교차로부근,승용,남,60세,상해없음,보행자,남,25세,중상
보행자사고,2.02203E+15,2022년 3월 19일 10시,토요일,부산광역시 수영구 남천동,부상신고사고,0,0,0,1,차대사람 - 기타,안전운전불이행,젖음/습기,비,단일로 - 기타,승용,남,46세,상해없음,보행자,여,12세,부상신고
보행자사고,2022031900100101,2022년 3월 19일 11시,토요일,부산광역시 동래구 사직동,중상사고,0,1,0,0,차대사람 - 기타,안전운전불이행,젖음/습기,맑음,교차로 - 교차로안,화물,남,61세,상해없음,보행자,여,52세,중상
보행자사고,2022031900100139,2022년 3월 19일 12시,토요일,부산광역시 동래구 안락동,경상사고,0,0,1,0,차대사람 - 횡단중,보행자보호의무위반,젖음/습기,비,교차로 - 교차로부근,이륜,남,60세,상해없음,보행자,남,28세,경상
보행자사고,2022031900100169,2022년 3월 19일 13시,토요일,부산광역시 동구 범일동,경상사고,0,0,1,0,차대사람 - 기타,안전운전불이행,건조,맑음,단일로 - 기타,승합,남,59세,상해없음,보행자,여,42세,경상
보행자사고,2022031900100349,2022년 3월 19일 20시,토요일,부산광역시 중구 영주동,경상사고,0,0,1,0,차대사람 - 차도통행중,안전운전불이행,건조,맑음,단일로 - 기타,승용,남,32세,상해없음,보행자,남,36세,경상
보행자사고,2.02203E+15,2022년 3월 19일 20시,토요일,부산광역시 사하구 장림동,부상신고사고,0,0,0,1,차대사람 - 길가장자리구역통행중,안전운전불이행,건조,맑음,단일로 - 기타,승용,남,58세,상해없음,보행자,남,63세,부상신고
보행자사고,2022032000100166,2022년 3월 20일 16시,일요일,부산광역시 영도구 동삼동,경상사고,0,0,1,0,차대사람 - 횡단중,안전운전불이행,건조,맑음,단일로 - 지하차도(도로)내,승용,여,46세,상해없음,보행자,여,84세,경상
보행자사고,2022032000100167,2022년 3월 20일 16시,일요일,부산광역시 금정구 장전동,중상사고,0,1,0,0,차대사람 - 횡단중,보행자보호의무위반,건조,맑음,교차로 - 교차로안,승용,남,32세,상해없음,보행자,여,87세,중상
보행자사고,2022032000100184,2022년 3월 20일 17시,일요일,부산광역시 남구 대연동,중상사고,0,1,0,0,차대사람 - 차도통행중,교차로운행방법위반,건조,맑음,교차로 - 교차로부근,승용,남,54세,상해없음,보행자,여,70세,중상
보행자사고,2022032000100209,2022년 3월 20일 18시,일요일,부산광역시 동구 범일동,경상사고,0,0,1,0,차대사람 - 보도통행중,안전운전불이행,건조,맑음,단일로 - 기타,승용,남,55세,상해없음,보행자,남,62세,경상
보행자사고,2022032100100001,2022년 3월 21일 00시,월요일,부산광역시 부산진구 부전동,경상사고,0,0,1,0,차대사람 - 횡단중,안전운전불이행,건조,맑음,기타 - 기타,승용,남,59세,상해없음,보행자,남,28세,경상
보행자사고,2022032100100108,2022년 3월 21일 10시,월요일,부산광역시 북구 구포동,중상사고,0,1,0,0,차대사람 - 기타,안전운전불이행,건조,맑음,기타 - 기타,화물,남,61세,상해없음,보행자,여,79세,중상
보행자사고,2022032100100139,2022년 3월 21일 11시,월요일,부산광역시 수영구 광안동,중상사고,0,1,0,0,차대사람 - 횡단중,신호위반,건조,맑음,단일로 - 기타,자전거,남,50세,상해없음,보행자,여,58세,중상
보행자사고,2022032100100162,2022년 3월 21일 12시,월요일,부산광역시 강서구 대저2동,경상사고,0,0,1,0,차대사람 - 차도통행중,안전운전불이행,건조,맑음,단일로 - 기타,승용,남,65세,상해없음,보행자,여,18세,경상
보행자사고,2022032100100294,2022년 3월 21일 17시,월요일,부산광역시 동래구 온천동,경상사고,0,0,1,0,차대사람 - 기타,안전운전불이행,건조,맑음,교차로 - 교차로부근,승합,남,79세,상해없음,보행자,남,24세,경상
보행자사고,2.02203E+15,2022년 3월 21일 21시,월요일,부산광역시 부산진구 부전동,경상사고,0,0,1,0,차대사람 - 기타,안전운전불이행,건조,맑음,단일로 - 기타,승용,남,18세,상해없음,보행자,남,74세,경상
보행자사고,2022032100100423,2022년 3월 21일 23시,월요일,부산광역시 사하구 다대동,중상사고,0,1,0,0,차대사람 - 기타,신호위반,젖음/습기,비,교차로 - 교차로횡단보도내,이륜,남,41세,상해없음,보행자,여,25세,중상
보행자사고,2022032200100057,2022년 3월 22일 09시,화요일,부산광역시 기장군 기장읍,경상사고,0,0,2,0,차대사람 - 기타,안전운전불이행,건조,맑음,단일로 - 기타,승용,여,65세,상해없음,보행자,남,66세,경상
보행자사고,2022032200100215,2022년 3월 22일 15시,화요일,부산광역시 기장군 기장읍,중상사고,0,1,0,0,차대사람 - 횡단중,보행자보호의무위반,건조,맑음,교차로 - 교차로부근,승용,여,43세,상해없음,보행자,남,56세,중상
보행자사고,2.02203E+15,2022년 3월 22일 18시,화요일,부산광역시 금정구 장전동,경상사고,0,0,1,0,차대사람 - 차도통행중,안전운전불이행,건조,맑음,단일로 - 기타,승용,여,42세,상해없음,보행자,남,62세,경상
보행자사고,2022032200100378,2022년 3월 22일 20시,화요일,부산광역시 동구 좌천동,중상사고,0,1,0,0,차대사람 - 횡단중,안전운전불이행,건조,맑음,단일로 - 기타,승용,남,74세,상해없음,보행자,여,61세,중상
보행자사고,2022032200100404,2022년 3월 22일 21시,화요일,부산광역시 수영구 수영동,경상사고,0,0,1,0,차대사람 - 길가장자리구역통행중,안전운전불이행,건조,맑음,단일로 - 기타,승용,여,53세,상해없음,보행자,여,57세,경상
보행자사고,2022032200100428,2022년 3월 22일 22시,화요일,부산광역시 북구 덕천동,중상사고,0,1,0,0,차대사람 - 횡단중,신호위반,건조,맑음,교차로 - 교차로횡단보도내,이륜,남,49세,상해없음,보행자,여,26세,중상
보행자사고,2022032300100061,2022년 3월 23일 08시,수요일,부산광역시 서구 서대신동3가,경상사고,0,0,1,0,차대사람 - 횡단중,안전운전불이행,건조,맑음,단일로 - 기타,승용,남,58세,상해없음,보행자,여,10세,경상
보행자사고,2022032300100102,2022년 3월 23일 10시,수요일,부산광역시 해운대구 우동,중상사고,0,1,0,0,차대사람 - 횡단중,보행자보호의무위반,건조,맑음,교차로 - 교차로부근,화물,남,69세,상해없음,보행자,남,54세,중상
보행자사고,2022032300100199,2022년 3월 23일 14시,수요일,부산광역시 동래구 온천동,경상사고,0,0,1,0,차대사람 - 기타,안전운전불이행,건조,맑음,단일로 - 기타,승용,여,46세,상해없음,보행자,남,81세,경상
보행자사고,2022032300100276,2022년 3월 23일 17시,수요일,부산광역시 남구 용호동,경상사고,0,0,1,0,차대사람 - 길가장자리구역통행중,안전운전불이행,건조,맑음,교차로 - 교차로부근,화물,남,46세,상해없음,보행자,여,69세,경상
보행자사고,2022032300100344,2022년 3월 23일 19시,수요일,부산광역시 동구 범일동,중상사고,0,1,0,0,차대사람 - 기타,안전운전불이행,건조,맑음,단일로 - 기타,승용,남,46세,상해없음,보행자,여,89세,중상
보행자사고,2022032400100048,2022년 3월 24일 08시,목요일,부산광역시 사상구 학장동,중상사고,0,1,0,0,차대사람 - 길가장자리구역통행중,안전운전불이행,건조,맑음,단일로 - 기타,자전거,남,16세,기타불명,보행자,여,52세,중상
보행자사고,2022032400100151,2022년 3월 24일 12시,목요일,부산광역시 남구 용호동,경상사고,0,0,1,0,차대사람 - 기타,안전운전불이행,건조,맑음,단일로 - 기타,승합,남,46세,상해없음,보행자,여,81세,경상
보행자사고,2022032400100182,2022년 3월 24일 13시,목요일,부산광역시 기장군 정관읍,중상사고,0,1,0,0,차대사람 - 횡단중,보행자보호의무위반,건조,맑음,교차로 - 교차로횡단보도내,승합,여,47세,상해없음,보행자,남,8세,중상
보행자사고,2022032400100237,2022년 3월 24일 15시,목요일,부산광역시 남구 용당동,경상사고,0,0,1,0,차대사람 - 기타,안전운전불이행,건조,맑음,단일로 - 기타,승용,남,58세,상해없음,보행자,여,64세,경상
보행자사고,2022032400100238,2022년 3월 24일 15시,목요일,부산광역시 영도구 동삼동,중상사고,0,1,0,0,차대사람 - 횡단중,보행자보호의무위반,건조,맑음,기타 - 기타,승용,여,38세,기타불명,보행자,여,59세,중상
보행자사고,2022032400100265,2022년 3월 24일 16시,목요일,부산광역시 동구 범일동,경상사고,0,0,1,0,차대사람 - 기타,안전운전불이행,건조,맑음,단일로 - 기타,승용,남,34세,상해없음,보행자,여,70세,경상
보행자사고,2022032400100342,2022년 3월 24일 18시,목요일,부산광역시 강서구 명지동,경상사고,0,0,1,0,차대사람 - 기타,신호위반,건조,맑음,교차로 - 교차로부근,자전거,남,11세,상해없음,보행자,여,29세,경상
보행자사고,2022032500100113,2022년 3월 25일 10시,금요일,부산광역시 부산진구 전포동,경상사고,0,0,1,0,차대사람 - 횡단중,안전운전불이행,건조,맑음,단일로 - 기타,화물,남,54세,상해없음,보행자,여,77세,경상
보행자사고,2.02203E+15,2022년 3월 25일 13시,금요일,부산광역시 서구 서대신동3가,중상사고,0,1,0,0,차대사람 - 횡단중,보행자보호의무위반,건조,맑음,단일로 - 지하차도(도로)내,이륜,남,32세,상해없음,보행자,여,63세,중상
보행자사고,2022032500100191,2022년 3월 25일 13시,금요일,부산광역시 동래구 사직동,경상사고,0,0,1,0,차대사람 - 차도통행중,안전운전불이행,건조,맑음,단일로 - 기타,승용,남,60세,상해없음,보행자,남,60세,경상
보행자사고,2022032500100249,2022년 3월 25일 15시,금요일,부산광역시 서구 서대신동3가,경상사고,0,0,1,0,차대사람 - 횡단중,신호위반,건조,맑음,교차로 - 교차로안,승용,남,85세,상해없음,보행자,여,73세,경상
보행자사고,2022032500100306,2022년 3월 25일 17시,금요일,부산광역시 남구 대연동,중상사고,0,1,0,0,차대사람 - 횡단중,보행자보호의무위반,건조,맑음,교차로 - 교차로부근,승용,남,25세,상해없음,보행자,여,62세,중상
보행자사고,2022032500100308,2022년 3월 25일 17시,금요일,부산광역시 부산진구 부전동,경상사고,0,0,1,0,차대사람 - 기타,안전운전불이행,건조,맑음,단일로 - 기타,승용,여,33세,상해없음,보행자,남,52세,경상
보행자사고,2022032500100481,2022년 3월 25일 21시,금요일,부산광역시 부산진구 부전동,경상사고,0,0,1,0,차대사람 - 기타,안전운전불이행,건조,맑음,단일로 - 기타,승용,남,29세,상해없음,보행자,남,44세,경상
보행자사고,2022032500100482,2022년 3월 25일 21시,금요일,부산광역시 연제구 연산동,경상사고,0,0,1,0,차대사람 - 기타,안전운전불이행,건조,맑음,단일로 - 기타,승용,여,48세,상해없음,보행자,남,57세,경상
보행자사고,2022032500100529,2022년 3월 25일 22시,금요일,부산광역시 수영구 광안동,경상사고,0,0,1,0,차대사람 - 횡단중,보행자보호의무위반,젖음/습기,비,교차로 - 교차로횡단보도내,승용,남,33세,상해없음,보행자,여,27세,경상
보행자사고,2022032500100593,2022년 3월 25일 23시,금요일,부산광역시 사하구 신평동,중상사고,0,1,0,0,차대사람 - 기타,안전운전불이행,젖음/습기,비,교차로 - 교차로횡단보도내,승용,남,40세,상해없음,보행자,남,54세,중상
보행자사고,2022032600100007,2022년 3월 26일 00시,토요일,부산광역시 중구 부평동2가,중상사고,0,1,0,0,차대사람 - 횡단중,안전운전불이행,젖음/습기,비,단일로 - 기타,이륜,남,19세,상해없음,보행자,남,61세,중상
보행자사고,2022032600100265,2022년 3월 26일 16시,토요일,부산광역시 사상구 감전동,부상신고사고,0,0,0,1,차대사람 - 기타,안전운전불이행,건조,기타,기타 - 기타,승용,남,54세,상해없음,보행자,남,31세,부상신고
보행자사고,2022032600100298,2022년 3월 26일 17시,토요일,부산광역시 북구 덕천동,경상사고,0,0,1,0,차대사람 - 기타,안전운전불이행,건조,맑음,단일로 - 기타,승용,남,27세,상해없음,보행자,남,37세,경상
보행자사고,2022032600100299,2022년 3월 26일 17시,토요일,부산광역시 부산진구 부전동,경상사고,0,0,1,0,차대사람 - 차도통행중,안전운전불이행,건조,맑음,교차로 - 교차로안,승용,남,64세,상해없음,보행자,남,23세,경상
보행자사고,2022032600100441,2022년 3월 26일 23시,토요일,부산광역시 부산진구 부전동,경상사고,0,0,1,0,차대사람 - 길가장자리구역통행중,안전운전불이행,건조,맑음,단일로 - 기타,승용,남,29세,상해없음,보행자,남,18세,경상
보행자사고,2022032700100079,2022년 3월 27일 11시,일요일,부산광역시 금정구 부곡동,중상사고,0,1,0,0,차대사람 - 기타,안전운전불이행,건조,맑음,교차로 - 교차로안,승용,여,58세,상해없음,보행자,남,57세,중상