사고부문,사고번호,사고일시,요일,시군구,사고내용,사망자수,중상자수,경상자수,부상신고자수,사고유형,법규위반,노면상태,기상상태,도로형태,가해운전자 차종,가해운전자 성별,가해운전자 연령,가해운전자 상해정도,피해운전자 차종,피해운전자 성별,피해운전자 연령,피해운전자 상해정도
보행자사고,2022051000100056,2022년 5월 10일 07시,화요일,부산광역시 사하구 장림동,중상사고,0,1,0,0,차대사람 - 차도통행중,안전운전불이행,건조,맑음,교차로 - 교차로안,승용,남,70세,상해없음,보행자,남,17세,중상
보행자사고,2022051000100083,2022년 5월 10일 08시,화요일,부산광역시 사하구 장림동,경상사고,0,0,1,0,차대사람 - 횡단중,안전운전불이행,건조,맑음,교차로 - 교차로횡단보도내,화물,남,63세,상해없음,보행자,여,54세,경상
보행자사고,2.02205E+15,2022년 5월 10일 10시,화요일,부산광역시 남구 대연동,중상사고,0,1,0,0,차대사람 - 횡단중,보행자보호의무위반,건조,맑음,교차로 - 교차로안,승용,여,54세,상해없음,보행자,여,65세,중상
보행자사고,2022051000100209,2022년 5월 10일 11시,화요일,부산광역시 해운대구 중동,경상사고,0,0,1,0,차대사람 - 기타,안전운전불이행,건조,맑음,기타 - 기타,승용,여,55세,상해없음,보행자,남,67세,경상
보행자사고,2022051000100321,2022년 5월 10일 14시,화요일,부산광역시 서구 충무동1가,경상사고,0,0,1,0,차대사람 - 길가장자리구역통행중,안전운전불이행,건조,맑음,단일로 - 기타,화물,남,55세,상해없음,보행자,남,53세,경상
보행자사고,2022051000100478,2022년 5월 10일 18시,화요일,부산광역시 동구 초량동,경상사고,0,0,1,0,차대사람 - 기타,안전운전불이행,건조,맑음,단일로 - 기타,승용,여,27세,상해없음,보행자,여,33세,경상
보행자사고,2022051000100576,2022년 5월 10일 21시,화요일,부산광역시 기장군 정관읍,경상사고,0,0,1,0,차대사람 - 기타,안전운전불이행,건조,맑음,기타 - 기타,승용,여,25세,상해없음,보행자,남,48세,경상
보행자사고,2022051100100003,2022년 5월 11일 00시,수요일,부산광역시 동래구 온천동,경상사고,0,0,1,0,차대사람 - 기타,안전운전불이행,건조,맑음,교차로 - 교차로부근,승용,남,55세,상해없음,보행자,남,48세,경상
보행자사고,2022051100100122,2022년 5월 11일 09시,수요일,부산광역시 연제구 거제동,중상사고,0,1,0,0,차대사람 - 횡단중,불법유턴,건조,맑음,단일로 - 기타,화물,남,63세,상해없음,보행자,남,53세,중상
보행자사고,2022051100100153,2022년 5월 11일 10시,수요일,부산광역시 부산진구 개금동,중상사고,0,1,0,0,차대사람 - 기타,안전운전불이행,건조,맑음,단일로 - 기타,승용,남,69세,상해없음,보행자,여,76세,중상
보행자사고,2022051100100178,2022년 5월 11일 11시,수요일,부산광역시 중구 신창동4가,중상사고,0,1,0,0,차대사람 - 기타,안전운전불이행,건조,맑음,단일로 - 기타,승용,남,68세,상해없음,보행자,여,84세,중상
보행자사고,2022051100100205,2022년 5월 11일 12시,수요일,부산광역시 수영구 망미동,중상사고,0,1,0,0,차대사람 - 횡단중,보행자보호의무위반,건조,맑음,교차로 - 교차로안,승용,여,44세,상해없음,보행자,여,65세,중상
보행자사고,2.02205E+15,2022년 5월 11일 13시,수요일,부산광역시 금정구 부곡동,경상사고,0,0,1,0,차대사람 - 기타,안전운전불이행,건조,맑음,기타 - 기타,화물,남,76세,상해없음,보행자,남,61세,경상
보행자사고,2022051100100261,2022년 5월 11일 14시,수요일,부산광역시 서구 충무동1가,중상사고,0,1,0,0,차대사람 - 횡단중,안전운전불이행,건조,맑음,교차로 - 교차로부근,화물,남,67세,상해없음,보행자,여,52세,중상
보행자사고,2022051100100262,2022년 5월 11일 14시,수요일,부산광역시 부산진구 부전동,경상사고,0,0,1,1,차대사람 - 기타,안전운전불이행,건조,맑음,단일로 - 기타,화물,남,56세,상해없음,보행자,남,62세,부상신고
보행자사고,2022051100100475,2022년 5월 11일 19시,수요일,부산광역시 기장군 기장읍,중상사고,0,1,0,0,차대사람 - 횡단중,신호위반,젖음/습기,비,교차로 - 교차로횡단보도내,이륜,남,18세,상해없음,보행자,여,42세,중상
보행자사고,2022051100100568,2022년 5월 11일 23시,수요일,부산광역시 남구 대연동,경상사고,0,0,1,0,차대사람 - 횡단중,신호위반,건조,맑음,교차로 - 교차로부근,승용,남,71세,상해없음,보행자,여,26세,경상
보행자사고,2022051200100018,2022년 5월 12일 01시,목요일,부산광역시 동래구 온천동,경상사고,0,0,1,0,차대사람 - 기타,안전운전불이행,건조,맑음,단일로 - 기타,이륜,남,35세,상해없음,보행자,여,61세,경상
보행자사고,2022051200100141,2022년 5월 12일 09시,목요일,부산광역시 금정구 부곡동,경상사고,0,0,1,0,차대사람 - 기타,안전운전불이행,건조,맑음,기타 - 기타,승용,여,22세,상해없음,보행자,여,66세,경상
보행자사고,2022051200100223,2022년 5월 12일 12시,목요일,부산광역시 금정구 구서동,중상사고,0,1,0,0,차대사람 - 횡단중,안전운전불이행,건조,맑음,교차로 - 교차로안,승용,여,53세,상해없음,보행자,남,78세,중상
보행자사고,2022051200100224,2022년 5월 12일 12시,목요일,부산광역시 기장군 기장읍,중상사고,0,1,0,0,차대사람 - 횡단중,직진우회전진행방해,건조,맑음,교차로 - 교차로안,승용,남,67세,상해없음,보행자,남,63세,중상
보행자사고,2022051200100316,2022년 5월 12일 15시,목요일,부산광역시 중구 남포동5가,경상사고,0,0,1,0,차대사람 - 기타,안전운전불이행,건조,맑음,단일로 - 기타,승용,여,75세,상해없음,보행자,여,67세,경상
보행자사고,2022051200100317,2022년 5월 12일 15시,목요일,부산광역시 해운대구 반송동,경상사고,0,0,1,0,차대사람 - 횡단중,안전운전불이행,건조,맑음,단일로 - 기타,승용,남,49세,상해없음,보행자,여,59세,경상
보행자사고,2022051200100319,2022년 5월 12일 15시,목요일,부산광역시 기장군 정관읍,중상사고,0,1,0,0,차대사람 - 횡단중,신호위반,건조,맑음,단일로 - 기타,화물,남,53세,상해없음,보행자,남,10세,중상
보행자사고,2022051200100448,2022년 5월 12일 18시,목요일,부산광역시 북구 구포동,경상사고,0,0,1,0,차대사람 - 기타,안전운전불이행,건조,맑음,단일로 - 기타,승용,남,63세,상해없음,보행자,남,67세,경상
보행자사고,2022051200100491,2022년 5월 12일 19시,목요일,부산광역시 연제구 거제동,중상사고,0,1,0,0,차대사람 - 기타,안전운전불이행,건조,맑음,단일로 - 기타,승용,여,35세,상해없음,보행자,남,74세,중상
보행자사고,2022051200100574,2022년 5월 12일 22시,목요일,부산광역시 남구 대연동,경상사고,0,0,1,0,차대사람 - 기타,안전운전불이행,건조,맑음,단일로 - 기타,승용,남,47세,기타불명,보행자,남,19세,경상
보행자사고,2022051300100016,2022년 5월 13일 01시,금요일,부산광역시 사하구 다대동,사망사고,1,0,0,0,차대사람 - 횡단중,기타,건조,맑음,교차로 - 교차로횡단보도내,승용,남,63세,상해없음,보행자,남,55세,사망
보행자사고,2022051300100164,2022년 5월 13일 10시,금요일,부산광역시 동래구 칠산동,경상사고,0,0,1,0,차대사람 - 횡단중,보행자보호의무위반,건조,맑음,교차로 - 교차로횡단보도내,승용,남,65세,상해없음,보행자,여,41세,경상
보행자사고,2022051300100201,2022년 5월 13일 11시,금요일,부산광역시 수영구 남천동,중상사고,0,1,0,0,차대사람 - 기타,안전운전불이행,건조,맑음,주차장 - 주차장,승용,여,48세,상해없음,보행자,여,76세,중상
보행자사고,2022051300100345,2022년 5월 13일 15시,금요일,부산광역시 동구 범일동,중상사고,0,1,0,0,차대사람 - 횡단중,신호위반,건조,맑음,교차로 - 교차로부근,승합,남,43세,상해없음,보행자,여,73세,중상
보행자사고,2022051300100413,2022년 5월 13일 17시,금요일,부산광역시 북구 덕천동,중상사고,0,1,0,0,차대사람 - 횡단중,안전운전불이행,건조,맑음,교차로 - 교차로횡단보도내,승용,여,54세,상해없음,보행자,남,81세,중상
보행자사고,2022051300100414,2022년 5월 13일 17시,금요일,부산광역시 강서구 명지동,경상사고,0,0,1,0,차대사람 - 기타,안전운전불이행,건조,맑음,단일로 - 기타,승용,남,38세,상해없음,보행자,여,77세,경상
보행자사고,2022051300100577,2022년 5월 13일 20시,금요일,부산광역시 해운대구 반여동,경상사고,0,0,1,0,차대사람 - 횡단중,보행자보호의무위반,건조,맑음,교차로 - 교차로안,승용,남,41세,상해없음,보행자,남,7세,경상
보행자사고,2022051300100642,2022년 5월 13일 22시,금요일,부산광역시 영도구 영선동4가,중상사고,0,1,0,0,차대사람 - 기타,교차로운행방법위반,건조,맑음,교차로 - 교차로안,승용,여,38세,기타불명,보행자,남,31세,중상
보행자사고,2022051300100644,2022년 5월 13일 22시,금요일,부산광역시 연제구 거제동,경상사고,0,0,1,0,차대사람 - 횡단중,중앙선침범,젖음/습기,비,단일로 - 기타,승용,남,51세,상해없음,보행자,여,72세,경상
보행자사고,2022051400100006,2022년 5월 14일 00시,토요일,부산광역시 부산진구 부전동,경상사고,0,0,1,0,차대사람 - 차도통행중,안전운전불이행,건조,맑음,교차로 - 교차로횡단보도내,승용,남,53세,상해없음,보행자,남,42세,경상
보행자사고,2022051400100027,2022년 5월 14일 02시,토요일,부산광역시 남구 대연동,경상사고,0,0,1,0,차대사람 - 기타,안전운전불이행,건조,맑음,단일로 - 기타,승용,여,35세,상해없음,보행자,남,27세,경상
보행자사고,2022051400100046,2022년 5월 14일 03시,토요일,부산광역시 부산진구 부전동,중상사고,0,1,0,0,차대사람 - 횡단중,안전운전불이행,건조,맑음,단일로 - 기타,승용,여,27세,상해없음,보행자,남,56세,중상
보행자사고,2022051400100306,2022년 5월 14일 14시,토요일,부산광역시 북구 덕천동,경상사고,0,0,1,0,차대사람 - 기타,안전운전불이행,건조,맑음,기타 - 기타,승용,남,75세,상해없음,보행자,남,82세,경상
보행자사고,2022051400100523,2022년 5월 14일 19시,토요일,부산광역시 해운대구 우동,경상사고,0,0,1,0,차대사람 - 보도통행중,신호위반,건조,맑음,기타 - 기타,승용,남,56세,상해없음,보행자,여,23세,경상
보행자사고,2022051400100562,2022년 5월 14일 20시,토요일,부산광역시 부산진구 부전동,경상사고,0,0,1,0,차대사람 - 기타,안전운전불이행,건조,맑음,단일로 - 기타,승용,남,18세,상해없음,보행자,여,26세,경상
보행자사고,2.02205E+15,2022년 5월 14일 21시,토요일,부산광역시 부산진구 부전동,경상사고,0,0,1,0,차대사람 - 기타,보행자보호의무위반,건조,맑음,단일로 - 기타,이륜,남,24세,상해없음,보행자,남,27세,경상
보행자사고,2022051500100004,2022년 5월 15일 00시,일요일,부산광역시 수영구 민락동,경상사고,0,0,1,0,차대차 - 기타,안전운전불이행,건조,맑음,단일로 - 기타,승용,여,24세,상해없음,승용,남,36세,기타불명
보행자사고,2022051500100049,2022년 5월 15일 03시,일요일,부산광역시 부산진구 부전동,경상사고,0,0,1,0,차대사람 - 기타,신호위반,젖음/습기,맑음,단일로 - 기타,이륜,여,22세,상해없음,보행자,남,25세,경상
보행자사고,2022051500100072,2022년 5월 15일 05시,일요일,부산광역시 연제구 연산동,경상사고,0,0,1,0,차대사람 - 횡단중,신호위반,건조,맑음,단일로 - 기타,승용,남,54세,상해없음,보행자,여,48세,경상
보행자사고,2.02205E+15,2022년 5월 15일 12시,일요일,부산광역시 수영구 수영동,중상사고,0,1,0,0,차대사람 - 기타,안전운전불이행,건조,맑음,단일로 - 기타,승용,여,39세,상해없음,보행자,여,85세,중상
보행자사고,2022051500100249,2022년 5월 15일 14시,일요일,부산광역시 남구 문현동,중상사고,0,1,0,0,차대사람 - 횡단중,안전운전불이행,건조,맑음,교차로 - 교차로부근,승용,여,24세,상해없음,보행자,여,76세,중상
보행자사고,2.02205E+15,2022년 5월 15일 14시,일요일,부산광역시 부산진구 개금동,중상사고,0,1,0,0,차대사람 - 횡단중,보행자보호의무위반,건조,맑음,교차로 - 교차로횡단보도내,승용,여,53세,상해없음,보행자,여,21세,중상
보행자사고,2022051500100252,2022년 5월 15일 14시,일요일,부산광역시 연제구 연산동,경상사고,0,0,1,0,차대사람 - 기타,안전운전불이행,건조,맑음,단일로 - 기타,승합,남,54세,기타불명,보행자,남,53세,경상
보행자사고,2.02205E+15,2022년 5월 15일 15시,일요일,부산광역시 서구 서대신동2가,경상사고,0,0,1,0,차대사람 - 기타,보행자보호의무위반,건조,맑음,단일로 - 기타,승용,여,41세,상해없음,보행자,여,18세,경상
보행자사고,2.02205E+15,2022년 5월 15일 19시,일요일,부산광역시 해운대구 재송동,경상사고,0,0,1,0,차대사람 - 기타,안전운전불이행,건조,맑음,단일로 - 기타,원동기,남,20세,상해없음,보행자,여,53세,경상
보행자사고,2.02205E+15,2022년 5월 15일 22시,일요일,부산광역시 사하구 하단동,경상사고,0,0,1,0,차대사람 - 기타,안전운전불이행,건조,맑음,주차장 - 주차장,이륜,남,17세,상해없음,보행자,여,39세,경상
보행자사고,2022051600100208,2022년 5월 16일 11시,월요일,부산광역시 해운대구 재송동,중상사고,0,1,0,0,차대사람 - 횡단중,신호위반,건조,맑음,단일로 - 기타,승용,여,55세,상해없음,보행자,여,70세,중상
보행자사고,2022051600100241,2022년 5월 16일 12시,월요일,부산광역시 부산진구 개금동,경상사고,0,0,1,0,차대사람 - 기타,안전운전불이행,건조,맑음,단일로 - 기타,승용,남,65세,상해없음,보행자,남,53세,경상
보행자사고,2022051600100305,2022년 5월 16일 14시,월요일,부산광역시 수영구 광안동,경상사고,0,0,1,0,차대사람 - 횡단중,보행자보호의무위반,건조,맑음,교차로 - 교차로횡단보도내,화물,남,33세,상해없음,보행자,남,7세,경상
보행자사고,2.02205E+15,2022년 5월 16일 16시,월요일,부산광역시 해운대구 반송동,경상사고,0,0,1,0,차대사람 - 보도통행중,안전운전불이행,건조,맑음,단일로 - 기타,승용,남,39세,상해없음,보행자,여,60세,경상
보행자사고,2022051600100381,2022년 5월 16일 16시,월요일,부산광역시 사하구 당리동,경상사고,0,0,1,0,차대사람 - 길가장자리구역통행중,안전운전불이행,건조,맑음,단일로 - 기타,승용,남,71세,상해없음,보행자,여,48세,경상
보행자사고,2022051600100382,2022년 5월 16일 16시,월요일,부산광역시 기장군 기장읍,중상사고,0,1,0,0,차대사람 - 횡단중,보행자보호의무위반,건조,맑음,교차로 - 교차로횡단보도내,승합,남,55세,상해없음,보행자,여,69세,중상
보행자사고,2022051600100423,2022년 5월 16일 17시,월요일,부산광역시 서구 토성동5가,부상신고사고,0,0,0,1,차대사람 - 기타,안전운전불이행,건조,맑음,단일로 - 기타,화물,남,65세,상해없음,보행자,남,74세,부상신고
보행자사고,2022051700100187,2022년 5월 17일 11시,화요일,부산광역시 서구 서대신동3가,경상사고,0,0,1,0,차대사람 - 기타,안전운전불이행,건조,맑음,교차로 - 교차로부근,승용,남,67세,상해없음,보행자,여,2세,경상
보행자사고,2022051700100294,2022년 5월 17일 14시,화요일,부산광역시 금정구 구서동,중상사고,0,1,0,0,차대사람 - 횡단중,안전운전불이행,건조,맑음,단일로 - 기타,승용,여,63세,상해없음,보행자,남,58세,중상
보행자사고,2022051700100366,2022년 5월 17일 16시,화요일,부산광역시 영도구 동삼동,경상사고,0,0,1,0,차대사람 - 차도통행중,안전운전불이행,건조,맑음,교차로 - 교차로부근,승합,남,45세,상해없음,보행자,남,6세,경상
보행자사고,2.02205E+15,2022년 5월 17일 16시,화요일,부산광역시 기장군 기장읍,중상사고,0,2,0,0,차대사람 - 횡단중,안전운전불이행,건조,맑음,교차로 - 교차로부근,승용,남,68세,상해없음,보행자,여,17세,중상
보행자사고,2022051700100463,2022년 5월 17일 18시,화요일,부산광역시 부산진구 전포동,경상사고,0,0,1,0,차대사람 - 차도통행중,안전운전불이행,건조,맑음,단일로 - 기타,이륜,남,24세,상해없음,보행자,여,8세,경상
보행자사고,2022051700100578,2022년 5월 17일 22시,화요일,부산광역시 수영구 수영동,경상사고,0,0,1,0,차대사람 - 길가장자리구역통행중,안전운전불이행,건조,맑음,교차로 - 교차로부근,화물,남,53세,상해없음,보행자,여,32세,경상
보행자사고,2022051800100024,2022년 5월 18일 03시,수요일,부산광역시 동래구 안락동,경상사고,0,0,1,0,차대사람 - 기타,안전운전불이행,건조,맑음,단일로 - 기타,승용,남,51세,상해없음,보행자,남,36세,경상
보행자사고,2022051800100093,2022년 5월 18일 08시,수요일,부산광역시 동래구 안락동,중상사고,0,1,0,0,차대사람 - 횡단중,보행자보호의무위반,건조,맑음,단일로 - 기타,이륜,남,53세,상해없음,보행자,남,82세,중상
보행자사고,2022051800100173,2022년 5월 18일 10시,수요일,부산광역시 동구 범일동,경상사고,0,0,1,0,차대사람 - 횡단중,신호위반,건조,맑음,단일로 - 기타,승용,남,76세,상해없음,보행자,여,64세,경상
보행자사고,2022051800100274,2022년 5월 18일 14시,수요일,부산광역시 중구 남포동6가,중상사고,0,1,0,0,차대사람 - 기타,안전운전불이행,건조,맑음,단일로 - 기타,이륜,남,29세,상해없음,보행자,여,68세,중상
보행자사고,2022051800100329,2022년 5월 18일 15시,수요일,부산광역시 기장군 정관읍,중상사고,0,1,0,0,차대사람 - 기타,안전운전불이행,건조,맑음,기타 - 기타,자전거,남,57세,상해없음,보행자,남,6세,중상
보행자사고,2022051800100413,2022년 5월 18일 17시,수요일,부산광역시 연제구 연산동,경상사고,0,0,1,0,차대사람 - 보도통행중,기타,건조,맑음,교차로 - 교차로부근,이륜,남,30세,기타불명,보행자,여,28세,경상
보행자사고,2022051800100463,2022년 5월 18일 18시,수요일,부산광역시 동구 초량동,중상사고,0,1,0,0,차대사람 - 횡단중,보행자보호의무위반,건조,맑음,교차로 - 교차로횡단보도내,승용,남,52세,상해없음,보행자,여,59세,중상
보행자사고,2022051800100464,2022년 5월 18일 18시,수요일,부산광역시 서구 토성동1가,중상사고,0,1,0,0,차대사람 - 횡단중,신호위반,건조,맑음,교차로 - 교차로횡단보도내,이륜,남,30세,상해없음,보행자,남,7세,중상
보행자사고,2022051900100097,2022년 5월 19일 08시,목요일,부산광역시 동래구 온천동,경상사고,0,0,1,0,차대사람 - 횡단중,안전운전불이행,건조,맑음,교차로 - 교차로부근,승용,남,34세,상해없음,보행자,여,16세,경상
보행자사고,2022051900100173,2022년 5월 19일 10시,목요일,부산광역시 영도구 봉래동5가,중상사고,0,2,0,0,차대사람 - 기타,안전운전불이행,건조,맑음,단일로 - 기타,화물,남,30세,상해없음,보행자,남,40세,중상
보행자사고,2022051900100226,2022년 5월 19일 12시,목요일,부산광역시 동구 초량동,중상사고,0,1,0,0,차대사람 - 기타,안전운전불이행,건조,맑음,단일로 - 기타,화물,남,65세,상해없음,보행자,여,72세,중상
보행자사고,2022051900100429,2022년 5월 19일 18시,목요일,부산광역시 중구 중앙동6가,중상사고,0,1,0,0,차대사람 - 횡단중,안전운전불이행,건조,맑음,교차로 - 교차로안,화물,남,73세,상해없음,보행자,남,59세,중상
보행자사고,2022051900100522,2022년 5월 19일 21시,목요일,부산광역시 북구 만덕동,경상사고,0,0,1,0,차대사람 - 횡단중,신호위반,건조,맑음,교차로 - 교차로안,승용,남,64세,상해없음,보행자,남,61세,경상
보행자사고,2022052000100071,2022년 5월 20일 07시,금요일,부산광역시 사상구 삼락동,중상사고,0,1,0,0,차대사람 - 기타,안전운전불이행,건조,맑음,기타 - 기타,자전거,남,63세,기타불명,보행자,여,54세,중상
보행자사고,2022052000100103,2022년 5월 20일 08시,금요일,부산광역시 부산진구 부전동,중상사고,0,1,1,0,차대차 - 추돌,안전거리미확보,건조,맑음,단일로 - 기타,화물,남,31세,상해없음,이륜,남,43세,중상
보행자사고,2022052000100486,2022년 5월 20일 18시,금요일,부산광역시 사상구 모라동,경상사고,0,0,1,0,차대사람 - 길가장자리구역통행중,안전운전불이행,건조,맑음,단일로 - 기타,승용,여,52세,기타불명,보행자,남,57세,경상
보행자사고,2022052000100549,2022년 5월 20일 19시,금요일,부산광역시 남구 대연동,경상사고,0,0,1,0,차대사람 - 횡단중,안전운전불이행,건조,맑음,교차로 - 교차로안,승용,남,49세,상해없음,보행자,여,43세,경상
보행자사고,2.02205E+15,2022년 5월 20일 19시,금요일,부산광역시 부산진구 당감동,중상사고,0,1,0,0,차대사람 - 기타,신호위반,건조,맑음,교차로 - 교차로안,이륜,남,17세,상해없음,보행자,남,65세,중상
보행자사고,2022052000100551,2022년 5월 20일 19시,금요일,부산광역시 사하구 다대동,경상사고,0,0,2,0,차대사람 - 기타,중앙선침범,건조,맑음,교차로 - 교차로안,원동기,남,33세,상해없음,보행자,여,60세,경상
보행자사고,2.02205E+15,2022년 5월 20일 20시,금요일,부산광역시 북구 구포동,중상사고,0,1,0,0,차대사람 - 횡단중,신호위반,건조,맑음,단일로 - 기타,승용,남,61세,상해없음,보행자,여,58세,중상
보행자사고,2022052000100582,2022년 5월 20일 20시,금요일,부산광역시 기장군 정관읍,경상사고,0,0,1,0,차대사람 - 기타,안전운전불이행,건조,맑음,교차로 - 교차로부근,승용,남,45세,상해없음,보행자,남,6세,경상
보행자사고,2022052000100611,2022년 5월 20일 21시,금요일,부산광역시 사하구 하단동,경상사고,0,0,1,0,차대사람 - 기타,기타,건조,맑음,단일로 - 기타,개인형이동수단(PM),남,23세,상해없음,보행자,남,42세,경상
보행자사고,2022052100100028,2022년 5월 21일 01시,토요일,부산광역시 사하구 괴정동,경상사고,0,0,1,0,차대사람 - 횡단중,안전운전불이행,건조,맑음,교차로 - 교차로안,승용,남,47세,상해없음,보행자,남,38세,경상
보행자사고,2.02205E+15,2022년 5월 21일 11시,토요일,부산광역시 중구 부평동2가,경상사고,0,0,1,0,차대사람 - 기타,안전운전불이행,건조,맑음,단일로 - 기타,이륜,남,78세,상해없음,보행자,여,49세,경상
보행자사고,2022052100100184,2022년 5월 21일 11시,토요일,부산광역시 기장군 기장읍,경상사고,0,0,1,0,차대사람 - 보도통행중,안전운전불이행,건조,맑음,교차로 - 교차로횡단보도내,승용,여,49세,상해없음,보행자,남,13세,경상
보행자사고,2022052100100225,2022년 5월 21일 12시,토요일,부산광역시 중구 남포동1가,중상사고,0,1,0,0,차대사람 - 횡단중,안전운전불이행,건조,맑음,단일로 - 기타,승합,남,61세,상해없음,보행자,남,46세,중상
보행자사고,2022052100100227,2022년 5월 21일 12시,토요일,부산광역시 연제구 연산동,중상사고,0,1,0,0,차대사람 - 기타,안전운전불이행,건조,맑음,기타 - 기타,승용,여,50세,상해없음,보행자,남,54세,중상
보행자사고,2022052100100273,2022년 5월 21일 13시,토요일,부산광역시 동구 범일동,경상사고,0,0,3,0,차대차 - 추돌,안전운전불이행,건조,맑음,단일로 - 기타,승용,여,63세,상해없음,승용,남,63세,경상
보행자사고,2022052100100429,2022년 5월 21일 17시,토요일,부산광역시 해운대구 반여동,중상사고,0,1,0,0,차대사람 - 횡단중,보행자보호의무위반,건조,맑음,단일로 - 기타,이륜,남,43세,상해없음,보행자,여,56세,중상
보행자사고,2022052100100524,2022년 5월 21일 20시,토요일,부산광역시 동구 초량동,중상사고,0,1,0,0,차대사람 - 기타,안전운전불이행,건조,맑음,단일로 - 기타,승합,남,61세,상해없음,보행자,남,63세,중상
보행자사고,2022052100100559,2022년 5월 21일 21시,토요일,부산광역시 부산진구 부전동,경상사고,0,0,1,0,차대사람 - 횡단중,안전운전불이행,건조,맑음,단일로 - 기타,승용,남,68세,상해없음,보행자,남,5세,경상
보행자사고,2022052100100598,2022년 5월 21일 23시,토요일,부산광역시 사하구 신평동,경상사고,0,0,2,0,차대사람 - 기타,안전운전불이행,건조,맑음,단일로 - 기타,이륜,남,31세,경상,보행자,남,22세,경상
보행자사고,2022052200100049,2022년 5월 22일 05시,일요일,부산광역시 금정구 부곡동,중상사고,0,1,0,0,차대사람 - 횡단중,보행자보호의무위반,건조,맑음,교차로 - 교차로안,화물,남,61세,상해없음,보행자,남,83세,중상
보행자사고,2022052200100189,2022년 5월 22일 13시,일요일,부산광역시 북구 덕천동,경상사고,0,0,1,0,차대사람 - 횡단중,보행자보호의무위반,건조,맑음,교차로 - 교차로횡단보도내,화물,남,53세,상해없음,보행자,남,67세,경상
보행자사고,2022052200100222,2022년 5월 22일 14시,일요일,부산광역시 해운대구 우동,경상사고,0,0,1,0,차대사람 - 기타,안전운전불이행,건조,맑음,주차장 - 주차장,승용,남,35세,상해없음,보행자,남,51세,경상
보행자사고,2022052200100289,2022년 5월 22일 16시,일요일,부산광역시 서구 남부민동,중상사고,0,2,0,1,차대차 - 기타,안전운전불이행,건조,맑음,교차로 - 교차로부근,화물,남,81세,중상,승용,여,44세,기타불명
보행자사고,2022052200100333,2022년 5월 22일 17시,일요일,부산광역시 영도구 봉래동4가,경상사고,0,0,1,0,차대사람 - 길가장자리구역통행중,안전운전불이행,건조,맑음,단일로 - 기타,승용,남,61세,상해없음,보행자,여,15세,경상
보행자사고,2022052200100373,2022년 5월 22일 18시,일요일,부산광역시 남구 우암동,경상사고,0,0,1,0,차대사람 - 기타,안전운전불이행,건조,맑음,단일로 - 기타,승용,남,30세,상해없음,보행자,남,68세,경상
보행자사고,2022052200100397,2022년 5월 22일 19시,일요일,부산광역시 영도구 영선동2가,경상사고,0,0,1,0,차대사람 - 횡단중,보행자보호의무위반,건조,맑음,단일로 - 기타,승용,남,61세,상해없음,보행자,여,8세,경상
보행자사고,2022052200100426,2022년 5월 22일 20시,일요일,부산광역시 수영구 남천동,부상신고사고,0,0,0,1,차대사람 - 길가장자리구역통행중,안전운전불이행,건조,맑음,단일로 - 기타,승용,남,54세,상해없음,보행자,여,38세,부상신고
보행자사고,2022052200100427,2022년 5월 22일 20시,일요일,부산광역시 남구 용호동,경상사고,0,0,1,0,차대사람 - 기타,안전운전불이행,건조,맑음,기타 - 기타,승용,여,28세,상해없음,보행자,남,40세,경상
보행자사고,2022052300100022,2022년 5월 23일 04시,월요일,부산광역시 사상구 주례동,중상사고,0,1,0,0,차대사람 - 기타,안전운전불이행,건조,맑음,교차로 - 교차로안,승용,남,38세,상해없음,보행자,남,59세,중상
보행자사고,2022052300100087,2022년 5월 23일 08시,월요일,부산광역시 기장군 기장읍,중상사고,0,1,0,0,차대사람 - 기타,보행자보호의무위반,건조,맑음,교차로 - 교차로안,승용,남,33세,상해없음,보행자,남,7세,중상
보행자사고,2022052300100308,2022년 5월 23일 14시,월요일,부산광역시 금정구 구서동,경상사고,0,0,1,0,차대사람 - 보도통행중,기타,건조,맑음,단일로 - 기타,승합,남,65세,상해없음,보행자,여,27세,경상
보행자사고,2022052300100383,2022년 5월 23일 16시,월요일,부산광역시 동구 초량동,경상사고,0,0,1,0,차대사람 - 횡단중,보행자보호의무위반,건조,맑음,교차로 - 교차로횡단보도내,승용,남,61세,상해없음,보행자,여,29세,경상
보행자사고,2022052300100384,2022년 5월 23일 16시,월요일,부산광역시 동래구 사직동,경상사고,0,0,1,0,차대사람 - 기타,안전운전불이행,건조,맑음,교차로 - 교차로부근,승용,남,72세,상해없음,보행자,남,38세,경상
보행자사고,2022052300100481,2022년 5월 23일 18시,월요일,부산광역시 중구 남포동1가,경상사고,0,0,1,0,차대사람 - 기타,안전운전불이행,건조,맑음,단일로 - 기타,승합,남,47세,상해없음,보행자,여,61세,경상
보행자사고,2022052300100516,2022년 5월 23일 19시,월요일,부산광역시 부산진구 부전동,경상사고,0,0,1,0,차대사람 - 기타,안전운전불이행,건조,맑음,단일로 - 기타,화물,남,29세,상해없음,보행자,여,58세,경상
보행자사고,2022052300100579,2022년 5월 23일 21시,월요일,부산광역시 사하구 괴정동,경상사고,0,0,1,0,차대사람 - 기타,안전운전불이행,건조,맑음,단일로 - 기타,승용,남,59세,상해없음,보행자,남,44세,경상