사고부문,사고번호,사고일시,요일,시군구,사고내용,사망자수,중상자수,경상자수,부상신고자수,사고유형,법규위반,노면상태,기상상태,도로형태,가해운전자 차종,가해운전자 성별,가해운전자 연령,가해운전자 상해정도,피해운전자 차종,피해운전자 성별,피해운전자 연령,피해운전자 상해정도
보행자사고,2022052400100069,2022년 5월 24일 08시,화요일,부산광역시 동구 초량동,경상사고,0,0,1,0,차대사람 - 차도통행중,안전운전불이행,건조,맑음,단일로 - 기타,승용,남,68세,상해없음,보행자,여,25세,경상
보행자사고,2.02205E+15,2022년 5월 24일 08시,화요일,부산광역시 남구 용호동,경상사고,0,0,1,0,차대사람 - 길가장자리구역통행중,안전운전불이행,건조,맑음,단일로 - 기타,승용,여,44세,상해없음,보행자,남,49세,경상
보행자사고,2022052400100071,2022년 5월 24일 08시,화요일,부산광역시 금정구 장전동,경상사고,0,0,1,0,차대사람 - 기타,안전운전불이행,건조,맑음,교차로 - 교차로부근,승용,여,51세,상해없음,보행자,남,37세,경상
보행자사고,2022052400100126,2022년 5월 24일 09시,화요일,부산광역시 부산진구 부전동,경상사고,0,0,1,0,차대사람 - 횡단중,보행자보호의무위반,건조,맑음,단일로 - 기타,화물,남,67세,상해없음,보행자,여,64세,경상
보행자사고,2022052400100127,2022년 5월 24일 09시,화요일,부산광역시 사하구 괴정동,중상사고,0,1,0,0,차대사람 - 차도통행중,안전운전불이행,건조,맑음,교차로 - 교차로부근,화물,남,55세,상해없음,보행자,여,40세,중상
보행자사고,2022052400100207,2022년 5월 24일 11시,화요일,부산광역시 사하구 하단동,경상사고,0,0,1,0,차대사람 - 차도통행중,안전운전불이행,건조,맑음,단일로 - 기타,자전거,여,47세,상해없음,보행자,여,78세,경상
보행자사고,2022052400100295,2022년 5월 24일 14시,화요일,부산광역시 동래구 사직동,중상사고,0,1,0,0,차대사람 - 차도통행중,안전운전불이행,건조,맑음,교차로 - 교차로안,승용,여,38세,상해없음,보행자,여,85세,중상
보행자사고,2022052400100296,2022년 5월 24일 14시,화요일,부산광역시 사하구 하단동,중상사고,0,1,0,0,차대사람 - 기타,안전운전불이행,건조,맑음,단일로 - 기타,자전거,남,30세,상해없음,보행자,여,42세,중상
보행자사고,2022052400100297,2022년 5월 24일 14시,화요일,부산광역시 기장군 기장읍,경상사고,0,0,1,0,차대사람 - 기타,안전운전불이행,건조,맑음,교차로 - 교차로안,이륜,남,38세,상해없음,보행자,여,72세,경상
보행자사고,2022052400100338,2022년 5월 24일 15시,화요일,부산광역시 부산진구 부전동,중상사고,0,1,0,0,차대사람 - 횡단중,보행자보호의무위반,건조,맑음,교차로 - 교차로부근,승용,남,63세,상해없음,보행자,여,77세,중상
보행자사고,2022052400100377,2022년 5월 24일 16시,화요일,부산광역시 수영구 민락동,중상사고,0,1,0,0,차대사람 - 횡단중,기타,건조,맑음,단일로 - 기타,승용,남,30세,상해없음,보행자,남,53세,중상
보행자사고,2022052400100462,2022년 5월 24일 18시,화요일,부산광역시 수영구 수영동,경상사고,0,0,1,0,차대사람 - 횡단중,안전운전불이행,건조,맑음,교차로 - 교차로횡단보도내,이륜,기타불명,미분류,기타불명,보행자,여,67세,경상
보행자사고,2022052400100526,2022년 5월 24일 20시,화요일,부산광역시 부산진구 부암동,경상사고,0,0,1,0,차대사람 - 횡단중,신호위반,건조,맑음,교차로 - 교차로횡단보도내,이륜,남,24세,상해없음,보행자,남,62세,경상
보행자사고,2022052400100561,2022년 5월 24일 21시,화요일,부산광역시 수영구 광안동,중상사고,0,1,0,0,차대사람 - 차도통행중,안전운전불이행,건조,맑음,단일로 - 기타,승용,남,25세,상해없음,보행자,여,79세,중상
보행자사고,2022052400100562,2022년 5월 24일 21시,화요일,부산광역시 수영구 수영동,경상사고,0,0,1,0,차대사람 - 기타,안전운전불이행,건조,맑음,단일로 - 기타,승용,여,59세,상해없음,보행자,남,64세,경상
보행자사고,2022052400100586,2022년 5월 24일 22시,화요일,부산광역시 해운대구 좌동,중상사고,0,1,0,0,차대사람 - 횡단중,보행자보호의무위반,건조,맑음,교차로 - 교차로안,승용,남,56세,상해없음,보행자,여,74세,중상
보행자사고,2022052500100082,2022년 5월 25일 08시,수요일,부산광역시 북구 금곡동,경상사고,0,0,1,1,차대차 - 기타,기타,건조,맑음,교차로 - 교차로안,승용,남,69세,상해없음,승용,남,56세,경상
보행자사고,2022052500100169,2022년 5월 25일 10시,수요일,부산광역시 영도구 동삼동,중상사고,0,1,0,0,차대사람 - 횡단중,보행자보호의무위반,건조,맑음,교차로 - 교차로횡단보도내,승합,여,66세,상해없음,보행자,남,72세,중상
보행자사고,2022052500100197,2022년 5월 25일 11시,수요일,부산광역시 동래구 온천동,경상사고,0,0,1,0,차대사람 - 횡단중,안전운전불이행,건조,맑음,교차로 - 교차로안,승용,여,69세,상해없음,보행자,남,42세,경상
보행자사고,2022052500100198,2022년 5월 25일 11시,수요일,부산광역시 부산진구 양정동,경상사고,0,0,1,0,차대사람 - 기타,기타,건조,맑음,기타 - 기타,화물,남,62세,상해없음,보행자,여,37세,경상
보행자사고,2022052500100231,2022년 5월 25일 12시,수요일,부산광역시 해운대구 송정동,경상사고,0,0,1,0,차대사람 - 보도통행중,기타,건조,맑음,단일로 - 기타,건설기계,남,58세,상해없음,보행자,여,68세,경상
보행자사고,2022052500100271,2022년 5월 25일 13시,수요일,부산광역시 중구 대청동4가,경상사고,0,0,1,0,차대사람 - 차도통행중,안전운전불이행,건조,맑음,교차로 - 교차로부근,승용,남,67세,상해없음,보행자,여,22세,경상
보행자사고,2022052500100309,2022년 5월 25일 14시,수요일,부산광역시 남구 대연동,중상사고,0,1,0,0,차대사람 - 기타,안전운전불이행,건조,맑음,교차로 - 교차로안,승용,남,52세,상해없음,보행자,여,76세,중상
보행자사고,2022052500100395,2022년 5월 25일 16시,수요일,부산광역시 금정구 청룡동,중상사고,0,1,0,0,차대사람 - 기타,안전운전불이행,건조,맑음,기타 - 기타,승용,여,54세,상해없음,보행자,남,6세,중상
보행자사고,2022052500100526,2022년 5월 25일 19시,수요일,부산광역시 금정구 장전동,부상신고사고,0,0,0,1,차대사람 - 기타,기타,건조,맑음,교차로 - 교차로안,승용,여,26세,상해없음,보행자,남,80세,부상신고
보행자사고,2022052500100527,2022년 5월 25일 19시,수요일,부산광역시 금정구 장전동,경상사고,0,0,1,0,차대사람 - 기타,안전운전불이행,건조,맑음,단일로 - 기타,승용,여,75세,상해없음,보행자,남,31세,경상
보행자사고,2022052500100563,2022년 5월 25일 20시,수요일,부산광역시 서구 동대신동1가,경상사고,0,0,1,0,차대사람 - 차도통행중,안전운전불이행,건조,맑음,단일로 - 기타,승용,남,65세,상해없음,보행자,남,41세,경상
보행자사고,2022052500100607,2022년 5월 25일 21시,수요일,부산광역시 북구 덕천동,경상사고,0,0,1,0,차대사람 - 길가장자리구역통행중,안전운전불이행,건조,맑음,단일로 - 기타,이륜,남,49세,상해없음,보행자,남,27세,경상
보행자사고,2022052600100035,2022년 5월 26일 02시,목요일,부산광역시 북구 덕천동,중상사고,0,1,0,0,차대사람 - 기타,안전운전불이행,건조,맑음,단일로 - 기타,승용,남,21세,상해없음,보행자,남,24세,중상
보행자사고,2022052600100066,2022년 5월 26일 06시,목요일,부산광역시 부산진구 부전동,중상사고,0,1,0,0,차대사람 - 기타,안전운전불이행,건조,맑음,단일로 - 기타,승합,남,37세,상해없음,보행자,여,78세,중상
보행자사고,2022052600100084,2022년 5월 26일 07시,목요일,부산광역시 북구 구포동,중상사고,0,1,0,0,차대사람 - 기타,안전운전불이행,건조,맑음,기타 - 기타,화물,남,60세,상해없음,보행자,여,85세,중상
보행자사고,2022052600100111,2022년 5월 26일 08시,목요일,부산광역시 부산진구 개금동,중상사고,0,1,0,0,차대사람 - 횡단중,안전운전불이행,건조,맑음,단일로 - 기타,승용,남,51세,상해없음,보행자,남,83세,중상
보행자사고,2022052600100112,2022년 5월 26일 08시,목요일,부산광역시 사하구 당리동,경상사고,0,0,1,0,차대사람 - 기타,기타,건조,맑음,단일로 - 기타,승용,여,48세,상해없음,보행자,여,25세,경상
보행자사고,2022052600100214,2022년 5월 26일 11시,목요일,부산광역시 부산진구 전포동,경상사고,0,0,1,0,차대사람 - 횡단중,불법유턴,건조,맑음,단일로 - 기타,승용,남,57세,상해없음,보행자,남,32세,경상
보행자사고,2022052600100215,2022년 5월 26일 11시,목요일,부산광역시 부산진구 부암동,중상사고,0,1,0,0,차대사람 - 횡단중,보행자보호의무위반,건조,맑음,교차로 - 교차로횡단보도내,화물,남,47세,상해없음,보행자,남,64세,중상
보행자사고,2022052600100243,2022년 5월 26일 12시,목요일,부산광역시 금정구 구서동,중상사고,0,1,0,0,차대사람 - 횡단중,신호위반,건조,맑음,단일로 - 기타,승용,남,40세,상해없음,보행자,여,60세,중상
보행자사고,2022052600100338,2022년 5월 26일 15시,목요일,부산광역시 부산진구 전포동,부상신고사고,0,0,0,1,차대사람 - 횡단중,보행자보호의무위반,건조,맑음,단일로 - 기타,화물,남,70세,상해없음,보행자,여,84세,부상신고
보행자사고,2022052600100339,2022년 5월 26일 15시,목요일,부산광역시 연제구 거제동,경상사고,0,0,1,0,차대사람 - 기타,안전운전불이행,건조,맑음,단일로 - 기타,원동기,남,19세,상해없음,보행자,남,77세,경상
보행자사고,2022052600100584,2022년 5월 26일 20시,목요일,부산광역시 북구 구포동,경상사고,0,0,1,0,차대사람 - 기타,안전운전불이행,건조,맑음,단일로 - 기타,이륜,남,48세,상해없음,보행자,여,20세,경상
보행자사고,2022052600100608,2022년 5월 26일 21시,목요일,부산광역시 해운대구 우동,중상사고,0,1,0,0,차대사람 - 기타,안전운전불이행,건조,맑음,단일로 - 기타,자전거,남,14세,상해없음,보행자,여,26세,중상
보행자사고,2022052700100048,2022년 5월 27일 05시,금요일,부산광역시 부산진구 범천동,중상사고,0,1,0,0,차대사람 - 횡단중,기타,건조,맑음,단일로 - 기타,승용,남,57세,상해없음,보행자,여,73세,중상
보행자사고,2022052700100105,2022년 5월 27일 08시,금요일,부산광역시 부산진구 부암동,중상사고,0,1,0,0,차대사람 - 횡단중,보행자보호의무위반,건조,맑음,교차로 - 교차로횡단보도내,승용,여,51세,상해없음,보행자,여,63세,중상
보행자사고,2022052700100143,2022년 5월 27일 09시,금요일,부산광역시 부산진구 개금동,중상사고,0,1,0,0,차대사람 - 기타,안전운전불이행,건조,맑음,단일로 - 기타,승용,남,50세,상해없음,보행자,여,68세,중상
보행자사고,2022052700100144,2022년 5월 27일 09시,금요일,부산광역시 부산진구 부전동,경상사고,0,0,1,0,차대사람 - 횡단중,보행자보호의무위반,건조,맑음,단일로 - 기타,승용,여,82세,상해없음,보행자,여,48세,경상
보행자사고,2022052700100173,2022년 5월 27일 10시,금요일,부산광역시 해운대구 반송동,중상사고,0,1,0,0,차대사람 - 횡단중,보행자보호의무위반,건조,맑음,교차로 - 교차로안,이륜,남,58세,상해없음,보행자,여,79세,중상
보행자사고,2022052700100204,2022년 5월 27일 11시,금요일,부산광역시 금정구 금사동,경상사고,0,0,1,0,차대사람 - 횡단중,안전운전불이행,건조,맑음,교차로 - 교차로안,승용,남,61세,상해없음,보행자,남,22세,경상
보행자사고,2.02205E+15,2022년 5월 27일 14시,금요일,부산광역시 동래구 명륜동,경상사고,0,0,1,0,차대사람 - 횡단중,보행자보호의무위반,건조,맑음,교차로 - 교차로횡단보도내,승용,남,33세,상해없음,보행자,여,11세,경상
보행자사고,2022052700100333,2022년 5월 27일 15시,금요일,부산광역시 동구 초량동,경상사고,0,0,1,0,차대사람 - 횡단중,보행자보호의무위반,건조,맑음,교차로 - 교차로횡단보도내,화물,남,43세,상해없음,보행자,여,53세,경상
보행자사고,2022052700100447,2022년 5월 27일 17시,금요일,부산광역시 동래구 사직동,경상사고,0,0,1,0,차대사람 - 횡단중,보행자보호의무위반,건조,맑음,교차로 - 교차로횡단보도내,이륜,남,67세,상해없음,보행자,여,9세,경상
보행자사고,2022052700100449,2022년 5월 27일 17시,금요일,부산광역시 금정구 장전동,부상신고사고,0,0,0,1,차대사람 - 차도통행중,안전운전불이행,건조,맑음,교차로 - 교차로안,승용,남,32세,상해없음,보행자,여,63세,부상신고
보행자사고,2022052700100565,2022년 5월 27일 19시,금요일,부산광역시 부산진구 양정동,경상사고,0,0,1,0,차대사람 - 기타,안전운전불이행,건조,맑음,기타 - 기타,승용,남,37세,상해없음,보행자,여,69세,경상
보행자사고,2022052700100608,2022년 5월 27일 20시,금요일,부산광역시 부산진구 전포동,경상사고,0,0,1,0,차대사람 - 기타,안전운전불이행,건조,맑음,기타 - 기타,이륜,남,40세,상해없음,보행자,여,28세,경상
보행자사고,2022052700100693,2022년 5월 27일 23시,금요일,부산광역시 사상구 괘법동,중상사고,0,1,0,0,차대사람 - 기타,안전운전불이행,건조,맑음,교차로 - 교차로안,승용,남,46세,상해없음,보행자,여,18세,중상
보행자사고,2022052800100001,2022년 5월 28일 00시,토요일,부산광역시 북구 덕천동,경상사고,0,0,1,0,차대사람 - 횡단중,보행자보호의무위반,건조,맑음,교차로 - 교차로횡단보도내,승용,남,22세,상해없음,보행자,여,20세,경상
보행자사고,2022052800100019,2022년 5월 28일 02시,토요일,부산광역시 수영구 광안동,경상사고,0,0,1,0,차대사람 - 기타,기타,건조,맑음,교차로 - 교차로부근,승용,남,34세,상해없음,보행자,여,44세,경상
보행자사고,2022052800100082,2022년 5월 28일 08시,토요일,부산광역시 금정구 장전동,경상사고,0,0,1,0,차대사람 - 보도통행중,기타,건조,맑음,단일로 - 기타,승용,남,58세,상해없음,보행자,남,49세,경상
보행자사고,2.02205E+15,2022년 5월 28일 09시,토요일,부산광역시 해운대구 반여동,경상사고,0,0,1,0,차대사람 - 횡단중,보행자보호의무위반,건조,맑음,교차로 - 교차로횡단보도내,승용,여,34세,상해없음,보행자,여,53세,경상
보행자사고,2022052800100145,2022년 5월 28일 10시,토요일,부산광역시 금정구 남산동,경상사고,0,0,1,0,차대사람 - 기타,기타,건조,맑음,단일로 - 기타,승합,남,77세,상해없음,보행자,여,64세,경상
보행자사고,2022052800100304,2022년 5월 28일 14시,토요일,부산광역시 기장군 기장읍,경상사고,0,0,1,0,차대사람 - 기타,안전운전불이행,건조,맑음,단일로 - 기타,승용,여,39세,상해없음,보행자,남,55세,경상
보행자사고,2022052800100381,2022년 5월 28일 16시,토요일,부산광역시 동구 좌천동,경상사고,0,0,1,0,차대사람 - 보도통행중,기타,건조,맑음,단일로 - 기타,화물,남,71세,상해없음,보행자,여,63세,경상
보행자사고,2022052800100589,2022년 5월 28일 22시,토요일,부산광역시 영도구 영선동2가,중상사고,0,1,0,0,차대사람 - 기타,안전운전불이행,건조,맑음,교차로 - 교차로안,승용,남,77세,상해없음,보행자,남,53세,중상
보행자사고,2.02205E+15,2022년 5월 28일 22시,토요일,부산광역시 부산진구 전포동,중상사고,0,1,1,0,차대사람 - 기타,안전운전불이행,건조,맑음,교차로 - 교차로부근,이륜,남,18세,중상,보행자,여,36세,경상
보행자사고,2022052900100094,2022년 5월 29일 09시,일요일,부산광역시 사하구 당리동,경상사고,0,0,1,0,차대사람 - 기타,안전운전불이행,건조,맑음,단일로 - 지하차도(도로)내,승용,남,64세,상해없음,보행자,여,72세,경상
보행자사고,2022052900100139,2022년 5월 29일 11시,일요일,부산광역시 연제구 연산동,경상사고,0,0,1,0,차대사람 - 횡단중,신호위반,건조,맑음,교차로 - 교차로부근,승합,남,50세,상해없음,보행자,여,58세,경상
보행자사고,2022052900100162,2022년 5월 29일 12시,일요일,부산광역시 서구 암남동,경상사고,0,0,1,0,차대사람 - 횡단중,보행자보호의무위반,건조,맑음,교차로 - 교차로안,승용,남,52세,상해없음,보행자,남,59세,경상
보행자사고,2022053000100185,2022년 5월 30일 12시,월요일,부산광역시 중구 부평동1가,경상사고,0,0,1,0,차대사람 - 차도통행중,안전운전불이행,건조,맑음,단일로 - 기타,승용,여,73세,상해없음,보행자,남,43세,경상
보행자사고,2022053000100188,2022년 5월 30일 12시,월요일,부산광역시 부산진구 범전동,경상사고,0,0,1,0,차대사람 - 횡단중,신호위반,건조,맑음,교차로 - 교차로안,화물,남,70세,상해없음,보행자,여,42세,경상
보행자사고,2022053000100214,2022년 5월 30일 13시,월요일,부산광역시 동구 초량동,중상사고,0,1,0,0,차대사람 - 보도통행중,보행자보호의무위반,건조,맑음,교차로 - 교차로안,승용,남,69세,상해없음,보행자,여,52세,중상
보행자사고,2022053000100215,2022년 5월 30일 13시,월요일,부산광역시 동래구 낙민동,중상사고,0,1,0,0,차대사람 - 보도통행중,보행자보호의무위반,건조,맑음,교차로 - 교차로안,화물,남,67세,상해없음,보행자,여,58세,중상
보행자사고,2022053000100259,2022년 5월 30일 14시,월요일,부산광역시 금정구 서동,중상사고,0,1,0,0,차대사람 - 횡단중,보행자보호의무위반,건조,맑음,교차로 - 교차로횡단보도내,승용,남,67세,상해없음,보행자,여,64세,중상
보행자사고,2022053000100481,2022년 5월 30일 20시,월요일,부산광역시 수영구 망미동,경상사고,0,0,1,0,차대사람 - 기타,안전운전불이행,건조,맑음,단일로 - 기타,승용,남,61세,상해없음,보행자,남,55세,경상
보행자사고,2022053000100536,2022년 5월 30일 23시,월요일,부산광역시 기장군 일광읍,경상사고,0,0,2,0,차대사람 - 기타,안전운전불이행,건조,맑음,기타 - 기타,승용,남,46세,상해없음,보행자,여,20세,경상
보행자사고,2022053100100054,2022년 5월 31일 07시,화요일,부산광역시 동구 수정동,경상사고,0,0,1,0,차대사람 - 횡단중,보행자보호의무위반,건조,맑음,교차로 - 교차로횡단보도내,화물,남,68세,상해없음,보행자,여,36세,경상
보행자사고,2022053100100184,2022년 5월 31일 10시,화요일,부산광역시 남구 용호동,경상사고,0,0,1,0,차대사람 - 차도통행중,안전운전불이행,건조,맑음,교차로 - 교차로안,승용,여,70세,상해없음,보행자,남,72세,경상
보행자사고,2022053100100215,2022년 5월 31일 11시,화요일,부산광역시 남구 대연동,중상사고,0,1,0,0,차대사람 - 기타,안전운전불이행,건조,맑음,교차로 - 교차로안,승용,여,28세,기타불명,보행자,여,72세,중상
보행자사고,2.02205E+15,2022년 5월 31일 12시,화요일,부산광역시 수영구 광안동,경상사고,0,0,1,0,차대사람 - 횡단중,안전운전불이행,건조,맑음,단일로 - 기타,기타불명,기타불명,미분류,기타불명,보행자,여,75세,경상
보행자사고,2022053100100263,2022년 5월 31일 12시,화요일,부산광역시 영도구 동삼동,중상사고,0,1,0,0,차대사람 - 보도통행중,보행자보호의무위반,건조,맑음,교차로 - 교차로횡단보도내,승용,남,64세,상해없음,보행자,남,61세,중상
보행자사고,2022053100100371,2022년 5월 31일 15시,화요일,부산광역시 서구 동대신동3가,경상사고,0,0,1,0,차대사람 - 횡단중,보행자보호의무위반,건조,맑음,단일로 - 기타,화물,남,65세,상해없음,보행자,남,24세,경상
보행자사고,2022053100100376,2022년 5월 31일 15시,화요일,부산광역시 사상구 주례동,경상사고,0,0,1,0,차대사람 - 횡단중,안전운전불이행,건조,맑음,단일로 - 기타,승용,남,73세,상해없음,보행자,남,7세,경상
보행자사고,2022053100100416,2022년 5월 31일 16시,화요일,부산광역시 수영구 광안동,중상사고,0,1,0,0,차대사람 - 보도통행중,보행자보호의무위반,건조,맑음,교차로 - 교차로부근,이륜,남,34세,기타불명,보행자,남,5세,중상
보행자사고,2022053100100417,2022년 5월 31일 16시,화요일,부산광역시 연제구 거제동,중상사고,0,1,0,0,차대사람 - 기타,안전운전불이행,건조,맑음,단일로 - 기타,승용,남,29세,상해없음,보행자,여,81세,중상
보행자사고,2022053100100467,2022년 5월 31일 17시,화요일,부산광역시 수영구 광안동,경상사고,0,0,1,0,차대사람 - 기타,안전운전불이행,건조,맑음,단일로 - 기타,승용,남,42세,상해없음,보행자,여,34세,경상
보행자사고,2022053100100468,2022년 5월 31일 17시,화요일,부산광역시 동래구 사직동,중상사고,0,1,0,0,차대사람 - 횡단중,보행자보호의무위반,건조,맑음,교차로 - 교차로횡단보도내,승용,여,34세,상해없음,보행자,남,77세,중상
보행자사고,2022053100100521,2022년 5월 31일 18시,화요일,부산광역시 동구 수정동,경상사고,0,0,1,0,차대사람 - 차도통행중,안전운전불이행,건조,맑음,단일로 - 지하차도(도로)내,승용,남,65세,상해없음,보행자,남,42세,경상
보행자사고,2.02205E+15,2022년 5월 31일 22시,화요일,부산광역시 영도구 남항동1가,경상사고,0,0,1,0,차대사람 - 기타,안전운전불이행,건조,맑음,기타 - 기타,승용,여,46세,상해없음,보행자,남,21세,경상
보행자사고,2022060100100134,2022년 6월 1일 09시,수요일,부산광역시 해운대구 반여동,중상사고,0,1,0,0,차대사람 - 횡단중,보행자보호의무위반,건조,맑음,단일로 - 기타,승용,여,54세,상해없음,보행자,여,67세,중상
보행자사고,2022060100100185,2022년 6월 1일 11시,수요일,부산광역시 사하구 다대동,중상사고,0,1,0,0,차대사람 - 횡단중,신호위반,건조,맑음,교차로 - 교차로부근,원동기,남,28세,상해없음,보행자,여,66세,중상
보행자사고,2022060100100401,2022년 6월 1일 17시,수요일,부산광역시 동래구 안락동,경상사고,0,0,1,0,차대사람 - 횡단중,보행자보호의무위반,건조,맑음,교차로 - 교차로부근,이륜,남,16세,상해없음,보행자,여,12세,경상
보행자사고,2022060100100402,2022년 6월 1일 17시,수요일,부산광역시 사하구 신평동,경상사고,0,0,1,0,차대사람 - 차도통행중,안전운전불이행,건조,맑음,교차로 - 교차로부근,이륜,남,34세,기타불명,보행자,남,9세,경상
보행자사고,2.02206E+15,2022년 6월 2일 07시,목요일,부산광역시 연제구 연산동,중상사고,0,1,0,0,차대사람 - 기타,안전운전불이행,건조,맑음,단일로 - 기타,승합,남,66세,상해없음,보행자,남,68세,중상
보행자사고,2022060200100052,2022년 6월 2일 07시,목요일,부산광역시 사상구 괘법동,경상사고,0,0,1,0,차대사람 - 횡단중,신호위반,건조,맑음,교차로 - 교차로횡단보도내,승용,여,48세,상해없음,보행자,남,28세,경상
보행자사고,2022060200100076,2022년 6월 2일 08시,목요일,부산광역시 사하구 당리동,중상사고,0,1,0,0,차대사람 - 횡단중,안전운전불이행,건조,맑음,단일로 - 기타,승용,남,66세,상해없음,보행자,여,63세,중상
보행자사고,2022060200100173,2022년 6월 2일 11시,목요일,부산광역시 동래구 사직동,중상사고,0,1,0,0,차대사람 - 횡단중,안전운전불이행,건조,맑음,단일로 - 기타,승용,남,38세,상해없음,보행자,남,26세,중상
보행자사고,2022060200100203,2022년 6월 2일 12시,목요일,부산광역시 서구 동대신동3가,중상사고,0,1,0,0,차대사람 - 차도통행중,안전운전불이행,건조,맑음,교차로 - 교차로안,승용,남,54세,상해없음,보행자,남,77세,중상
보행자사고,2022060200100342,2022년 6월 2일 16시,목요일,부산광역시 연제구 연산동,중상사고,0,1,0,0,차대사람 - 기타,안전운전불이행,건조,맑음,교차로 - 교차로안,승용,여,65세,상해없음,보행자,남,12세,중상
보행자사고,2022060200100382,2022년 6월 2일 17시,목요일,부산광역시 중구 남포동1가,경상사고,0,0,1,0,차대사람 - 보도통행중,안전운전불이행,건조,맑음,교차로 - 교차로부근,승합,남,45세,상해없음,보행자,남,67세,경상
보행자사고,2022060200100518,2022년 6월 2일 20시,목요일,부산광역시 수영구 남천동,중상사고,0,1,0,0,차대사람 - 기타,안전운전불이행,건조,맑음,단일로 - 기타,승용,여,64세,상해없음,보행자,남,62세,중상
보행자사고,2.02206E+15,2022년 6월 3일 06시,금요일,부산광역시 수영구 남천동,경상사고,0,0,1,0,차대사람 - 기타,안전운전불이행,건조,맑음,단일로 - 기타,승합,남,57세,상해없음,보행자,여,51세,경상
보행자사고,2022060300100158,2022년 6월 3일 10시,금요일,부산광역시 부산진구 개금동,중상사고,0,1,0,0,차대사람 - 횡단중,보행자보호의무위반,건조,맑음,교차로 - 교차로횡단보도내,화물,남,59세,상해없음,보행자,여,74세,중상
보행자사고,2022060300100373,2022년 6월 3일 16시,금요일,부산광역시 강서구 명지동,경상사고,0,0,1,0,차대사람 - 횡단중,보행자보호의무위반,건조,맑음,교차로 - 교차로횡단보도내,이륜,남,41세,상해없음,보행자,남,10세,경상
보행자사고,2022060300100418,2022년 6월 3일 17시,금요일,부산광역시 기장군 기장읍,중상사고,0,1,0,0,차대사람 - 횡단중,보행자보호의무위반,건조,맑음,단일로 - 기타,이륜,남,50세,상해없음,보행자,남,62세,중상
보행자사고,2022060300100511,2022년 6월 3일 19시,금요일,부산광역시 수영구 광안동,중상사고,0,1,0,0,차대사람 - 기타,기타,기타,맑음,기타 - 기타,원동기,남,71세,상해없음,보행자,남,40세,중상
보행자사고,2022060300100549,2022년 6월 3일 20시,금요일,부산광역시 사상구 덕포동,중상사고,0,1,0,0,차대사람 - 기타,안전운전불이행,건조,기타,기타 - 기타,승합,남,40세,상해없음,보행자,남,58세,중상
보행자사고,2022060300100636,2022년 6월 3일 23시,금요일,부산광역시 동래구 명륜동,중상사고,0,1,0,0,차대사람 - 횡단중,신호위반,건조,맑음,교차로 - 교차로횡단보도내,승합,남,72세,상해없음,보행자,남,60세,중상
보행자사고,2022060400100029,2022년 6월 4일 01시,토요일,부산광역시 중구 중앙동2가,경상사고,0,0,1,0,차대사람 - 기타,안전운전불이행,건조,맑음,단일로 - 기타,승용,남,55세,상해없음,보행자,여,26세,경상
보행자사고,2.02206E+15,2022년 6월 4일 10시,토요일,부산광역시 남구 문현동,중상사고,0,1,0,0,차대사람 - 횡단중,보행자보호의무위반,건조,맑음,단일로 - 기타,화물,남,29세,상해없음,보행자,여,10세,중상
보행자사고,2.02206E+15,2022년 6월 4일 17시,토요일,부산광역시 수영구 수영동,경상사고,0,0,1,0,차대사람 - 기타,안전운전불이행,건조,맑음,단일로 - 기타,승용,남,65세,상해없음,보행자,남,44세,경상
보행자사고,2022060400100498,2022년 6월 4일 20시,토요일,부산광역시 사상구 괘법동,경상사고,0,0,1,0,차대사람 - 기타,안전운전불이행,건조,맑음,단일로 - 기타,이륜,남,20세,상해없음,보행자,여,64세,경상
보행자사고,2022060400100559,2022년 6월 4일 22시,토요일,부산광역시 수영구 광안동,중상사고,0,1,0,0,차대사람 - 기타,교차로운행방법위반,건조,맑음,교차로 - 교차로부근,승용,남,40세,상해없음,보행자,남,36세,중상
보행자사고,2022060400100579,2022년 6월 4일 23시,토요일,부산광역시 연제구 연산동,경상사고,0,0,1,0,차대사람 - 기타,안전운전불이행,건조,맑음,단일로 - 기타,승용,여,54세,상해없음,보행자,여,29세,경상
보행자사고,2022060500100004,2022년 6월 5일 00시,일요일,부산광역시 해운대구 재송동,경상사고,0,0,1,0,차대사람 - 기타,안전운전불이행,건조,맑음,단일로 - 기타,승용,남,64세,상해없음,보행자,남,24세,경상
보행자사고,2022060500100169,2022년 6월 5일 13시,일요일,부산광역시 기장군 기장읍,중상사고,0,1,0,0,차대사람 - 횡단중,보행자보호의무위반,건조,맑음,교차로 - 교차로안,승용,남,51세,상해없음,보행자,남,22세,중상
보행자사고,2022060500100224,2022년 6월 5일 15시,일요일,부산광역시 동래구 안락동,경상사고,0,0,1,0,차대사람 - 차도통행중,안전운전불이행,젖음/습기,비,교차로 - 교차로부근,승용,남,63세,상해없음,보행자,여,84세,경상
보행자사고,2022060500100305,2022년 6월 5일 18시,일요일,부산광역시 영도구 봉래동3가,경상사고,0,0,1,0,차대사람 - 기타,안전운전불이행,젖음/습기,비,단일로 - 기타,승용,남,21세,상해없음,보행자,여,58세,경상
보행자사고,2022060600100055,2022년 6월 6일 05시,월요일,부산광역시 수영구 광안동,경상사고,0,0,1,0,차대사람 - 횡단중,신호위반,젖음/습기,맑음,단일로 - 기타,승용,남,74세,상해없음,보행자,여,73세,경상