사고부문,사고번호,사고일시,요일,시군구,사고내용,사망자수,중상자수,경상자수,부상신고자수,사고유형,법규위반,노면상태,기상상태,도로형태,가해운전자 차종,가해운전자 성별,가해운전자 연령,가해운전자 상해정도,피해운전자 차종,피해운전자 성별,피해운전자 연령,피해운전자 상해정도
보행자사고,2.02206E+15,2022년 6월 6일 13시,월요일,부산광역시 해운대구 좌동,경상사고,0,0,1,0,차대사람 - 횡단중,신호위반,젖음/습기,비,교차로 - 교차로횡단보도내,승용,남,67세,상해없음,보행자,여,9세,경상
보행자사고,2022060600100248,2022년 6월 6일 15시,월요일,부산광역시 동래구 온천동,중상사고,0,1,0,0,차대사람 - 횡단중,안전운전불이행,건조,맑음,교차로 - 교차로횡단보도내,승용,여,46세,상해없음,보행자,여,86세,중상
보행자사고,2022060600100376,2022년 6월 6일 19시,월요일,부산광역시 서구 서대신동3가,중상사고,0,1,0,0,차대사람 - 횡단중,안전운전불이행,건조,맑음,단일로 - 기타,승용,여,53세,상해없음,보행자,여,62세,중상
보행자사고,2022060700100048,2022년 6월 7일 07시,화요일,부산광역시 부산진구 연지동,중상사고,0,1,0,0,차대사람 - 횡단중,보행자보호의무위반,건조,맑음,교차로 - 교차로부근,자전거,남,68세,상해없음,보행자,여,75세,중상
보행자사고,2022060700100082,2022년 6월 7일 08시,화요일,부산광역시 강서구 대저2동,중상사고,0,1,0,0,차대사람 - 차도통행중,안전운전불이행,건조,맑음,단일로 - 기타,화물,남,31세,상해없음,보행자,남,64세,중상
보행자사고,2022060700100132,2022년 6월 7일 09시,화요일,부산광역시 부산진구 부전동,경상사고,0,0,1,0,차대사람 - 횡단중,보행자보호의무위반,건조,맑음,교차로 - 교차로안,승용,남,26세,상해없음,보행자,여,31세,경상
보행자사고,2022060700100484,2022년 6월 7일 20시,화요일,부산광역시 부산진구 범천동,경상사고,0,0,2,0,차대사람 - 기타,보행자보호의무위반,건조,맑음,단일로 - 기타,승용,남,25세,상해없음,보행자,남,33세,경상
보행자사고,2.02206E+15,2022년 6월 7일 23시,화요일,부산광역시 부산진구 부전동,경상사고,0,0,1,0,차대사람 - 차도통행중,안전운전불이행,건조,맑음,교차로 - 교차로안,승용,남,62세,상해없음,보행자,여,64세,경상
보행자사고,2.02206E+15,2022년 6월 8일 01시,수요일,부산광역시 서구 부민동1가,중상사고,0,1,0,0,차대사람 - 횡단중,신호위반,건조,흐림,단일로 - 기타,원동기,남,21세,상해없음,보행자,남,21세,중상
보행자사고,2022060800100125,2022년 6월 8일 09시,수요일,부산광역시 부산진구 당감동,부상신고사고,0,0,0,1,차대사람 - 기타,안전운전불이행,건조,맑음,단일로 - 기타,화물,남,63세,상해없음,보행자,남,26세,부상신고
보행자사고,2022060800100163,2022년 6월 8일 10시,수요일,부산광역시 사상구 감전동,경상사고,0,0,1,0,차대사람 - 횡단중,안전운전불이행,건조,맑음,단일로 - 기타,화물,남,75세,상해없음,보행자,남,72세,경상
보행자사고,2022060800100189,2022년 6월 8일 11시,수요일,부산광역시 영도구 대평동1가,경상사고,0,0,2,0,차대사람 - 보도통행중,안전운전불이행,젖음/습기,흐림,단일로 - 지하차도(도로)내,승용,남,73세,경상,보행자,여,63세,경상
보행자사고,2022060800100243,2022년 6월 8일 13시,수요일,부산광역시 연제구 연산동,사망사고,1,0,0,0,차대사람 - 기타,안전운전불이행,건조,맑음,단일로 - 기타,이륜,남,45세,상해없음,보행자,여,65세,사망
보행자사고,2022060800100298,2022년 6월 8일 15시,수요일,부산광역시 서구 서대신동1가,경상사고,0,0,1,0,차대사람 - 횡단중,보행자보호의무위반,건조,맑음,단일로 - 기타,승용,여,62세,상해없음,보행자,여,8세,경상
보행자사고,2022060800100299,2022년 6월 8일 15시,수요일,부산광역시 동래구 사직동,중상사고,0,1,0,0,차대사람 - 기타,안전운전불이행,건조,맑음,단일로 - 기타,승용,여,40세,상해없음,보행자,남,10세,중상
보행자사고,2022060800100517,2022년 6월 8일 21시,수요일,부산광역시 동래구 온천동,경상사고,0,0,1,0,차대사람 - 횡단중,보행자보호의무위반,건조,맑음,단일로 - 기타,승용,남,57세,상해없음,보행자,남,45세,경상
보행자사고,2022060800100518,2022년 6월 8일 21시,수요일,부산광역시 해운대구 반송동,경상사고,0,0,1,0,차대사람 - 횡단중,안전운전불이행,건조,맑음,단일로 - 기타,승용,남,36세,상해없음,보행자,남,48세,경상
보행자사고,2022060800100547,2022년 6월 8일 22시,수요일,부산광역시 사하구 장림동,경상사고,0,0,1,0,차대사람 - 횡단중,보행자보호의무위반,건조,맑음,교차로 - 교차로횡단보도내,승용,남,58세,상해없음,보행자,남,31세,경상
보행자사고,2022060900100051,2022년 6월 9일 07시,목요일,부산광역시 중구 남포동4가,중상사고,0,1,0,0,차대사람 - 횡단중,안전운전불이행,건조,맑음,단일로 - 기타,승용,남,34세,상해없음,보행자,여,50세,중상
보행자사고,2022060900100053,2022년 6월 9일 07시,목요일,부산광역시 사하구 신평동,중상사고,0,1,0,0,차대사람 - 차도통행중,안전운전불이행,건조,맑음,교차로 - 교차로안,승용,남,60세,상해없음,보행자,여,62세,중상
보행자사고,2022060900100215,2022년 6월 9일 12시,목요일,부산광역시 수영구 남천동,경상사고,0,0,1,0,차대사람 - 길가장자리구역통행중,안전운전불이행,건조,맑음,단일로 - 기타,승용,여,53세,상해없음,보행자,여,66세,경상
보행자사고,2022060900100258,2022년 6월 9일 14시,목요일,부산광역시 동래구 사직동,경상사고,0,0,1,0,차대사람 - 차도통행중,안전운전불이행,건조,맑음,단일로 - 기타,승용,남,55세,상해없음,보행자,여,76세,경상
보행자사고,2022060900100324,2022년 6월 9일 16시,목요일,부산광역시 부산진구 개금동,경상사고,0,0,1,0,차대사람 - 기타,안전운전불이행,건조,맑음,단일로 - 기타,승용,여,60세,상해없음,보행자,여,72세,경상
보행자사고,2022060900100325,2022년 6월 9일 16시,목요일,부산광역시 부산진구 연지동,중상사고,0,1,1,0,차대사람 - 횡단중,보행자보호의무위반,건조,맑음,단일로 - 기타,승용,남,67세,상해없음,보행자,여,8세,중상
보행자사고,2022060900100367,2022년 6월 9일 17시,목요일,부산광역시 동래구 수안동,경상사고,0,0,1,0,차대사람 - 횡단중,보행자보호의무위반,건조,맑음,교차로 - 교차로안,화물,남,61세,상해없음,보행자,여,40세,경상
보행자사고,2022060900100401,2022년 6월 9일 18시,목요일,부산광역시 금정구 서동,경상사고,0,0,1,0,차대사람 - 차도통행중,안전운전불이행,건조,맑음,교차로 - 교차로안,승용,남,32세,상해없음,보행자,여,75세,경상
보행자사고,2022060900100538,2022년 6월 9일 23시,목요일,부산광역시 부산진구 당감동,경상사고,0,0,1,0,차대사람 - 차도통행중,안전운전불이행,건조,맑음,단일로 - 기타,이륜,남,41세,상해없음,보행자,남,46세,경상
보행자사고,2022061000100082,2022년 6월 10일 08시,금요일,부산광역시 강서구 지사동,경상사고,0,0,1,0,차대사람 - 횡단중,신호위반,건조,맑음,단일로 - 기타,승용,남,51세,상해없음,보행자,여,5세,경상
보행자사고,2022061000100133,2022년 6월 10일 09시,금요일,부산광역시 남구 대연동,중상사고,0,1,0,0,차대사람 - 기타,안전운전불이행,건조,맑음,기타 - 기타,화물,남,63세,상해없음,보행자,남,45세,중상
보행자사고,2.02206E+15,2022년 6월 10일 11시,금요일,부산광역시 강서구 신호동,중상사고,0,1,0,0,차대사람 - 횡단중,보행자보호의무위반,건조,맑음,교차로 - 교차로부근,승용,여,52세,상해없음,보행자,여,68세,중상
보행자사고,2022061000100226,2022년 6월 10일 12시,금요일,부산광역시 수영구 수영동,경상사고,0,0,1,0,차대사람 - 보도통행중,안전운전불이행,건조,맑음,단일로 - 기타,승용,여,36세,상해없음,보행자,여,22세,경상
보행자사고,2022061000100286,2022년 6월 10일 14시,금요일,부산광역시 수영구 민락동,중상사고,0,1,0,0,차대사람 - 횡단중,안전운전불이행,건조,맑음,단일로 - 기타,승용,남,80세,상해없음,보행자,남,69세,중상
보행자사고,2022061000100322,2022년 6월 10일 15시,금요일,부산광역시 동래구 온천동,경상사고,0,0,1,0,차대사람 - 횡단중,보행자보호의무위반,건조,맑음,교차로 - 교차로안,승합,남,67세,상해없음,보행자,남,9세,경상
보행자사고,2022061000100364,2022년 6월 10일 16시,금요일,부산광역시 부산진구 개금동,경상사고,0,0,1,0,차대사람 - 기타,안전운전불이행,건조,맑음,단일로 - 기타,승용,남,62세,상해없음,보행자,여,63세,경상
보행자사고,2022061100100005,2022년 6월 11일 00시,토요일,부산광역시 영도구 청학동,경상사고,0,0,1,0,차대사람 - 기타,안전운전불이행,건조,맑음,교차로 - 교차로부근,승용,남,59세,상해없음,보행자,남,45세,경상
보행자사고,2.02206E+15,2022년 6월 11일 01시,토요일,부산광역시 중구 대창동2가,중상사고,0,1,0,0,차대사람 - 횡단중,기타,건조,맑음,단일로 - 기타,이륜,남,51세,상해없음,보행자,남,40세,중상
보행자사고,2.02206E+15,2022년 6월 11일 06시,토요일,부산광역시 서구 동대신동3가,경상사고,0,0,1,0,차대사람 - 차도통행중,안전운전불이행,건조,맑음,단일로 - 기타,승용,남,66세,상해없음,보행자,남,81세,경상
보행자사고,2.02206E+15,2022년 6월 11일 11시,토요일,부산광역시 부산진구 부전동,경상사고,0,0,1,0,차대사람 - 기타,안전운전불이행,건조,맑음,기타 - 기타,승용,남,28세,상해없음,보행자,여,57세,경상
보행자사고,2022061100100503,2022년 6월 11일 20시,토요일,부산광역시 연제구 연산동,중상사고,0,1,0,0,차대사람 - 기타,교차로운행방법위반,건조,맑음,단일로 - 기타,승용,여,65세,상해없음,보행자,남,72세,중상
보행자사고,2022061100100526,2022년 6월 11일 21시,토요일,부산광역시 금정구 장전동,경상사고,0,0,2,0,차대사람 - 기타,안전운전불이행,건조,맑음,기타 - 기타,이륜,남,24세,경상,보행자,남,28세,경상
보행자사고,2022061100100527,2022년 6월 11일 21시,토요일,부산광역시 사하구 다대동,중상사고,0,1,0,0,차대사람 - 횡단중,신호위반,건조,맑음,교차로 - 교차로횡단보도내,이륜,남,17세,상해없음,보행자,여,14세,중상
보행자사고,2022061100100564,2022년 6월 11일 23시,토요일,부산광역시 부산진구 부전동,경상사고,0,0,1,0,차대사람 - 차도통행중,안전운전불이행,건조,맑음,기타 - 기타,승용,여,19세,상해없음,보행자,여,25세,경상
보행자사고,2.02206E+15,2022년 6월 12일 05시,일요일,부산광역시 동래구 낙민동,경상사고,0,0,1,0,차대사람 - 횡단중,안전운전불이행,건조,맑음,단일로 - 기타,기타불명,기타불명,미분류,기타불명,보행자,여,64세,경상
보행자사고,2022061200100099,2022년 6월 12일 10시,일요일,부산광역시 해운대구 중동,경상사고,0,0,1,1,차대사람 - 차도통행중,안전운전불이행,건조,맑음,단일로 - 기타,자전거,남,49세,부상신고,보행자,여,54세,경상
보행자사고,2022061200100216,2022년 6월 12일 15시,일요일,부산광역시 중구 대청동3가,경상사고,0,0,1,0,차대사람 - 횡단중,신호위반,건조,맑음,교차로 - 교차로안,승용,남,60세,상해없음,보행자,남,62세,경상
보행자사고,2022061200100217,2022년 6월 12일 15시,일요일,부산광역시 수영구 광안동,부상신고사고,0,0,0,1,차대사람 - 기타,안전운전불이행,건조,맑음,단일로 - 기타,승용,남,47세,상해없음,보행자,남,23세,부상신고
보행자사고,2022061200100292,2022년 6월 12일 18시,일요일,부산광역시 사하구 당리동,경상사고,0,0,1,0,차대사람 - 기타,안전운전불이행,건조,맑음,단일로 - 지하차도(도로)내,승용,남,79세,상해없음,보행자,여,72세,경상
보행자사고,2022061300100001,2022년 6월 13일 00시,월요일,부산광역시 부산진구 가야동,경상사고,0,0,1,0,차대사람 - 기타,안전운전불이행,건조,맑음,단일로 - 기타,이륜,기타불명,미분류,기타불명,보행자,남,59세,경상
보행자사고,2.02206E+15,2022년 6월 13일 07시,월요일,부산광역시 금정구 노포동,중상사고,0,1,0,0,차대사람 - 기타,신호위반,건조,맑음,교차로 - 교차로부근,승용,남,30세,상해없음,보행자,남,80세,중상
보행자사고,2022061300100073,2022년 6월 13일 08시,월요일,부산광역시 해운대구 우동,부상신고사고,0,0,0,1,차대사람 - 기타,안전운전불이행,건조,맑음,단일로 - 기타,승용,여,57세,상해없음,보행자,남,54세,부상신고
보행자사고,2022061300100074,2022년 6월 13일 08시,월요일,부산광역시 금정구 장전동,중상사고,0,1,0,0,차대사람 - 횡단중,안전운전불이행,건조,맑음,교차로 - 교차로안,화물,남,49세,상해없음,보행자,남,56세,중상
보행자사고,2022061300100115,2022년 6월 13일 09시,월요일,부산광역시 서구 암남동,중상사고,0,1,0,0,차대사람 - 차도통행중,안전운전불이행,건조,맑음,단일로 - 기타,화물,남,42세,상해없음,보행자,남,56세,중상
보행자사고,2022061300100144,2022년 6월 13일 10시,월요일,부산광역시 금정구 서동,중상사고,0,2,0,0,차대사람 - 차도통행중,안전운전불이행,건조,맑음,단일로 - 기타,이륜,남,53세,중상,보행자,남,34세,중상
보행자사고,2022061300100325,2022년 6월 13일 16시,월요일,부산광역시 금정구 서동,중상사고,0,1,0,0,차대사람 - 기타,교차로운행방법위반,건조,맑음,교차로 - 교차로안,승용,남,71세,상해없음,보행자,여,78세,중상
보행자사고,2022061300100326,2022년 6월 13일 16시,월요일,부산광역시 금정구 남산동,중상사고,0,1,0,0,차대사람 - 횡단중,보행자보호의무위반,건조,맑음,교차로 - 교차로안,승용,여,49세,상해없음,보행자,여,24세,중상
보행자사고,2.02206E+15,2022년 6월 13일 17시,월요일,부산광역시 사하구 신평동,경상사고,0,0,1,0,차대사람 - 차도통행중,신호위반,건조,맑음,교차로 - 교차로안,승용,남,71세,상해없음,보행자,남,68세,경상
보행자사고,2022061300100412,2022년 6월 13일 18시,월요일,부산광역시 남구 문현동,경상사고,0,0,1,0,차대사람 - 기타,안전운전불이행,건조,맑음,단일로 - 기타,승용,남,73세,상해없음,보행자,여,22세,경상
보행자사고,2022061300100415,2022년 6월 13일 18시,월요일,부산광역시 연제구 연산동,경상사고,0,0,1,0,차대사람 - 기타,안전운전불이행,건조,맑음,단일로 - 기타,승합,남,67세,상해없음,보행자,여,67세,경상
보행자사고,2022061300100458,2022년 6월 13일 19시,월요일,부산광역시 금정구 장전동,경상사고,0,0,1,0,차대사람 - 횡단중,보행자보호의무위반,건조,맑음,교차로 - 교차로안,개인형이동수단(PM),남,20세,상해없음,보행자,여,29세,경상
보행자사고,2022061300100483,2022년 6월 13일 20시,월요일,부산광역시 영도구 청학동,중상사고,0,1,0,0,차대사람 - 보도통행중,보행자보호의무위반,젖음/습기,비,단일로 - 기타,승용,여,55세,상해없음,보행자,여,49세,중상
보행자사고,2022061300100527,2022년 6월 13일 22시,월요일,부산광역시 서구 토성동5가,부상신고사고,0,0,0,1,차대사람 - 차도통행중,안전운전불이행,젖음/습기,맑음,단일로 - 기타,승용,남,75세,상해없음,보행자,남,55세,부상신고
보행자사고,2022061300100528,2022년 6월 13일 22시,월요일,부산광역시 동래구 명륜동,중상사고,0,1,0,0,차대사람 - 횡단중,신호위반,젖음/습기,비,단일로 - 기타,이륜,남,21세,상해없음,보행자,여,64세,중상
보행자사고,2022061400100035,2022년 6월 14일 05시,화요일,부산광역시 부산진구 부전동,경상사고,0,0,1,0,차대사람 - 길가장자리구역통행중,안전운전불이행,젖음/습기,비,단일로 - 기타,화물,여,64세,상해없음,보행자,남,58세,경상
보행자사고,2022061400100177,2022년 6월 14일 10시,화요일,부산광역시 동래구 안락동,경상사고,0,0,1,0,차대차 - 기타,불법유턴,젖음/습기,비,단일로 - 기타,승용,남,66세,상해없음,승용,남,71세,상해없음
보행자사고,2022061400100239,2022년 6월 14일 12시,화요일,부산광역시 사하구 감천동,부상신고사고,0,0,0,1,차대사람 - 기타,기타,젖음/습기,비,단일로 - 기타,승합,남,48세,상해없음,보행자,여,72세,부상신고
보행자사고,2022061400100273,2022년 6월 14일 13시,화요일,부산광역시 강서구 구랑동,경상사고,0,0,1,0,차대사람 - 기타,안전운전불이행,건조,맑음,기타 - 기타,특수,남,44세,상해없음,보행자,남,42세,경상
보행자사고,2022061500100149,2022년 6월 15일 10시,수요일,부산광역시 동구 범일동,중상사고,0,1,0,0,차대사람 - 횡단중,보행자보호의무위반,건조,맑음,단일로 - 기타,화물,남,36세,상해없음,보행자,남,77세,중상
보행자사고,2.02206E+15,2022년 6월 15일 10시,수요일,부산광역시 해운대구 중동,중상사고,0,1,0,0,차대사람 - 기타,안전운전불이행,건조,맑음,단일로 - 기타,승용,남,85세,상해없음,보행자,여,80세,중상
보행자사고,2022061500100178,2022년 6월 15일 11시,수요일,부산광역시 동래구 온천동,경상사고,0,0,1,0,차대사람 - 횡단중,보행자보호의무위반,건조,맑음,교차로 - 교차로횡단보도내,승용,남,30세,상해없음,보행자,여,23세,경상
보행자사고,2022061500100179,2022년 6월 15일 11시,수요일,부산광역시 해운대구 우동,경상사고,0,0,1,0,차대사람 - 기타,안전운전불이행,건조,맑음,교차로 - 교차로부근,승용,여,46세,상해없음,보행자,여,69세,경상
보행자사고,2.02206E+15,2022년 6월 15일 11시,수요일,부산광역시 금정구 구서동,중상사고,0,1,0,0,차대사람 - 기타,안전운전불이행,건조,맑음,교차로 - 교차로안,승용,여,64세,상해없음,보행자,여,62세,중상
보행자사고,2022061500100181,2022년 6월 15일 11시,수요일,부산광역시 사상구 주례동,사망사고,1,0,1,0,차대사람 - 횡단중,안전운전불이행,건조,맑음,교차로 - 교차로부근,승용,남,78세,상해없음,보행자,여,69세,사망
보행자사고,2.02206E+15,2022년 6월 15일 13시,수요일,부산광역시 금정구 장전동,중상사고,0,1,0,0,차대사람 - 기타,안전운전불이행,건조,맑음,기타 - 기타,개인형이동수단(PM),남,22세,상해없음,보행자,남,29세,중상
보행자사고,2022061500100241,2022년 6월 15일 13시,수요일,부산광역시 영도구 동삼동,경상사고,0,0,1,0,차대사람 - 횡단중,안전운전불이행,건조,맑음,기타 - 기타,승용,남,22세,상해없음,보행자,남,9세,경상
보행자사고,2022061500100295,2022년 6월 15일 15시,수요일,부산광역시 서구 동대신동1가,경상사고,0,0,1,0,차대사람 - 차도통행중,중앙선침범,건조,맑음,교차로 - 교차로안,승용,남,73세,상해없음,보행자,여,80세,경상
보행자사고,2022061500100296,2022년 6월 15일 15시,수요일,부산광역시 남구 대연동,중상사고,0,1,0,0,차대사람 - 기타,안전운전불이행,건조,맑음,단일로 - 기타,이륜,남,30세,기타불명,보행자,여,52세,중상
보행자사고,2022061500100335,2022년 6월 15일 16시,수요일,부산광역시 금정구 장전동,중상사고,0,1,0,0,차대사람 - 기타,안전운전불이행,건조,맑음,단일로 - 기타,화물,남,48세,상해없음,보행자,여,79세,중상
보행자사고,2022061500100468,2022년 6월 15일 19시,수요일,부산광역시 남구 용호동,부상신고사고,0,0,0,1,차대사람 - 기타,안전운전불이행,건조,맑음,단일로 - 기타,이륜,남,24세,상해없음,보행자,남,44세,부상신고
보행자사고,2.02206E+15,2022년 6월 15일 19시,수요일,부산광역시 해운대구 좌동,중상사고,0,1,0,0,차대사람 - 횡단중,안전운전불이행,건조,맑음,교차로 - 교차로횡단보도내,승용,남,46세,상해없음,보행자,남,82세,중상
보행자사고,2022061500100503,2022년 6월 15일 20시,수요일,부산광역시 수영구 남천동,부상신고사고,0,0,0,1,차대사람 - 횡단중,안전운전불이행,건조,맑음,교차로 - 교차로부근,승용,남,29세,상해없음,보행자,여,55세,부상신고
보행자사고,2.02206E+15,2022년 6월 15일 21시,수요일,부산광역시 부산진구 양정동,경상사고,0,0,1,0,차대사람 - 기타,안전운전불이행,건조,맑음,단일로 - 기타,승용,여,45세,상해없음,보행자,남,74세,경상
보행자사고,2022061600100091,2022년 6월 16일 08시,목요일,부산광역시 동래구 명륜동,중상사고,0,1,0,0,차대사람 - 횡단중,안전운전불이행,건조,맑음,단일로 - 기타,승용,여,40세,상해없음,보행자,여,32세,중상
보행자사고,2022061600100092,2022년 6월 16일 08시,목요일,부산광역시 금정구 서동,경상사고,0,0,1,0,차대사람 - 횡단중,보행자보호의무위반,건조,맑음,교차로 - 교차로안,승용,여,51세,상해없음,보행자,여,78세,경상
보행자사고,2022061600100129,2022년 6월 16일 09시,목요일,부산광역시 부산진구 범천동,경상사고,0,0,1,0,차대사람 - 횡단중,보행자보호의무위반,건조,맑음,단일로 - 기타,화물,남,52세,상해없음,보행자,남,28세,경상
보행자사고,2022061600100182,2022년 6월 16일 11시,목요일,부산광역시 금정구 두구동,경상사고,0,0,1,0,차대사람 - 기타,안전운전불이행,건조,맑음,기타 - 기타,승합,여,55세,상해없음,보행자,여,36세,경상
보행자사고,2022061600100211,2022년 6월 16일 12시,목요일,부산광역시 사상구 학장동,경상사고,0,0,1,0,차대사람 - 길가장자리구역통행중,안전운전불이행,건조,맑음,단일로 - 기타,승용,여,59세,상해없음,보행자,여,52세,경상
보행자사고,2022061600100251,2022년 6월 16일 13시,목요일,부산광역시 남구 대연동,중상사고,0,1,0,0,차대사람 - 차도통행중,안전운전불이행,건조,맑음,교차로 - 교차로부근,화물,남,54세,상해없음,보행자,여,77세,중상
보행자사고,2022061600100396,2022년 6월 16일 17시,목요일,부산광역시 사하구 감천동,중상사고,0,1,0,0,차대사람 - 기타,안전운전불이행,건조,맑음,단일로 - 지하차도(도로)내,승용,남,66세,상해없음,보행자,남,8세,중상
보행자사고,2022061600100451,2022년 6월 16일 18시,목요일,부산광역시 수영구 광안동,경상사고,0,0,1,0,차대사람 - 기타,안전운전불이행,건조,맑음,단일로 - 기타,이륜,남,24세,상해없음,보행자,여,31세,경상
보행자사고,2022061600100452,2022년 6월 16일 18시,목요일,부산광역시 동래구 명륜동,경상사고,0,0,1,0,차대사람 - 차도통행중,안전운전불이행,건조,맑음,단일로 - 기타,승용,여,30세,상해없음,보행자,남,33세,경상
보행자사고,2022061600100508,2022년 6월 16일 19시,목요일,부산광역시 북구 화명동,경상사고,0,0,1,0,차대사람 - 횡단중,신호위반,건조,맑음,단일로 - 지하차도(도로)내,이륜,남,37세,상해없음,보행자,남,9세,경상
보행자사고,2022061600100538,2022년 6월 16일 20시,목요일,부산광역시 북구 구포동,경상사고,0,0,1,0,차대사람 - 기타,안전운전불이행,건조,맑음,단일로 - 기타,원동기,남,26세,상해없음,보행자,남,2세,경상
보행자사고,2022061600100562,2022년 6월 16일 21시,목요일,부산광역시 수영구 광안동,경상사고,0,0,1,0,차대사람 - 기타,안전운전불이행,건조,맑음,단일로 - 기타,이륜,남,34세,상해없음,보행자,남,68세,경상
보행자사고,2022061700100045,2022년 6월 17일 06시,금요일,부산광역시 해운대구 송정동,경상사고,0,0,1,0,차대사람 - 보도통행중,안전운전불이행,건조,맑음,교차로 - 교차로부근,승용,남,41세,상해없음,보행자,남,64세,경상
보행자사고,2022061700100124,2022년 6월 17일 09시,금요일,부산광역시 동구 초량동,경상사고,0,0,1,0,차대사람 - 보도통행중,기타,건조,맑음,기타 - 기타,이륜,남,39세,상해없음,보행자,남,64세,경상
보행자사고,2022061700100289,2022년 6월 17일 14시,금요일,부산광역시 동래구 사직동,중상사고,0,1,0,0,차대사람 - 횡단중,안전운전불이행,건조,맑음,교차로 - 교차로횡단보도내,승용,여,53세,상해없음,보행자,남,12세,중상
보행자사고,2.02206E+15,2022년 6월 17일 14시,금요일,부산광역시 부산진구 부전동,부상신고사고,0,0,0,1,차대사람 - 기타,안전운전불이행,건조,맑음,단일로 - 기타,승용,여,42세,상해없음,보행자,남,47세,부상신고
보행자사고,2022061700100326,2022년 6월 17일 15시,금요일,부산광역시 사하구 괴정동,중상사고,0,1,0,0,차대사람 - 횡단중,보행자보호의무위반,건조,맑음,교차로 - 교차로횡단보도내,화물,남,40세,상해없음,보행자,여,68세,중상
보행자사고,2.02206E+15,2022년 6월 17일 17시,금요일,부산광역시 남구 문현동,경상사고,0,0,1,0,차대사람 - 횡단중,안전운전불이행,건조,맑음,단일로 - 기타,승용,남,63세,상해없음,보행자,남,12세,경상
보행자사고,2022061700100402,2022년 6월 17일 17시,금요일,부산광역시 사하구 당리동,중상사고,0,1,0,0,차대사람 - 길가장자리구역통행중,안전운전불이행,건조,맑음,단일로 - 기타,화물,남,61세,상해없음,보행자,여,68세,중상
보행자사고,2022061700100449,2022년 6월 17일 18시,금요일,부산광역시 동래구 안락동,중상사고,0,1,0,0,차대사람 - 기타,안전운전불이행,건조,맑음,단일로 - 기타,자전거,여,67세,상해없음,보행자,여,7세,중상
보행자사고,2.02206E+15,2022년 6월 17일 18시,금요일,부산광역시 연제구 연산동,중상사고,0,1,0,0,차대사람 - 기타,안전운전불이행,건조,맑음,단일로 - 기타,승합,남,53세,상해없음,보행자,여,52세,중상
보행자사고,2022061700100495,2022년 6월 17일 19시,금요일,부산광역시 해운대구 중동,중상사고,0,1,0,0,차대사람 - 기타,안전운전불이행,건조,맑음,교차로 - 교차로부근,승용,여,43세,상해없음,보행자,여,27세,중상
보행자사고,2022061800100043,2022년 6월 18일 03시,토요일,부산광역시 금정구 남산동,사망사고,1,0,0,0,차대사람 - 길가장자리구역통행중,안전운전불이행,건조,맑음,교차로 - 교차로안,화물,남,61세,상해없음,보행자,남,51세,사망
보행자사고,2.02206E+15,2022년 6월 18일 06시,토요일,부산광역시 해운대구 우동,경상사고,0,0,1,0,차대사람 - 보도통행중,기타,건조,맑음,단일로 - 기타,승용,남,22세,상해없음,보행자,남,68세,경상
보행자사고,2022061800100151,2022년 6월 18일 10시,토요일,부산광역시 강서구 대저2동,경상사고,0,0,1,0,차대사람 - 횡단중,신호위반,건조,맑음,단일로 - 기타,승합,남,64세,상해없음,보행자,여,55세,경상
보행자사고,2022061800100293,2022년 6월 18일 14시,토요일,부산광역시 중구 남포동1가,부상신고사고,0,0,0,1,차대사람 - 보도통행중,기타,건조,맑음,단일로 - 기타,자전거,남,14세,상해없음,보행자,여,70세,부상신고
보행자사고,2022061800100294,2022년 6월 18일 14시,토요일,부산광역시 동구 초량동,중상사고,0,1,0,0,차대사람 - 기타,안전운전불이행,건조,맑음,교차로 - 교차로안,승용,남,61세,상해없음,보행자,여,73세,중상
보행자사고,2022061800100434,2022년 6월 18일 18시,토요일,부산광역시 영도구 대교동2가,중상사고,0,1,1,0,차대사람 - 보도통행중,안전운전불이행,건조,맑음,단일로 - 지하차도(도로)내,이륜,남,17세,경상,보행자,여,77세,중상
보행자사고,2022061800100435,2022년 6월 18일 18시,토요일,부산광역시 부산진구 범천동,경상사고,0,0,1,0,차대사람 - 횡단중,보행자보호의무위반,건조,맑음,교차로 - 교차로횡단보도내,이륜,남,37세,상해없음,보행자,여,73세,경상
보행자사고,2022061800100554,2022년 6월 18일 22시,토요일,부산광역시 강서구 대저1동,사망사고,1,0,0,0,차대사람 - 기타,기타,건조,맑음,단일로 - 기타,승용,남,46세,상해없음,보행자,남,66세,사망
보행자사고,2022061900100007,2022년 6월 19일 00시,일요일,부산광역시 부산진구 부전동,중상사고,0,1,0,0,차대사람 - 기타,안전운전불이행,건조,맑음,교차로 - 교차로안,승용,남,43세,상해없음,보행자,남,26세,중상
보행자사고,2022061900100035,2022년 6월 19일 02시,일요일,부산광역시 중구 남포동6가,경상사고,0,0,1,0,차대사람 - 기타,안전운전불이행,건조,맑음,단일로 - 기타,승용,남,59세,상해없음,보행자,남,53세,경상
보행자사고,2022061900100036,2022년 6월 19일 02시,일요일,부산광역시 부산진구 부전동,경상사고,0,0,1,0,차대사람 - 기타,안전운전불이행,건조,맑음,단일로 - 기타,승용,남,25세,상해없음,보행자,남,24세,경상
보행자사고,2022061900100037,2022년 6월 19일 02시,일요일,부산광역시 금정구 서동,경상사고,0,0,1,0,차대사람 - 길가장자리구역통행중,안전운전불이행,건조,맑음,단일로 - 기타,승용,남,68세,상해없음,보행자,남,64세,경상