사고부문,사고번호,사고일시,요일,시군구,사고내용,사망자수,중상자수,경상자수,부상신고자수,사고유형,법규위반,노면상태,기상상태,도로형태,가해운전자 차종,가해운전자 성별,가해운전자 연령,가해운전자 상해정도,피해운전자 차종,피해운전자 성별,피해운전자 연령,피해운전자 상해정도
보행자사고,2022061900100057,2022년 6월 19일 04시,일요일,부산광역시 사하구 괴정동,중상사고,0,1,0,0,차대사람 - 차도통행중,교차로운행방법위반,건조,맑음,교차로 - 교차로부근,화물,남,43세,상해없음,보행자,남,66세,중상
보행자사고,2022061900100153,2022년 6월 19일 12시,일요일,부산광역시 연제구 거제동,경상사고,0,0,1,0,차대사람 - 기타,안전운전불이행,건조,맑음,교차로 - 교차로부근,자전거,남,9세,상해없음,보행자,남,49세,경상
보행자사고,2022061900100196,2022년 6월 19일 14시,일요일,부산광역시 해운대구 우동,경상사고,0,0,1,0,차대사람 - 횡단중,보행자보호의무위반,건조,맑음,단일로 - 기타,승용,여,63세,상해없음,보행자,남,64세,경상
보행자사고,2022061900100197,2022년 6월 19일 14시,일요일,부산광역시 사상구 주례동,경상사고,0,0,1,0,차대사람 - 기타,안전운전불이행,건조,맑음,단일로 - 기타,승용,남,47세,상해없음,보행자,여,32세,경상
보행자사고,2022061900100225,2022년 6월 19일 15시,일요일,부산광역시 해운대구 좌동,부상신고사고,0,0,0,1,차대사람 - 기타,안전운전불이행,건조,맑음,교차로 - 교차로안,기타불명,기타불명,미분류,기타불명,보행자,여,76세,부상신고
보행자사고,2022061900100278,2022년 6월 19일 17시,일요일,부산광역시 동래구 사직동,중상사고,0,1,0,0,차대사람 - 차도통행중,안전운전불이행,건조,맑음,단일로 - 기타,승용,여,41세,상해없음,보행자,여,67세,중상
보행자사고,2022061900100372,2022년 6월 19일 21시,일요일,부산광역시 영도구 동삼동,중상사고,0,1,0,0,차대사람 - 차도통행중,안전운전불이행,건조,맑음,기타 - 기타,승용,여,22세,상해없음,보행자,여,72세,중상
보행자사고,2022061900100373,2022년 6월 19일 21시,일요일,부산광역시 부산진구 양정동,경상사고,0,0,1,0,차대사람 - 기타,안전운전불이행,건조,맑음,기타 - 기타,승용,남,69세,상해없음,보행자,남,25세,경상
보행자사고,2022062000100002,2022년 6월 20일 00시,월요일,부산광역시 수영구 광안동,경상사고,0,0,1,0,차대사람 - 보도통행중,기타,건조,맑음,기타 - 기타,승용,여,44세,상해없음,보행자,남,29세,경상
보행자사고,2022062000100003,2022년 6월 20일 00시,월요일,부산광역시 수영구 광안동,중상사고,0,1,0,0,차대사람 - 기타,안전운전불이행,건조,맑음,단일로 - 기타,승용,남,56세,상해없음,보행자,여,54세,중상
보행자사고,2022062000100021,2022년 6월 20일 02시,월요일,부산광역시 중구 부평동1가,중상사고,0,1,0,0,차대사람 - 기타,안전운전불이행,건조,맑음,단일로 - 기타,승용,남,63세,상해없음,보행자,여,21세,중상
보행자사고,2022062000100036,2022년 6월 20일 05시,월요일,부산광역시 남구 감만동,중상사고,0,1,0,0,차대사람 - 기타,안전운전불이행,건조,맑음,기타 - 기타,승용,남,41세,상해없음,보행자,여,78세,중상
보행자사고,2022062000100045,2022년 6월 20일 06시,월요일,부산광역시 남구 문현동,중상사고,0,1,0,0,차대사람 - 기타,보행자보호의무위반,건조,맑음,교차로 - 교차로부근,승용,남,61세,상해없음,보행자,남,78세,중상
보행자사고,2022062000100094,2022년 6월 20일 08시,월요일,부산광역시 금정구 부곡동,경상사고,0,0,1,0,차대사람 - 기타,안전운전불이행,건조,맑음,단일로 - 기타,승용,여,42세,상해없음,보행자,남,13세,경상
보행자사고,2.02206E+15,2022년 6월 20일 13시,월요일,부산광역시 수영구 광안동,중상사고,0,1,0,0,차대사람 - 기타,불법유턴,건조,맑음,교차로 - 교차로안,화물,남,70세,상해없음,보행자,남,25세,중상
보행자사고,2022062000100368,2022년 6월 20일 15시,월요일,부산광역시 북구 덕천동,중상사고,0,1,0,0,차대사람 - 차도통행중,안전운전불이행,건조,맑음,교차로 - 교차로안,승용,남,62세,상해없음,보행자,여,74세,중상
보행자사고,2022062000100407,2022년 6월 20일 16시,월요일,부산광역시 사상구 엄궁동,경상사고,0,0,1,0,차대사람 - 기타,안전운전불이행,건조,맑음,기타 - 기타,자전거,남,9세,상해없음,보행자,여,72세,경상
보행자사고,2022062000100511,2022년 6월 20일 19시,월요일,부산광역시 동구 수정동,경상사고,0,0,1,0,차대사람 - 길가장자리구역통행중,안전운전불이행,건조,맑음,단일로 - 기타,승용,남,31세,상해없음,보행자,남,64세,경상
보행자사고,2022062100100215,2022년 6월 21일 12시,화요일,부산광역시 해운대구 반송동,경상사고,0,0,1,0,차대사람 - 횡단중,안전운전불이행,건조,맑음,교차로 - 교차로횡단보도내,승용,남,64세,상해없음,보행자,여,39세,경상
보행자사고,2022062100100239,2022년 6월 21일 13시,화요일,부산광역시 부산진구 연지동,중상사고,0,1,0,0,차대사람 - 기타,보행자보호의무위반,건조,맑음,교차로 - 교차로부근,승용,남,64세,상해없음,보행자,남,79세,중상
보행자사고,2022062100100321,2022년 6월 21일 15시,화요일,부산광역시 부산진구 연지동,중상사고,0,1,0,0,차대사람 - 기타,안전운전불이행,건조,맑음,교차로 - 교차로안,승용,여,44세,상해없음,보행자,여,85세,중상
보행자사고,2022062100100322,2022년 6월 21일 15시,화요일,부산광역시 금정구 장전동,중상사고,0,1,0,0,차대사람 - 기타,안전운전불이행,건조,맑음,단일로 - 기타,승용,남,32세,상해없음,보행자,남,8세,중상
보행자사고,2022062100100323,2022년 6월 21일 15시,화요일,부산광역시 사하구 장림동,중상사고,0,1,0,0,차대사람 - 기타,안전운전불이행,건조,맑음,단일로 - 기타,승용,여,65세,상해없음,보행자,여,74세,중상
보행자사고,2022062100100406,2022년 6월 21일 17시,화요일,부산광역시 기장군 기장읍,부상신고사고,0,0,0,1,차대사람 - 횡단중,보행자보호의무위반,건조,맑음,단일로 - 기타,승용,남,49세,상해없음,보행자,남,10세,부상신고
보행자사고,2022062100100495,2022년 6월 21일 19시,화요일,부산광역시 중구 부평동2가,경상사고,0,0,1,0,차대사람 - 기타,안전운전불이행,건조,맑음,단일로 - 기타,승용,남,68세,상해없음,보행자,여,61세,경상
보행자사고,2022062100100527,2022년 6월 21일 20시,화요일,부산광역시 영도구 동삼동,중상사고,0,1,0,0,차대사람 - 기타,안전운전불이행,건조,기타,단일로 - 지하차도(도로)내,승용,남,67세,상해없음,보행자,남,43세,중상
보행자사고,2022062200100231,2022년 6월 22일 12시,수요일,부산광역시 부산진구 가야동,경상사고,0,0,1,0,차대사람 - 기타,기타,건조,맑음,기타 - 기타,이륜,남,63세,상해없음,보행자,여,19세,경상
보행자사고,2022062200100338,2022년 6월 22일 15시,수요일,부산광역시 동구 범일동,경상사고,0,0,1,0,차대사람 - 차도통행중,안전운전불이행,건조,맑음,단일로 - 기타,승용,여,24세,기타불명,보행자,여,66세,경상
보행자사고,2022062200100474,2022년 6월 22일 18시,수요일,부산광역시 수영구 광안동,경상사고,0,0,1,0,차대사람 - 횡단중,보행자보호의무위반,건조,맑음,단일로 - 기타,승용,남,38세,상해없음,보행자,남,35세,경상
보행자사고,2022062200100475,2022년 6월 22일 18시,수요일,부산광역시 부산진구 당감동,경상사고,0,0,1,0,차대사람 - 기타,안전운전불이행,건조,맑음,단일로 - 기타,승용,남,62세,상해없음,보행자,남,30세,경상
보행자사고,2022062200100476,2022년 6월 22일 18시,수요일,부산광역시 연제구 연산동,경상사고,0,0,1,0,차대사람 - 기타,안전운전불이행,건조,흐림,단일로 - 기타,승용,남,64세,상해없음,보행자,남,37세,경상
보행자사고,2022062200100546,2022년 6월 22일 20시,수요일,부산광역시 금정구 회동동,중상사고,0,1,0,0,차대사람 - 차도통행중,안전운전불이행,건조,맑음,단일로 - 기타,승용,여,50세,상해없음,보행자,남,64세,중상
보행자사고,2022062200100607,2022년 6월 22일 22시,수요일,부산광역시 영도구 동삼동,경상사고,0,0,1,0,차대사람 - 횡단중,안전운전불이행,건조,맑음,교차로 - 교차로안,이륜,남,61세,상해없음,보행자,남,56세,경상
보행자사고,2022062200100608,2022년 6월 22일 22시,수요일,부산광역시 금정구 부곡동,경상사고,0,0,1,0,차대사람 - 기타,안전운전불이행,건조,맑음,기타 - 기타,승용,여,66세,상해없음,보행자,남,44세,경상
보행자사고,2022062300100097,2022년 6월 23일 08시,목요일,부산광역시 북구 만덕동,중상사고,0,1,0,0,차대사람 - 기타,안전운전불이행,건조,맑음,단일로 - 기타,화물,남,48세,상해없음,보행자,여,81세,중상
보행자사고,2022062300100099,2022년 6월 23일 08시,목요일,부산광역시 부산진구 양정동,중상사고,0,1,0,0,차대사람 - 횡단중,안전운전불이행,젖음/습기,흐림,단일로 - 기타,승합,남,59세,상해없음,보행자,여,14세,중상
보행자사고,2.02206E+15,2022년 6월 23일 08시,목요일,부산광역시 부산진구 가야동,경상사고,0,0,1,0,차대사람 - 횡단중,보행자보호의무위반,건조,맑음,교차로 - 교차로횡단보도내,승용,남,43세,상해없음,보행자,여,12세,경상
보행자사고,2022062300100197,2022년 6월 23일 11시,목요일,부산광역시 동구 좌천동,중상사고,0,1,0,0,차대사람 - 기타,안전운전불이행,젖음/습기,비,단일로 - 기타,승용,남,63세,상해없음,보행자,여,77세,중상
보행자사고,2022062300100227,2022년 6월 23일 12시,목요일,부산광역시 부산진구 연지동,중상사고,0,1,0,0,차대사람 - 보도통행중,기타,건조,맑음,교차로 - 교차로부근,화물,남,53세,상해없음,보행자,여,69세,중상
보행자사고,2.02206E+15,2022년 6월 23일 14시,목요일,부산광역시 사하구 감천동,사망사고,1,1,2,0,차대사람 - 기타,신호위반,건조,흐림,교차로 - 교차로안,승용,여,56세,기타불명,보행자,남,64세,사망
보행자사고,2022062300100321,2022년 6월 23일 15시,목요일,부산광역시 사하구 당리동,경상사고,0,0,1,0,차대사람 - 횡단중,보행자보호의무위반,건조,맑음,교차로 - 교차로횡단보도내,이륜,남,64세,상해없음,보행자,여,10세,경상
보행자사고,2022062300100524,2022년 6월 23일 20시,목요일,부산광역시 사상구 엄궁동,중상사고,0,1,0,0,차대사람 - 차도통행중,안전운전불이행,건조,맑음,교차로 - 교차로안,승용,남,26세,상해없음,보행자,남,71세,중상
보행자사고,2.02206E+15,2022년 6월 24일 02시,금요일,부산광역시 부산진구 당감동,중상사고,0,2,0,0,차대사람 - 횡단중,보행자보호의무위반,젖음/습기,흐림,단일로 - 기타,승용,남,43세,상해없음,보행자,남,60세,중상
보행자사고,2022062400100059,2022년 6월 24일 04시,금요일,부산광역시 서구 남부민동,중상사고,0,1,0,0,차대사람 - 횡단중,신호위반,젖음/습기,비,교차로 - 교차로안,이륜,남,57세,상해없음,보행자,여,78세,중상
보행자사고,2022062400100061,2022년 6월 24일 05시,금요일,부산광역시 동래구 온천동,경상사고,0,0,1,0,차대사람 - 횡단중,보행자보호의무위반,젖음/습기,비,교차로 - 교차로횡단보도내,승용,남,69세,상해없음,보행자,여,59세,경상
보행자사고,2022062400100062,2022년 6월 24일 05시,금요일,부산광역시 연제구 연산동,경상사고,0,0,1,0,차대사람 - 횡단중,안전운전불이행,젖음/습기,비,교차로 - 교차로안,승용,남,72세,상해없음,보행자,여,77세,경상
보행자사고,2022062400100149,2022년 6월 24일 09시,금요일,부산광역시 남구 용호동,중상사고,0,1,0,0,차대사람 - 보도통행중,보행자보호의무위반,젖음/습기,비,교차로 - 교차로부근,승용,남,79세,상해없음,보행자,여,24세,중상
보행자사고,2022062400100181,2022년 6월 24일 10시,금요일,부산광역시 동구 초량동,중상사고,0,1,0,0,차대사람 - 기타,안전운전불이행,건조,맑음,단일로 - 기타,승용,남,71세,상해없음,보행자,여,63세,중상
보행자사고,2022062400100203,2022년 6월 24일 11시,금요일,부산광역시 동래구 명륜동,경상사고,0,0,1,0,차대사람 - 기타,안전운전불이행,건조,맑음,단일로 - 기타,승용,여,40세,상해없음,보행자,남,44세,경상
보행자사고,2022062400100467,2022년 6월 24일 18시,금요일,부산광역시 부산진구 양정동,중상사고,0,1,0,0,차대사람 - 횡단중,보행자보호의무위반,건조,맑음,교차로 - 교차로횡단보도내,승용,남,73세,상해없음,보행자,남,32세,중상
보행자사고,2022062400100468,2022년 6월 24일 18시,금요일,부산광역시 사상구 삼락동,경상사고,0,0,1,0,차대사람 - 횡단중,보행자보호의무위반,건조,맑음,단일로 - 기타,승용,여,49세,상해없음,보행자,여,29세,경상
보행자사고,2.02206E+15,2022년 6월 25일 12시,토요일,부산광역시 연제구 거제동,부상신고사고,0,0,0,1,차대사람 - 차도통행중,안전운전불이행,건조,맑음,단일로 - 기타,승용,여,51세,상해없음,보행자,남,33세,부상신고
보행자사고,2022062500100412,2022년 6월 25일 16시,토요일,부산광역시 기장군 기장읍,경상사고,0,0,1,0,차대사람 - 차도통행중,안전운전불이행,건조,맑음,단일로 - 기타,승용,여,65세,상해없음,보행자,남,50세,경상
보행자사고,2022062500100444,2022년 6월 25일 17시,토요일,부산광역시 부산진구 전포동,경상사고,0,0,1,0,차대사람 - 기타,안전운전불이행,건조,맑음,단일로 - 기타,승용,남,26세,상해없음,보행자,여,20세,경상
보행자사고,2022062500100486,2022년 6월 25일 18시,토요일,부산광역시 동래구 온천동,경상사고,0,0,1,0,차대사람 - 횡단중,보행자보호의무위반,건조,맑음,교차로 - 교차로횡단보도내,승용,남,42세,상해없음,보행자,남,33세,경상
보행자사고,2022062500100522,2022년 6월 25일 19시,토요일,부산광역시 중구 부평동1가,경상사고,0,0,2,0,차대사람 - 기타,안전운전불이행,건조,맑음,단일로 - 기타,화물,남,61세,상해없음,보행자,여,28세,경상
보행자사고,2022062500100585,2022년 6월 25일 21시,토요일,부산광역시 남구 대연동,부상신고사고,0,0,0,1,차대사람 - 차도통행중,안전운전불이행,건조,맑음,단일로 - 기타,승용,남,28세,기타불명,보행자,여,20세,부상신고
보행자사고,2022062600100003,2022년 6월 26일 00시,일요일,부산광역시 금정구 구서동,중상사고,0,1,0,0,차대사람 - 기타,안전운전불이행,건조,맑음,기타 - 기타,승용,남,53세,상해없음,보행자,여,42세,중상
보행자사고,2022062600100022,2022년 6월 26일 01시,일요일,부산광역시 부산진구 양정동,중상사고,0,1,0,0,차대사람 - 기타,안전운전불이행,젖음/습기,흐림,주차장 - 주차장,승용,남,26세,상해없음,보행자,남,37세,중상
보행자사고,2022062600100092,2022년 6월 26일 10시,일요일,부산광역시 남구 용호동,경상사고,0,0,1,0,차대사람 - 기타,기타,건조,맑음,교차로 - 교차로안,승용,여,57세,상해없음,보행자,남,65세,경상
보행자사고,2022062600100132,2022년 6월 26일 12시,일요일,부산광역시 부산진구 부전동,경상사고,0,0,1,0,차대사람 - 기타,안전운전불이행,건조,흐림,단일로 - 기타,화물,남,61세,상해없음,보행자,여,50세,경상
보행자사고,2022062600100209,2022년 6월 26일 15시,일요일,부산광역시 금정구 장전동,경상사고,0,0,1,0,차대사람 - 길가장자리구역통행중,중앙선침범,건조,맑음,단일로 - 기타,승용,남,42세,상해없음,보행자,여,46세,경상
보행자사고,2022062600100264,2022년 6월 26일 17시,일요일,부산광역시 서구 남부민동,중상사고,0,1,0,0,차대사람 - 기타,안전운전불이행,건조,흐림,단일로 - 지하차도(도로)내,승용,여,55세,상해없음,보행자,남,62세,중상
보행자사고,2022062600100265,2022년 6월 26일 17시,일요일,부산광역시 부산진구 연지동,경상사고,0,0,1,0,차대사람 - 횡단중,보행자보호의무위반,건조,흐림,교차로 - 교차로안,특수,남,53세,상해없음,보행자,남,51세,경상
보행자사고,2022062600100367,2022년 6월 26일 21시,일요일,부산광역시 중구 대창동1가,중상사고,0,1,0,0,차대사람 - 횡단중,안전운전불이행,젖음/습기,흐림,교차로 - 교차로부근,승용,여,61세,상해없음,보행자,남,35세,중상
보행자사고,2022062600100369,2022년 6월 26일 21시,일요일,부산광역시 강서구 명지동,경상사고,0,0,1,0,차대사람 - 차도통행중,안전운전불이행,건조,맑음,단일로 - 기타,승용,여,30세,상해없음,보행자,남,23세,경상
보행자사고,2022062600100401,2022년 6월 26일 23시,일요일,부산광역시 사상구 감전동,경상사고,0,0,1,0,차대차 - 추돌,안전운전불이행,건조,맑음,단일로 - 지하차도(도로)내,승용,여,48세,기타불명,승용,남,31세,상해없음
보행자사고,2.02206E+15,2022년 6월 27일 01시,월요일,부산광역시 금정구 서동,중상사고,0,1,0,0,차대사람 - 횡단중,안전운전불이행,젖음/습기,비,단일로 - 기타,승용,남,29세,상해없음,보행자,남,50세,중상
보행자사고,2022062700100088,2022년 6월 27일 08시,월요일,부산광역시 영도구 동삼동,중상사고,0,1,0,0,차대사람 - 기타,안전운전불이행,건조,맑음,기타 - 기타,승용,여,37세,상해없음,보행자,남,64세,중상
보행자사고,2022062700100222,2022년 6월 27일 12시,월요일,부산광역시 동래구 안락동,중상사고,0,1,0,0,차대사람 - 기타,안전운전불이행,젖음/습기,비,기타 - 기타,이륜,남,27세,상해없음,보행자,여,74세,중상
보행자사고,2022062700100381,2022년 6월 27일 17시,월요일,부산광역시 사하구 감천동,중상사고,0,1,0,0,차대사람 - 기타,안전운전불이행,건조,맑음,단일로 - 기타,화물,남,60세,상해없음,보행자,남,59세,중상
보행자사고,2022062700100427,2022년 6월 27일 18시,월요일,부산광역시 동래구 안락동,경상사고,0,0,1,0,차대사람 - 차도통행중,안전운전불이행,건조,흐림,교차로 - 교차로안,승용,남,59세,상해없음,보행자,여,57세,경상
보행자사고,2022062700100458,2022년 6월 27일 19시,월요일,부산광역시 동래구 온천동,경상사고,0,0,1,0,차대사람 - 보도통행중,보행자보호의무위반,건조,맑음,단일로 - 기타,승용,남,64세,상해없음,보행자,남,59세,경상
보행자사고,2022062700100484,2022년 6월 27일 20시,월요일,부산광역시 사상구 감전동,부상신고사고,0,0,0,1,차대사람 - 기타,안전운전불이행,건조,맑음,기타 - 기타,승용,여,48세,상해없음,보행자,남,60세,부상신고
보행자사고,2022062700100507,2022년 6월 27일 21시,월요일,부산광역시 동구 초량동,사망사고,1,0,0,0,차대사람 - 횡단중,안전운전불이행,건조,맑음,단일로 - 기타,승합,남,56세,상해없음,보행자,남,52세,사망
보행자사고,2.02206E+15,2022년 6월 28일 10시,화요일,부산광역시 서구 아미동1가,경상사고,0,0,1,0,차대사람 - 기타,안전운전불이행,건조,맑음,교차로 - 교차로부근,승용,남,66세,상해없음,보행자,남,43세,경상
보행자사고,2022062800100171,2022년 6월 28일 11시,화요일,부산광역시 부산진구 부전동,중상사고,0,1,0,0,차대사람 - 횡단중,보행자보호의무위반,젖음/습기,비,교차로 - 교차로안,승합,남,37세,상해없음,보행자,여,68세,중상
보행자사고,2022062800100172,2022년 6월 28일 11시,화요일,부산광역시 연제구 거제동,중상사고,0,1,0,0,차대사람 - 보도통행중,기타,건조,맑음,단일로 - 기타,화물,남,33세,상해없음,보행자,여,83세,중상
보행자사고,2022062800100228,2022년 6월 28일 13시,화요일,부산광역시 영도구 동삼동,중상사고,0,1,0,0,차대사람 - 기타,안전운전불이행,건조,맑음,단일로 - 기타,승합,남,43세,상해없음,보행자,남,86세,중상
보행자사고,2022062800100229,2022년 6월 28일 13시,화요일,부산광역시 사하구 구평동,중상사고,0,1,0,0,차대사람 - 기타,안전운전불이행,젖음/습기,비,단일로 - 기타,승용,여,49세,상해없음,보행자,여,82세,중상
보행자사고,2.02206E+15,2022년 6월 28일 13시,화요일,부산광역시 연제구 거제동,경상사고,0,0,1,0,차대사람 - 횡단중,보행자보호의무위반,건조,흐림,단일로 - 기타,승용,여,53세,상해없음,보행자,여,18세,경상
보행자사고,2022062800100262,2022년 6월 28일 14시,화요일,부산광역시 기장군 일광읍,중상사고,0,1,0,0,차대사람 - 보도통행중,보행자보호의무위반,젖음/습기,비,교차로 - 교차로횡단보도내,승합,남,44세,상해없음,보행자,여,35세,중상
보행자사고,2022062800100289,2022년 6월 28일 15시,화요일,부산광역시 동래구 온천동,경상사고,0,0,1,0,차대사람 - 횡단중,보행자보호의무위반,건조,맑음,교차로 - 교차로안,승용,남,58세,상해없음,보행자,여,22세,경상
보행자사고,2022062800100327,2022년 6월 28일 16시,화요일,부산광역시 금정구 금사동,경상사고,0,0,1,0,차대사람 - 차도통행중,기타,건조,맑음,교차로 - 교차로부근,화물,남,40세,상해없음,보행자,남,16세,경상
보행자사고,2022062800100369,2022년 6월 28일 17시,화요일,부산광역시 동래구 사직동,경상사고,0,0,1,0,차대사람 - 기타,안전운전불이행,건조,맑음,단일로 - 기타,승용,여,29세,상해없음,보행자,여,53세,경상
보행자사고,2.02206E+15,2022년 6월 28일 17시,화요일,부산광역시 해운대구 중동,중상사고,0,1,0,0,차대사람 - 길가장자리구역통행중,안전운전불이행,건조,맑음,단일로 - 기타,승용,남,63세,상해없음,보행자,여,70세,중상
보행자사고,2022062800100402,2022년 6월 28일 18시,화요일,부산광역시 수영구 망미동,경상사고,0,0,1,0,차대사람 - 기타,기타,젖음/습기,비,단일로 - 기타,승용,남,56세,상해없음,보행자,여,67세,경상
보행자사고,2022062800100483,2022년 6월 28일 20시,화요일,부산광역시 북구 화명동,경상사고,0,0,1,0,차대사람 - 횡단중,신호위반,젖음/습기,흐림,교차로 - 교차로횡단보도내,승용,남,75세,상해없음,보행자,여,83세,경상
보행자사고,2022062800100511,2022년 6월 28일 21시,화요일,부산광역시 사하구 장림동,경상사고,0,0,1,0,차대사람 - 횡단중,중앙선침범,젖음/습기,맑음,교차로 - 교차로횡단보도내,승용,남,47세,상해없음,보행자,여,46세,경상
보행자사고,2022062800100536,2022년 6월 28일 22시,화요일,부산광역시 영도구 대교동2가,경상사고,0,0,1,0,차대사람 - 횡단중,안전운전불이행,건조,기타,단일로 - 지하차도(도로)내,이륜,남,52세,기타불명,보행자,남,62세,경상
보행자사고,2022062900100005,2022년 6월 29일 00시,수요일,부산광역시 부산진구 당감동,경상사고,0,0,1,0,차대사람 - 기타,안전운전불이행,건조,맑음,단일로 - 기타,승용,남,39세,상해없음,보행자,남,54세,경상
보행자사고,2022062900100032,2022년 6월 29일 03시,수요일,부산광역시 동구 초량동,중상사고,0,1,0,0,차대사람 - 차도통행중,안전운전불이행,젖음/습기,비,단일로 - 지하차도(도로)내,승용,남,67세,상해없음,보행자,남,41세,중상
보행자사고,2022062900100154,2022년 6월 29일 10시,수요일,부산광역시 수영구 민락동,경상사고,0,0,1,0,차대사람 - 기타,안전운전불이행,젖음/습기,맑음,교차로 - 교차로부근,화물,남,42세,상해없음,보행자,남,58세,경상
보행자사고,2022062900100429,2022년 6월 29일 18시,수요일,부산광역시 사하구 괴정동,중상사고,0,1,0,0,차대사람 - 기타,안전운전불이행,젖음/습기,비,교차로 - 교차로부근,승용,남,38세,상해없음,보행자,여,69세,중상
보행자사고,2022063000100208,2022년 6월 30일 11시,목요일,부산광역시 중구 신창동4가,중상사고,0,1,0,0,차대사람 - 기타,안전운전불이행,건조,맑음,기타 - 기타,개인형이동수단(PM),남,61세,상해없음,보행자,여,71세,중상
보행자사고,2022063000100343,2022년 6월 30일 16시,목요일,부산광역시 금정구 서동,경상사고,0,0,1,0,차대사람 - 기타,안전운전불이행,건조,맑음,단일로 - 기타,승용,남,49세,상해없음,보행자,남,41세,경상
보행자사고,2022063000100429,2022년 6월 30일 18시,목요일,부산광역시 동구 수정동,경상사고,0,0,2,0,차대사람 - 횡단중,보행자보호의무위반,건조,맑음,단일로 - 기타,승합,남,36세,상해없음,보행자,여,14세,경상
보행자사고,2022063000100531,2022년 6월 30일 21시,목요일,부산광역시 남구 대연동,경상사고,0,0,1,0,차대사람 - 보도통행중,안전운전불이행,건조,맑음,단일로 - 기타,승용,남,25세,상해없음,보행자,여,48세,경상
보행자사고,2022063000100563,2022년 6월 30일 22시,목요일,부산광역시 남구 문현동,경상사고,0,0,1,0,차대사람 - 횡단중,안전운전불이행,건조,맑음,단일로 - 기타,화물,남,55세,상해없음,보행자,여,29세,경상
보행자사고,2022063000100593,2022년 6월 30일 23시,목요일,부산광역시 사상구 삼락동,중상사고,0,1,0,0,차대사람 - 차도통행중,중앙선침범,건조,맑음,교차로 - 교차로안,화물,남,72세,상해없음,보행자,남,55세,중상
보행자사고,2022070100100017,2022년 7월 1일 01시,금요일,부산광역시 강서구 명지동,중상사고,0,1,0,0,차대사람 - 보도통행중,안전운전불이행,건조,맑음,단일로 - 기타,승용,남,27세,상해없음,보행자,남,32세,중상
보행자사고,2022070100100135,2022년 7월 1일 09시,금요일,부산광역시 남구 대연동,중상사고,0,1,0,0,차대사람 - 기타,기타,건조,맑음,기타 - 기타,승용,남,28세,기타불명,보행자,여,76세,중상
보행자사고,2022070100100266,2022년 7월 1일 13시,금요일,부산광역시 부산진구 부전동,경상사고,0,0,1,0,차대사람 - 기타,안전운전불이행,건조,맑음,교차로 - 교차로부근,승용,남,40세,상해없음,보행자,남,29세,경상
보행자사고,2022070100100442,2022년 7월 1일 17시,금요일,부산광역시 금정구 금사동,경상사고,0,0,1,0,차대사람 - 기타,안전운전불이행,건조,맑음,기타 - 기타,화물,남,49세,상해없음,보행자,여,60세,경상
보행자사고,2022070100100505,2022년 7월 1일 18시,금요일,부산광역시 영도구 남항동1가,경상사고,0,0,1,0,차대사람 - 기타,안전운전불이행,건조,맑음,단일로 - 기타,승용,여,53세,상해없음,보행자,여,7세,경상
보행자사고,2022070100100508,2022년 7월 1일 18시,금요일,부산광역시 기장군 일광읍,중상사고,0,1,0,0,차대사람 - 기타,안전운전불이행,건조,맑음,교차로 - 교차로부근,이륜,남,26세,기타불명,보행자,남,14세,중상
보행자사고,2022070100100596,2022년 7월 1일 20시,금요일,부산광역시 부산진구 부암동,중상사고,0,1,0,0,차대사람 - 횡단중,기타,건조,맑음,교차로 - 교차로안,승용,여,53세,상해없음,보행자,남,9세,중상
보행자사고,2022070200100031,2022년 7월 2일 02시,토요일,부산광역시 수영구 광안동,경상사고,0,0,1,0,차대사람 - 길가장자리구역통행중,안전운전불이행,건조,맑음,단일로 - 지하차도(도로)내,승용,남,29세,상해없음,보행자,남,40세,경상
보행자사고,2022070200100033,2022년 7월 2일 02시,토요일,부산광역시 부산진구 전포동,중상사고,0,2,0,0,차대사람 - 횡단중,신호위반,건조,맑음,교차로 - 교차로횡단보도내,승용,남,45세,상해없음,보행자,여,24세,중상
보행자사고,2022070200100272,2022년 7월 2일 13시,토요일,부산광역시 남구 대연동,부상신고사고,0,0,0,1,차대사람 - 기타,안전운전불이행,건조,맑음,기타 - 기타,승용,남,63세,상해없음,보행자,여,38세,부상신고
보행자사고,2022070200100273,2022년 7월 2일 13시,토요일,부산광역시 부산진구 범전동,부상신고사고,0,0,0,1,차대사람 - 기타,안전운전불이행,건조,맑음,단일로 - 기타,기타불명,기타불명,미분류,기타불명,보행자,남,62세,부상신고
보행자사고,2022070200100334,2022년 7월 2일 15시,토요일,부산광역시 수영구 민락동,경상사고,0,0,1,0,차대사람 - 기타,기타,건조,맑음,단일로 - 기타,자전거,남,64세,상해없음,보행자,남,27세,경상
보행자사고,2022070200100412,2022년 7월 2일 17시,토요일,부산광역시 기장군 기장읍,사망사고,1,0,0,0,차대사람 - 횡단중,보행자보호의무위반,건조,맑음,교차로 - 교차로안,화물,남,53세,상해없음,보행자,여,73세,사망
보행자사고,2022070200100447,2022년 7월 2일 18시,토요일,부산광역시 수영구 광안동,경상사고,0,0,1,0,차대사람 - 기타,기타,건조,맑음,단일로 - 기타,자전거,여,63세,상해없음,보행자,여,6세,경상
보행자사고,2022070200100448,2022년 7월 2일 18시,토요일,부산광역시 수영구 광안동,경상사고,0,0,1,0,차대사람 - 기타,안전운전불이행,건조,맑음,교차로 - 교차로부근,승용,남,53세,상해없음,보행자,여,22세,경상