사고부문,사고번호,사고일시,요일,시군구,사고내용,사망자수,중상자수,경상자수,부상신고자수,사고유형,법규위반,노면상태,기상상태,도로형태,가해운전자 차종,가해운전자 성별,가해운전자 연령,가해운전자 상해정도,피해운전자 차종,피해운전자 성별,피해운전자 연령,피해운전자 상해정도
보행자사고,2022070200100542,2022년 7월 2일 21시,토요일,부산광역시 부산진구 부전동,중상사고,0,1,0,0,차대사람 - 횡단중,안전운전불이행,건조,맑음,교차로 - 교차로안,승용,여,21세,상해없음,보행자,남,33세,중상
보행자사고,2022070200100585,2022년 7월 2일 23시,토요일,부산광역시 해운대구 중동,경상사고,0,0,1,0,차대사람 - 기타,안전운전불이행,건조,맑음,단일로 - 기타,승용,남,38세,상해없음,보행자,여,29세,경상
보행자사고,2022070300100013,2022년 7월 3일 01시,일요일,부산광역시 동래구 온천동,경상사고,0,0,1,0,차대사람 - 횡단중,안전운전불이행,건조,맑음,단일로 - 기타,이륜,남,70세,상해없음,보행자,여,53세,경상
보행자사고,2022070300100165,2022년 7월 3일 12시,일요일,부산광역시 사상구 모라동,부상신고사고,0,0,0,1,차대사람 - 차도통행중,안전운전불이행,건조,맑음,교차로 - 교차로부근,승용,남,62세,상해없음,보행자,남,6세,부상신고
보행자사고,2022070300100192,2022년 7월 3일 13시,일요일,부산광역시 수영구 광안동,경상사고,0,0,2,0,차대사람 - 횡단중,보행자보호의무위반,건조,맑음,단일로 - 기타,승용,여,55세,상해없음,보행자,남,27세,경상
보행자사고,2022070300100218,2022년 7월 3일 14시,일요일,부산광역시 해운대구 중동,부상신고사고,0,0,0,1,차대사람 - 보도통행중,기타,건조,맑음,기타 - 기타,기타불명,기타불명,미분류,기타불명,보행자,남,6세,부상신고
보행자사고,2022070300100372,2022년 7월 3일 19시,일요일,부산광역시 금정구 장전동,중상사고,0,1,0,0,차대사람 - 차도통행중,안전운전불이행,건조,맑음,단일로 - 기타,승용,남,19세,상해없음,보행자,여,57세,중상
보행자사고,2022070400100225,2022년 7월 4일 12시,월요일,부산광역시 서구 동대신동2가,중상사고,0,1,0,0,차대사람 - 보도통행중,기타,건조,맑음,교차로 - 교차로횡단보도내,이륜,남,61세,상해없음,보행자,여,82세,중상
보행자사고,2022070400100354,2022년 7월 4일 16시,월요일,부산광역시 금정구 장전동,경상사고,0,0,1,0,차대사람 - 길가장자리구역통행중,안전운전불이행,건조,맑음,단일로 - 지하차도(도로)내,자전거,남,22세,상해없음,보행자,여,49세,경상
보행자사고,2022070400100397,2022년 7월 4일 17시,월요일,부산광역시 부산진구 전포동,중상사고,0,1,0,0,차대사람 - 기타,안전운전불이행,건조,맑음,교차로 - 교차로안,승용,남,79세,상해없음,보행자,남,54세,중상
보행자사고,2022070400100398,2022년 7월 4일 17시,월요일,부산광역시 부산진구 부전동,경상사고,0,0,1,0,차대사람 - 횡단중,신호위반,건조,맑음,단일로 - 기타,승용,남,65세,상해없음,보행자,남,64세,경상
보행자사고,2.02207E+15,2022년 7월 4일 18시,월요일,부산광역시 영도구 남항동1가,경상사고,0,0,1,0,차대사람 - 길가장자리구역통행중,안전운전불이행,건조,맑음,단일로 - 기타,승용,여,58세,상해없음,보행자,여,85세,경상
보행자사고,2022070500100014,2022년 7월 5일 02시,화요일,부산광역시 남구 대연동,경상사고,0,0,1,0,차대사람 - 횡단중,신호위반,건조,맑음,단일로 - 기타,승용,남,62세,상해없음,보행자,남,24세,경상
보행자사고,2022070500100039,2022년 7월 5일 06시,화요일,부산광역시 부산진구 부전동,경상사고,0,0,1,0,차대사람 - 길가장자리구역통행중,안전운전불이행,건조,맑음,단일로 - 기타,이륜,남,37세,상해없음,보행자,여,62세,경상
보행자사고,2022070500100128,2022년 7월 5일 09시,화요일,부산광역시 해운대구 반송동,중상사고,0,1,0,0,차대사람 - 기타,안전운전불이행,건조,맑음,단일로 - 기타,이륜,여,70세,상해없음,보행자,여,71세,중상
보행자사고,2022070500100281,2022년 7월 5일 14시,화요일,부산광역시 부산진구 전포동,경상사고,0,0,2,0,차대사람 - 횡단중,보행자보호의무위반,젖음/습기,비,교차로 - 교차로횡단보도내,화물,남,41세,상해없음,보행자,여,22세,경상
보행자사고,2022070500100326,2022년 7월 5일 15시,화요일,부산광역시 영도구 봉래동4가,경상사고,0,0,1,0,차대사람 - 기타,안전운전불이행,건조,맑음,기타 - 기타,승합,남,53세,상해없음,보행자,여,60세,경상
보행자사고,2022070500100561,2022년 7월 5일 22시,화요일,부산광역시 중구 보수동1가,중상사고,0,1,0,0,차대사람 - 차도통행중,안전운전불이행,건조,맑음,교차로 - 교차로안,승용,남,29세,상해없음,보행자,여,61세,중상
보행자사고,2022070500100562,2022년 7월 5일 22시,화요일,부산광역시 부산진구 부전동,경상사고,0,0,1,0,차대사람 - 차도통행중,신호위반,건조,맑음,단일로 - 기타,이륜,남,27세,상해없음,보행자,여,20세,경상
보행자사고,2022070600100023,2022년 7월 6일 04시,수요일,부산광역시 연제구 연산동,중상사고,0,1,0,0,차대사람 - 횡단중,안전운전불이행,건조,맑음,교차로 - 교차로안,승용,여,50세,상해없음,보행자,남,86세,중상
보행자사고,2022070600100088,2022년 7월 6일 08시,수요일,부산광역시 사하구 감천동,중상사고,0,1,0,0,차대사람 - 횡단중,안전운전불이행,건조,맑음,단일로 - 기타,자전거,남,16세,상해없음,보행자,여,73세,중상
보행자사고,2022070600100159,2022년 7월 6일 10시,수요일,부산광역시 사상구 주례동,경상사고,0,0,1,0,차대사람 - 차도통행중,안전운전불이행,건조,맑음,교차로 - 교차로안,승용,남,51세,상해없음,보행자,남,29세,경상
보행자사고,2022070600100342,2022년 7월 6일 16시,수요일,부산광역시 북구 덕천동,부상신고사고,0,0,0,1,차대사람 - 기타,안전운전불이행,건조,맑음,단일로 - 기타,화물,남,69세,상해없음,보행자,남,79세,부상신고
보행자사고,2022070600100344,2022년 7월 6일 16시,수요일,부산광역시 부산진구 부전동,경상사고,0,0,1,0,차대사람 - 기타,안전운전불이행,건조,맑음,단일로 - 기타,승용,여,71세,상해없음,보행자,여,67세,경상
보행자사고,2022070600100411,2022년 7월 6일 18시,수요일,부산광역시 사상구 덕포동,중상사고,0,1,0,0,차대사람 - 보도통행중,기타,건조,맑음,단일로 - 기타,승용,남,61세,상해없음,보행자,남,67세,중상
보행자사고,2022070700100149,2022년 7월 7일 09시,목요일,부산광역시 해운대구 재송동,중상사고,0,1,0,0,차대사람 - 횡단중,안전운전불이행,건조,맑음,교차로 - 교차로안,승용,여,27세,상해없음,보행자,여,65세,중상
보행자사고,2.02207E+15,2022년 7월 7일 09시,목요일,부산광역시 부산진구 부전동,경상사고,0,0,1,0,차대사람 - 기타,안전운전불이행,건조,맑음,단일로 - 기타,승용,여,35세,상해없음,보행자,여,66세,경상
보행자사고,2022070700100196,2022년 7월 7일 10시,목요일,부산광역시 금정구 남산동,중상사고,0,1,3,0,차대차 - 추돌,안전운전불이행,건조,맑음,교차로 - 교차로부근,승용,여,60세,중상,승합,남,47세,상해없음
보행자사고,2022070700100258,2022년 7월 7일 12시,목요일,부산광역시 사하구 하단동,중상사고,0,1,0,0,차대사람 - 차도통행중,안전운전불이행,건조,맑음,단일로 - 기타,승용,여,66세,기타불명,보행자,남,61세,중상
보행자사고,2022070700100321,2022년 7월 7일 14시,목요일,부산광역시 해운대구 반송동,중상사고,0,1,0,0,차대사람 - 보도통행중,보행자보호의무위반,건조,맑음,교차로 - 교차로횡단보도내,승용,남,60세,상해없음,보행자,남,80세,중상
보행자사고,2022070700100419,2022년 7월 7일 17시,목요일,부산광역시 서구 서대신동3가,경상사고,0,0,1,0,차대사람 - 횡단중,보행자보호의무위반,건조,맑음,교차로 - 교차로횡단보도내,승용,여,45세,상해없음,보행자,여,10세,경상
보행자사고,2.02207E+15,2022년 7월 7일 17시,목요일,부산광역시 부산진구 부전동,중상사고,0,1,0,0,차대사람 - 기타,안전운전불이행,건조,맑음,단일로 - 기타,승합,남,53세,상해없음,보행자,남,51세,중상
보행자사고,2022070700100422,2022년 7월 7일 17시,목요일,부산광역시 강서구 명지동,경상사고,0,0,1,0,차대사람 - 기타,안전운전불이행,건조,맑음,단일로 - 기타,화물,남,74세,상해없음,보행자,남,42세,경상
보행자사고,2022070700100463,2022년 7월 7일 18시,목요일,부산광역시 사하구 다대동,중상사고,0,1,0,0,차대사람 - 횡단중,보행자보호의무위반,건조,맑음,교차로 - 교차로안,승용,남,54세,상해없음,보행자,여,71세,중상
보행자사고,2022070700100615,2022년 7월 7일 23시,목요일,부산광역시 부산진구 부전동,경상사고,0,0,1,0,차대사람 - 기타,안전운전불이행,건조,기타,단일로 - 기타,승용,남,55세,상해없음,보행자,남,24세,경상
보행자사고,2022070700100616,2022년 7월 7일 23시,목요일,부산광역시 사하구 하단동,중상사고,0,1,0,1,차대사람 - 차도통행중,안전운전불이행,건조,맑음,단일로 - 기타,이륜,남,18세,부상신고,보행자,남,29세,중상
보행자사고,2022070700100617,2022년 7월 7일 23시,목요일,부산광역시 수영구 수영동,중상사고,0,1,0,0,차대사람 - 기타,안전운전불이행,건조,맑음,교차로 - 교차로부근,승용,남,63세,상해없음,보행자,남,65세,중상
보행자사고,2022070800100013,2022년 7월 8일 01시,금요일,부산광역시 중구 중앙동4가,중상사고,0,1,0,0,차대사람 - 횡단중,안전운전불이행,건조,맑음,교차로 - 교차로안,승용,남,65세,상해없음,보행자,여,59세,중상
보행자사고,2022070800100132,2022년 7월 8일 09시,금요일,부산광역시 중구 중앙동4가,경상사고,0,0,1,0,차대사람 - 횡단중,보행자보호의무위반,젖음/습기,비,단일로 - 기타,승용,남,63세,상해없음,보행자,여,32세,경상
보행자사고,2022070800100133,2022년 7월 8일 09시,금요일,부산광역시 서구 남부민동,경상사고,0,0,1,0,차대사람 - 보도통행중,기타,젖음/습기,비,단일로 - 기타,원동기,남,66세,상해없음,보행자,여,25세,경상
보행자사고,2022070800100294,2022년 7월 8일 14시,금요일,부산광역시 수영구 광안동,중상사고,0,1,0,0,차대사람 - 기타,보행자보호의무위반,건조,맑음,교차로 - 교차로부근,화물,남,60세,상해없음,보행자,남,73세,중상
보행자사고,2022070800100295,2022년 7월 8일 14시,금요일,부산광역시 남구 문현동,중상사고,0,1,0,0,차대사람 - 기타,안전운전불이행,건조,맑음,단일로 - 기타,승용,여,63세,상해없음,보행자,남,36세,중상
보행자사고,2022070800100296,2022년 7월 8일 14시,금요일,부산광역시 수영구 광안동,중상사고,0,1,0,0,차대사람 - 기타,안전운전불이행,건조,맑음,단일로 - 기타,화물,남,59세,상해없음,보행자,여,70세,중상
보행자사고,2022070800100329,2022년 7월 8일 15시,금요일,부산광역시 금정구 구서동,경상사고,0,0,1,0,차대사람 - 기타,안전운전불이행,건조,맑음,단일로 - 기타,승용,여,61세,상해없음,보행자,여,14세,경상
보행자사고,2022070800100533,2022년 7월 8일 20시,금요일,부산광역시 동래구 수안동,경상사고,0,0,1,0,차대사람 - 차도통행중,안전운전불이행,건조,맑음,단일로 - 기타,자전거,기타불명,미분류,기타불명,보행자,여,77세,경상
보행자사고,2.02207E+15,2022년 7월 8일 22시,금요일,부산광역시 부산진구 당감동,중상사고,0,1,0,0,차대사람 - 횡단중,보행자보호의무위반,건조,맑음,교차로 - 교차로횡단보도내,승용,여,56세,상해없음,보행자,남,34세,중상
보행자사고,2022070900100007,2022년 7월 9일 00시,토요일,부산광역시 남구 대연동,경상사고,0,0,1,0,차대사람 - 기타,안전운전불이행,건조,맑음,단일로 - 기타,승용,남,19세,상해없음,보행자,여,19세,경상
보행자사고,2022070900100113,2022년 7월 9일 09시,토요일,부산광역시 부산진구 초읍동,경상사고,0,0,1,0,차대사람 - 기타,안전운전불이행,건조,맑음,교차로 - 교차로부근,화물,남,52세,상해없음,보행자,여,80세,경상
보행자사고,2022070900100114,2022년 7월 9일 09시,토요일,부산광역시 금정구 서동,경상사고,0,0,1,0,차대사람 - 기타,안전운전불이행,건조,맑음,기타 - 기타,승용,남,62세,상해없음,보행자,남,77세,경상
보행자사고,2022070900100235,2022년 7월 9일 13시,토요일,부산광역시 북구 화명동,중상사고,0,4,6,1,차대차 - 추돌,신호위반,건조,맑음,교차로 - 교차로부근,승용,여,62세,상해없음,승용,남,45세,경상
보행자사고,2022070900100277,2022년 7월 9일 14시,토요일,부산광역시 남구 대연동,중상사고,0,1,0,0,차대사람 - 횡단중,안전운전불이행,건조,맑음,교차로 - 교차로안,화물,남,56세,상해없음,보행자,여,10세,중상
보행자사고,2022070900100397,2022년 7월 9일 17시,토요일,부산광역시 사상구 괘법동,중상사고,0,1,0,0,차대사람 - 기타,안전운전불이행,건조,맑음,교차로 - 교차로안,화물,남,57세,상해없음,보행자,남,59세,중상
보행자사고,2022070900100461,2022년 7월 9일 19시,토요일,부산광역시 동래구 명륜동,부상신고사고,0,0,0,1,차대사람 - 차도통행중,안전운전불이행,건조,맑음,단일로 - 기타,승용,남,31세,상해없음,보행자,남,39세,부상신고
보행자사고,2022070900100462,2022년 7월 9일 19시,토요일,부산광역시 부산진구 양정동,경상사고,0,0,1,0,차대사람 - 기타,안전운전불이행,건조,맑음,교차로 - 교차로안,승용,남,64세,상해없음,보행자,남,62세,경상
보행자사고,2022071000100006,2022년 7월 10일 00시,일요일,부산광역시 부산진구 범천동,경상사고,0,0,1,0,차대사람 - 기타,안전운전불이행,건조,맑음,기타 - 기타,승용,남,70세,상해없음,보행자,여,23세,경상
보행자사고,2022071000100062,2022년 7월 10일 04시,일요일,부산광역시 사상구 주례동,중상사고,0,1,0,0,차대사람 - 기타,안전운전불이행,건조,맑음,기타 - 기타,승용,남,49세,상해없음,보행자,남,45세,중상
보행자사고,2022071000100253,2022년 7월 10일 15시,일요일,부산광역시 사상구 주례동,경상사고,0,0,1,0,차대사람 - 보도통행중,보행자보호의무위반,건조,맑음,교차로 - 교차로횡단보도내,승용,남,49세,기타불명,보행자,여,55세,경상
보행자사고,2022071000100284,2022년 7월 10일 16시,일요일,부산광역시 수영구 민락동,중상사고,0,1,0,0,차대사람 - 길가장자리구역통행중,안전운전불이행,건조,맑음,단일로 - 기타,승용,남,30세,상해없음,보행자,남,44세,중상
보행자사고,2022071000100338,2022년 7월 10일 18시,일요일,부산광역시 영도구 영선동4가,경상사고,0,0,1,0,차대사람 - 기타,안전운전불이행,건조,맑음,기타 - 기타,승용,남,64세,상해없음,보행자,여,80세,경상
보행자사고,2022071100100077,2022년 7월 11일 08시,월요일,부산광역시 부산진구 범천동,경상사고,0,0,1,0,차대차 - 기타,안전운전불이행,젖음/습기,비,교차로 - 교차로안,승용,남,58세,상해없음,승용,남,미분류,기타불명
보행자사고,2022071100100078,2022년 7월 11일 08시,월요일,부산광역시 금정구 금사동,중상사고,0,1,0,0,차대사람 - 횡단중,안전운전불이행,건조,맑음,단일로 - 기타,화물,남,36세,상해없음,보행자,남,15세,중상
보행자사고,2022071100100079,2022년 7월 11일 08시,월요일,부산광역시 금정구 장전동,경상사고,0,0,1,0,차대사람 - 길가장자리구역통행중,안전운전불이행,젖음/습기,비,단일로 - 기타,승용,여,61세,상해없음,보행자,여,24세,경상
보행자사고,2022071100100188,2022년 7월 11일 11시,월요일,부산광역시 부산진구 가야동,경상사고,0,0,1,0,차대사람 - 기타,안전운전불이행,젖음/습기,비,단일로 - 기타,승용,여,42세,상해없음,보행자,남,73세,경상
보행자사고,2022071100100474,2022년 7월 11일 18시,월요일,부산광역시 동래구 안락동,경상사고,0,0,1,0,차대사람 - 횡단중,보행자보호의무위반,건조,맑음,단일로 - 기타,승용,남,29세,상해없음,보행자,여,30세,경상
보행자사고,2022071100100582,2022년 7월 11일 22시,월요일,부산광역시 남구 용호동,중상사고,0,1,0,0,차대사람 - 길가장자리구역통행중,안전운전불이행,건조,맑음,단일로 - 기타,승합,남,64세,상해없음,보행자,남,41세,중상
보행자사고,2022071200100074,2022년 7월 12일 08시,화요일,부산광역시 연제구 거제동,중상사고,0,1,0,1,차대차 - 기타,안전운전불이행,건조,맑음,단일로 - 기타,자전거,남,40세,부상신고,승합,남,71세,상해없음
보행자사고,2022071200100119,2022년 7월 12일 09시,화요일,부산광역시 부산진구 개금동,중상사고,0,1,0,0,차대사람 - 기타,안전운전불이행,건조,맑음,단일로 - 기타,승합,남,60세,상해없음,보행자,남,3세,중상
보행자사고,2022071200100247,2022년 7월 12일 14시,화요일,부산광역시 기장군 기장읍,중상사고,0,1,0,0,차대사람 - 기타,안전운전불이행,건조,맑음,단일로 - 지하차도(도로)내,승합,남,63세,상해없음,보행자,여,67세,중상
보행자사고,2022071200100283,2022년 7월 12일 15시,화요일,부산광역시 사상구 주례동,중상사고,0,1,0,0,차대사람 - 기타,안전운전불이행,건조,맑음,교차로 - 교차로부근,승합,여,39세,상해없음,보행자,남,76세,중상
보행자사고,2022071200100448,2022년 7월 12일 20시,화요일,부산광역시 부산진구 양정동,중상사고,0,1,0,0,차대사람 - 횡단중,보행자보호의무위반,건조,맑음,단일로 - 기타,승용,여,49세,상해없음,보행자,여,30세,중상
보행자사고,2022071200100449,2022년 7월 12일 20시,화요일,부산광역시 금정구 부곡동,경상사고,0,0,1,0,차대사람 - 기타,안전운전불이행,건조,맑음,단일로 - 기타,승용,여,55세,기타불명,보행자,남,60세,경상
보행자사고,2022071200100472,2022년 7월 12일 21시,화요일,부산광역시 동구 수정동,경상사고,0,0,1,0,차대사람 - 보도통행중,안전운전불이행,건조,맑음,교차로 - 교차로안,승용,남,70세,상해없음,보행자,남,56세,경상
보행자사고,2022071300100074,2022년 7월 13일 08시,수요일,부산광역시 동래구 안락동,경상사고,0,0,1,0,차대사람 - 횡단중,보행자보호의무위반,건조,맑음,교차로 - 교차로부근,승용,남,73세,상해없음,보행자,남,23세,경상
보행자사고,2022071300100445,2022년 7월 13일 19시,수요일,부산광역시 부산진구 부전동,중상사고,0,1,1,0,차대사람 - 횡단중,보행자보호의무위반,건조,맑음,교차로 - 교차로부근,승용,남,55세,상해없음,보행자,여,25세,중상
보행자사고,2022071300100538,2022년 7월 13일 22시,수요일,부산광역시 사하구 하단동,중상사고,0,1,0,0,차대사람 - 차도통행중,안전운전불이행,건조,맑음,단일로 - 기타,이륜,남,20세,상해없음,보행자,여,25세,중상
보행자사고,2022071400100146,2022년 7월 14일 09시,목요일,부산광역시 사하구 장림동,경상사고,0,0,1,0,차대사람 - 기타,기타,건조,맑음,단일로 - 기타,승합,남,71세,상해없음,보행자,여,43세,경상
보행자사고,2022071400100187,2022년 7월 14일 10시,목요일,부산광역시 서구 토성동1가,경상사고,0,0,1,0,차대사람 - 횡단중,신호위반,건조,맑음,단일로 - 기타,이륜,남,77세,상해없음,보행자,여,67세,경상
보행자사고,2022071400100189,2022년 7월 14일 10시,목요일,부산광역시 해운대구 재송동,사망사고,1,0,0,0,차대사람 - 길가장자리구역통행중,안전운전불이행,건조,맑음,단일로 - 기타,화물,남,41세,상해없음,보행자,여,86세,사망
보행자사고,2022071400100215,2022년 7월 14일 11시,목요일,부산광역시 수영구 광안동,경상사고,0,0,1,0,차대사람 - 기타,안전운전불이행,건조,맑음,교차로 - 교차로부근,승합,남,39세,기타불명,보행자,여,74세,경상
보행자사고,2022071400100242,2022년 7월 14일 12시,목요일,부산광역시 연제구 연산동,중상사고,0,1,0,0,차대사람 - 횡단중,보행자보호의무위반,건조,맑음,교차로 - 교차로횡단보도내,승용,남,62세,상해없음,보행자,여,25세,중상
보행자사고,2.02207E+15,2022년 7월 14일 13시,목요일,부산광역시 남구 대연동,경상사고,0,0,1,0,차대사람 - 길가장자리구역통행중,안전운전불이행,건조,맑음,교차로 - 교차로부근,승용,여,70세,상해없음,보행자,여,19세,경상
보행자사고,2022071400100598,2022년 7월 14일 21시,목요일,부산광역시 부산진구 당감동,경상사고,0,0,1,0,차대사람 - 횡단중,보행자보호의무위반,건조,맑음,단일로 - 기타,승용,남,61세,상해없음,보행자,남,32세,경상
보행자사고,2022071400100622,2022년 7월 14일 22시,목요일,부산광역시 연제구 연산동,경상사고,0,0,1,0,차대사람 - 기타,안전운전불이행,건조,맑음,단일로 - 기타,승용,남,65세,상해없음,보행자,남,31세,경상
보행자사고,2022071500100013,2022년 7월 15일 01시,금요일,부산광역시 서구 동대신동2가,중상사고,0,1,0,0,차대사람 - 횡단중,안전운전불이행,건조,맑음,단일로 - 기타,승용,남,70세,상해없음,보행자,여,26세,중상
보행자사고,2.02207E+15,2022년 7월 15일 08시,금요일,부산광역시 부산진구 가야동,중상사고,0,1,0,0,차대사람 - 횡단중,안전운전불이행,건조,맑음,교차로 - 교차로부근,승용,남,45세,상해없음,보행자,여,55세,중상
보행자사고,2022071500100071,2022년 7월 15일 08시,금요일,부산광역시 금정구 장전동,중상사고,0,1,0,0,차대사람 - 횡단중,보행자보호의무위반,건조,맑음,교차로 - 교차로횡단보도내,승용,남,62세,상해없음,보행자,남,34세,중상
보행자사고,2022071500100148,2022년 7월 15일 10시,금요일,부산광역시 부산진구 부전동,중상사고,0,1,0,0,차대사람 - 기타,안전운전불이행,건조,맑음,기타 - 기타,개인형이동수단(PM),남,20세,기타불명,보행자,남,59세,중상
보행자사고,2022071500100185,2022년 7월 15일 11시,금요일,부산광역시 연제구 거제동,중상사고,0,1,0,0,차대사람 - 차도통행중,교차로운행방법위반,건조,맑음,교차로 - 교차로부근,이륜,남,23세,상해없음,보행자,여,54세,중상
보행자사고,2022071500100278,2022년 7월 15일 14시,금요일,부산광역시 수영구 망미동,중상사고,0,1,0,0,차대사람 - 기타,안전운전불이행,건조,맑음,교차로 - 교차로부근,승용,남,72세,상해없음,보행자,남,43세,중상
보행자사고,2022071500100351,2022년 7월 15일 16시,금요일,부산광역시 동래구 수안동,경상사고,0,0,1,0,차대사람 - 횡단중,안전운전불이행,건조,맑음,단일로 - 기타,승용,여,59세,상해없음,보행자,여,49세,경상
보행자사고,2022071500100455,2022년 7월 15일 18시,금요일,부산광역시 해운대구 재송동,경상사고,0,0,1,0,차대사람 - 기타,보행자보호의무위반,건조,맑음,단일로 - 기타,이륜,남,25세,상해없음,보행자,여,54세,경상
보행자사고,2022071500100456,2022년 7월 15일 18시,금요일,부산광역시 금정구 남산동,경상사고,0,0,1,0,차대사람 - 기타,안전운전불이행,건조,맑음,기타 - 기타,화물,남,65세,상해없음,보행자,남,9세,경상
보행자사고,2.02207E+15,2022년 7월 15일 19시,금요일,부산광역시 기장군 정관읍,경상사고,0,0,1,0,차대사람 - 횡단중,안전운전불이행,건조,맑음,교차로 - 교차로부근,승용,여,44세,상해없음,보행자,남,13세,경상
보행자사고,2022071500100548,2022년 7월 15일 20시,금요일,부산광역시 해운대구 중동,경상사고,0,0,1,0,차대사람 - 기타,안전운전불이행,건조,맑음,교차로 - 교차로부근,이륜,기타불명,미분류,기타불명,보행자,남,34세,경상
보행자사고,2022071500100581,2022년 7월 15일 21시,금요일,부산광역시 남구 우암동,중상사고,0,1,0,0,차대사람 - 차도통행중,안전운전불이행,건조,맑음,단일로 - 기타,승용,남,36세,상해없음,보행자,남,65세,중상
보행자사고,2022071600100004,2022년 7월 16일 00시,토요일,부산광역시 동구 범일동,경상사고,0,0,1,0,차대사람 - 차도통행중,안전운전불이행,건조,맑음,교차로 - 교차로안,승용,남,36세,상해없음,보행자,남,26세,경상
보행자사고,2022071600100005,2022년 7월 16일 00시,토요일,부산광역시 기장군 기장읍,중상사고,0,1,0,0,차대사람 - 횡단중,보행자보호의무위반,건조,맑음,교차로 - 교차로안,승합,남,29세,상해없음,보행자,여,53세,중상
보행자사고,2022071600100023,2022년 7월 16일 01시,토요일,부산광역시 부산진구 부전동,중상사고,0,1,0,0,차대사람 - 보도통행중,기타,건조,맑음,단일로 - 기타,개인형이동수단(PM),여,24세,상해없음,보행자,여,64세,중상
보행자사고,2022071600100124,2022년 7월 16일 10시,토요일,부산광역시 서구 서대신동2가,경상사고,0,0,1,0,차대사람 - 차도통행중,안전운전불이행,건조,맑음,단일로 - 지하차도(도로)내,승용,여,62세,상해없음,보행자,여,43세,경상
보행자사고,2022071600100125,2022년 7월 16일 10시,토요일,부산광역시 기장군 기장읍,중상사고,0,1,0,0,차대사람 - 차도통행중,안전운전불이행,건조,맑음,교차로 - 교차로안,승용,남,50세,상해없음,보행자,여,47세,중상
보행자사고,2022071600100223,2022년 7월 16일 13시,토요일,부산광역시 부산진구 전포동,경상사고,0,0,1,0,차대사람 - 기타,보행자보호의무위반,건조,맑음,교차로 - 교차로부근,승용,남,69세,상해없음,보행자,남,24세,경상
보행자사고,2022071600100258,2022년 7월 16일 14시,토요일,부산광역시 동구 초량동,경상사고,0,0,1,0,차대사람 - 차도통행중,안전운전불이행,건조,맑음,단일로 - 기타,승용,여,20세,상해없음,보행자,남,25세,경상
보행자사고,2.02207E+15,2022년 7월 16일 14시,토요일,부산광역시 금정구 부곡동,경상사고,0,0,1,0,차대사람 - 기타,안전운전불이행,건조,맑음,단일로 - 기타,자전거,남,14세,상해없음,보행자,남,29세,경상
보행자사고,2022071700100012,2022년 7월 17일 01시,일요일,부산광역시 부산진구 부전동,경상사고,0,0,1,0,차대사람 - 기타,안전운전불이행,건조,맑음,기타 - 기타,승용,남,29세,상해없음,보행자,여,25세,경상
보행자사고,2022071700100259,2022년 7월 17일 16시,일요일,부산광역시 수영구 광안동,경상사고,0,0,1,0,차대사람 - 기타,안전운전불이행,건조,맑음,주차장 - 주차장,승용,여,28세,상해없음,보행자,여,19세,경상
보행자사고,2022071700100293,2022년 7월 17일 17시,일요일,부산광역시 연제구 연산동,경상사고,0,0,1,0,차대사람 - 기타,안전운전불이행,건조,맑음,단일로 - 기타,승용,남,28세,상해없음,보행자,여,4세,경상
보행자사고,2022071800100011,2022년 7월 18일 01시,월요일,부산광역시 기장군 장안읍,중상사고,0,1,0,0,차대사람 - 차도통행중,안전운전불이행,건조,맑음,단일로 - 기타,화물,여,71세,상해없음,보행자,남,19세,중상
보행자사고,2022071800100128,2022년 7월 18일 09시,월요일,부산광역시 동구 초량동,경상사고,0,0,1,0,차대사람 - 기타,보행자보호의무위반,젖음/습기,비,단일로 - 기타,화물,남,59세,상해없음,보행자,남,42세,경상
보행자사고,2022071800100131,2022년 7월 18일 09시,월요일,부산광역시 사상구 괘법동,경상사고,0,0,1,0,차대사람 - 횡단중,보행자보호의무위반,건조,맑음,교차로 - 교차로안,화물,남,56세,상해없음,보행자,여,19세,경상
보행자사고,2022071800100162,2022년 7월 18일 10시,월요일,부산광역시 해운대구 반여동,경상사고,0,0,1,0,차대사람 - 기타,안전운전불이행,건조,맑음,교차로 - 교차로부근,화물,남,59세,상해없음,보행자,남,75세,경상
보행자사고,2022071900100015,2022년 7월 19일 01시,화요일,부산광역시 연제구 거제동,중상사고,0,1,0,0,차대사람 - 기타,안전운전불이행,건조,맑음,단일로 - 기타,승용,남,66세,상해없음,보행자,남,42세,중상
보행자사고,2022071900100084,2022년 7월 19일 08시,화요일,부산광역시 해운대구 재송동,경상사고,0,0,1,0,차대사람 - 차도통행중,안전운전불이행,건조,맑음,단일로 - 기타,승용,여,55세,상해없음,보행자,남,44세,경상
보행자사고,2.02207E+15,2022년 7월 19일 11시,화요일,부산광역시 중구 창선동2가,경상사고,0,0,1,0,차대사람 - 기타,보행자보호의무위반,건조,맑음,교차로 - 교차로안,화물,남,60세,상해없음,보행자,여,81세,경상
보행자사고,2022071900100181,2022년 7월 19일 11시,화요일,부산광역시 수영구 민락동,경상사고,0,0,1,0,차대사람 - 기타,안전운전불이행,건조,맑음,단일로 - 기타,자전거,남,23세,기타불명,보행자,남,49세,경상