사고부문,사고번호,사고일시,요일,시군구,사고내용,사망자수,중상자수,경상자수,부상신고자수,사고유형,법규위반,노면상태,기상상태,도로형태,가해운전자 차종,가해운전자 성별,가해운전자 연령,가해운전자 상해정도,피해운전자 차종,피해운전자 성별,피해운전자 연령,피해운전자 상해정도
보행자사고,2022081900100398,2022년 8월 19일 17시,금요일,부산광역시 동래구 낙민동,경상사고,0,0,1,0,차대사람 - 횡단중,보행자보호의무위반,건조,맑음,교차로 - 교차로횡단보도내,승용,남,67세,상해없음,보행자,남,10세,경상
보행자사고,2022081900100501,2022년 8월 19일 19시,금요일,부산광역시 영도구 영선동3가,중상사고,0,1,0,0,차대사람 - 기타,안전운전불이행,건조,맑음,단일로 - 기타,승합,남,31세,상해없음,보행자,여,71세,중상
보행자사고,2022081900100502,2022년 8월 19일 19시,금요일,부산광역시 연제구 연산동,경상사고,0,0,1,0,차대사람 - 보도통행중,기타,건조,맑음,기타 - 기타,이륜,남,80세,상해없음,보행자,남,23세,경상
보행자사고,2022082000100168,2022년 8월 20일 11시,토요일,부산광역시 동구 범일동,중상사고,0,1,0,0,차대사람 - 횡단중,안전운전불이행,건조,맑음,단일로 - 기타,승용,남,26세,상해없음,보행자,여,77세,중상
보행자사고,2022082000100216,2022년 8월 20일 12시,토요일,부산광역시 기장군 기장읍,경상사고,0,0,1,0,차대사람 - 기타,안전운전불이행,젖음/습기,비,교차로 - 교차로안,이륜,남,25세,상해없음,보행자,여,52세,경상
보행자사고,2022082000100312,2022년 8월 20일 14시,토요일,부산광역시 사하구 감천동,중상사고,0,1,0,0,차대사람 - 차도통행중,안전운전불이행,젖음/습기,비,교차로 - 교차로부근,승용,여,59세,상해없음,보행자,여,27세,중상
보행자사고,2022082000100528,2022년 8월 20일 20시,토요일,부산광역시 동래구 명장동,경상사고,0,0,1,0,차대사람 - 횡단중,안전운전불이행,젖음/습기,비,교차로 - 교차로안,승용,여,48세,상해없음,보행자,여,72세,경상
보행자사고,2022082000100592,2022년 8월 20일 22시,토요일,부산광역시 부산진구 부전동,중상사고,0,1,0,0,차대사람 - 기타,중앙선침범,젖음/습기,비,교차로 - 교차로안,승용,남,47세,상해없음,보행자,남,24세,중상
보행자사고,2022082100100178,2022년 8월 21일 13시,일요일,부산광역시 서구 초장동,경상사고,0,0,1,0,차대사람 - 기타,안전운전불이행,건조,맑음,단일로 - 기타,화물,남,79세,상해없음,보행자,남,50세,경상
보행자사고,2022082100100212,2022년 8월 21일 14시,일요일,부산광역시 해운대구 반송동,경상사고,0,0,2,0,차대사람 - 기타,기타,건조,맑음,단일로 - 기타,승용,남,63세,상해없음,보행자,남,62세,경상
보행자사고,2022082100100397,2022년 8월 21일 21시,일요일,부산광역시 중구 신창동4가,경상사고,0,0,1,0,차대사람 - 기타,안전운전불이행,건조,맑음,교차로 - 교차로안,승용,남,21세,상해없음,보행자,여,41세,경상
보행자사고,2022082200100051,2022년 8월 22일 07시,월요일,부산광역시 금정구 장전동,중상사고,0,1,0,0,차대사람 - 기타,안전운전불이행,건조,맑음,교차로 - 교차로부근,이륜,남,55세,상해없음,보행자,남,34세,중상
보행자사고,2022082200100172,2022년 8월 22일 10시,월요일,부산광역시 북구 덕천동,경상사고,0,0,1,0,차대사람 - 기타,안전운전불이행,건조,맑음,단일로 - 기타,승용,여,32세,상해없음,보행자,남,42세,경상
보행자사고,2022082200100259,2022년 8월 22일 13시,월요일,부산광역시 동래구 사직동,경상사고,0,0,1,0,차대사람 - 기타,안전운전불이행,건조,맑음,단일로 - 기타,승용,여,68세,상해없음,보행자,여,37세,경상
보행자사고,2022082200100363,2022년 8월 22일 17시,월요일,부산광역시 해운대구 중동,부상신고사고,0,0,0,1,차대사람 - 기타,안전운전불이행,건조,맑음,단일로 - 기타,화물,남,48세,상해없음,보행자,여,25세,부상신고
보행자사고,2022082200100364,2022년 8월 22일 17시,월요일,부산광역시 금정구 회동동,경상사고,0,0,1,0,차대사람 - 기타,안전운전불이행,건조,맑음,기타 - 기타,승용,남,41세,상해없음,보행자,여,65세,경상
보행자사고,2.02208E+15,2022년 8월 22일 18시,월요일,부산광역시 사상구 학장동,경상사고,0,0,1,0,차대사람 - 보도통행중,기타,건조,맑음,단일로 - 지하차도(도로)내,자전거,기타불명,미분류,기타불명,보행자,여,25세,경상
보행자사고,2.02208E+15,2022년 8월 22일 19시,월요일,부산광역시 북구 덕천동,경상사고,0,0,1,0,차대사람 - 횡단중,교차로운행방법위반,건조,맑음,교차로 - 교차로안,화물,남,74세,상해없음,보행자,여,62세,경상
보행자사고,2022082300100049,2022년 8월 23일 06시,화요일,부산광역시 수영구 수영동,중상사고,0,1,0,0,차대사람 - 기타,안전운전불이행,건조,맑음,단일로 - 기타,자전거,남,56세,상해없음,보행자,남,84세,중상
보행자사고,2022082300100178,2022년 8월 23일 11시,화요일,부산광역시 부산진구 양정동,경상사고,0,0,1,0,차대사람 - 기타,안전운전불이행,건조,맑음,교차로 - 교차로안,화물,남,49세,상해없음,보행자,여,40세,경상
보행자사고,2022082300100244,2022년 8월 23일 13시,화요일,부산광역시 금정구 서동,부상신고사고,0,0,0,1,차대사람 - 보도통행중,안전운전불이행,건조,맑음,단일로 - 기타,승용,남,59세,상해없음,보행자,여,79세,부상신고
보행자사고,2022082300100246,2022년 8월 23일 13시,화요일,부산광역시 연제구 거제동,경상사고,0,0,1,0,차대사람 - 차도통행중,안전운전불이행,건조,맑음,교차로 - 교차로안,승용,여,58세,상해없음,보행자,남,28세,경상
보행자사고,2022082300100282,2022년 8월 23일 14시,화요일,부산광역시 북구 만덕동,경상사고,0,0,1,0,차대사람 - 기타,기타,건조,맑음,단일로 - 기타,승용,여,62세,상해없음,보행자,여,68세,경상
보행자사고,2022082300100324,2022년 8월 23일 15시,화요일,부산광역시 수영구 민락동,경상사고,0,0,1,0,차대사람 - 차도통행중,안전운전불이행,건조,맑음,단일로 - 기타,자전거,남,46세,상해없음,보행자,남,46세,경상
보행자사고,2022082300100407,2022년 8월 23일 17시,화요일,부산광역시 기장군 기장읍,중상사고,0,1,0,0,차대사람 - 횡단중,안전운전불이행,건조,맑음,단일로 - 기타,이륜,남,42세,상해없음,보행자,남,17세,중상
보행자사고,2022082400100366,2022년 8월 24일 16시,수요일,부산광역시 동구 초량동,경상사고,0,0,1,0,차대사람 - 횡단중,보행자보호의무위반,건조,맑음,교차로 - 교차로횡단보도내,승용,여,62세,상해없음,보행자,여,56세,경상
보행자사고,2022082400100458,2022년 8월 24일 18시,수요일,부산광역시 부산진구 가야동,중상사고,0,1,1,0,차대사람 - 횡단중,보행자보호의무위반,건조,맑음,단일로 - 기타,이륜,남,20세,경상,보행자,남,26세,중상
보행자사고,2022082400100531,2022년 8월 24일 20시,수요일,부산광역시 서구 아미동2가,중상사고,0,1,0,0,차대사람 - 기타,안전운전불이행,건조,맑음,단일로 - 기타,승용,남,67세,상해없음,보행자,여,60세,중상
보행자사고,2022082500100004,2022년 8월 25일 00시,목요일,부산광역시 사상구 주례동,중상사고,0,1,0,0,차대사람 - 차도통행중,안전운전불이행,건조,맑음,단일로 - 기타,화물,남,74세,상해없음,보행자,남,55세,중상
보행자사고,2022082500100031,2022년 8월 25일 05시,목요일,부산광역시 연제구 연산동,중상사고,0,1,0,0,차대사람 - 기타,안전운전불이행,건조,맑음,단일로 - 기타,승용,남,23세,상해없음,보행자,여,73세,중상
보행자사고,2022082500100056,2022년 8월 25일 07시,목요일,부산광역시 남구 대연동,중상사고,0,1,0,0,차대사람 - 기타,기타,건조,맑음,기타 - 기타,화물,남,56세,상해없음,보행자,여,62세,중상
보행자사고,2022082500100136,2022년 8월 25일 10시,목요일,부산광역시 동래구 수안동,중상사고,0,1,0,0,차대사람 - 차도통행중,안전운전불이행,건조,맑음,단일로 - 기타,승용,남,35세,상해없음,보행자,남,68세,중상
보행자사고,2022082500100206,2022년 8월 25일 12시,목요일,부산광역시 동구 수정동,중상사고,0,1,0,0,차대사람 - 횡단중,안전운전불이행,건조,맑음,교차로 - 교차로안,화물,남,45세,상해없음,보행자,남,74세,중상
보행자사고,2022082500100241,2022년 8월 25일 13시,목요일,부산광역시 부산진구 부암동,중상사고,0,1,0,0,차대사람 - 기타,안전운전불이행,건조,맑음,기타 - 기타,승용,여,52세,상해없음,보행자,여,67세,중상
보행자사고,2022082500100383,2022년 8월 25일 17시,목요일,부산광역시 사하구 다대동,경상사고,0,0,1,0,차대사람 - 길가장자리구역통행중,안전운전불이행,건조,맑음,단일로 - 지하차도(도로)내,승합,남,65세,상해없음,보행자,남,12세,경상
보행자사고,2022082500100453,2022년 8월 25일 19시,목요일,부산광역시 영도구 동삼동,중상사고,0,1,0,0,차대사람 - 보도통행중,보행자보호의무위반,건조,흐림,교차로 - 교차로횡단보도내,승용,여,35세,상해없음,보행자,여,85세,중상
보행자사고,2022082500100515,2022년 8월 25일 21시,목요일,부산광역시 사하구 다대동,경상사고,0,0,1,0,차대사람 - 기타,신호위반,건조,맑음,교차로 - 교차로안,이륜,남,21세,상해없음,보행자,여,15세,경상
보행자사고,2022082600100164,2022년 8월 26일 10시,금요일,부산광역시 서구 남부민동,중상사고,0,1,0,0,차대사람 - 차도통행중,안전운전불이행,건조,맑음,단일로 - 기타,승용,남,69세,상해없음,보행자,여,72세,중상
보행자사고,2022082600100197,2022년 8월 26일 11시,금요일,부산광역시 동래구 온천동,경상사고,0,0,1,0,차대사람 - 기타,안전운전불이행,건조,맑음,단일로 - 기타,승용,남,26세,상해없음,보행자,남,47세,경상
보행자사고,2022082600100253,2022년 8월 26일 13시,금요일,부산광역시 금정구 부곡동,경상사고,0,0,1,0,차대사람 - 차도통행중,기타,건조,맑음,교차로 - 교차로안,승용,남,62세,상해없음,보행자,남,57세,경상
보행자사고,2022082600100287,2022년 8월 26일 14시,금요일,부산광역시 수영구 남천동,중상사고,0,1,2,0,차대사람 - 횡단중,보행자보호의무위반,건조,맑음,교차로 - 교차로안,화물,남,62세,상해없음,보행자,여,33세,경상
보행자사고,2022082600100289,2022년 8월 26일 14시,금요일,부산광역시 사상구 괘법동,중상사고,0,1,0,0,차대사람 - 길가장자리구역통행중,안전운전불이행,건조,맑음,단일로 - 기타,승용,남,48세,상해없음,보행자,남,10세,중상
보행자사고,2022082600100321,2022년 8월 26일 15시,금요일,부산광역시 강서구 명지동,경상사고,0,0,1,0,차대사람 - 횡단중,안전운전불이행,건조,맑음,단일로 - 기타,승용,여,66세,상해없음,보행자,남,7세,경상
보행자사고,2022082600100362,2022년 8월 26일 16시,금요일,부산광역시 금정구 구서동,경상사고,0,0,1,0,차대사람 - 기타,안전운전불이행,건조,맑음,기타 - 기타,이륜,남,57세,상해없음,보행자,남,8세,경상
보행자사고,2022082600100404,2022년 8월 26일 17시,금요일,부산광역시 해운대구 우동,경상사고,0,0,1,0,차대사람 - 횡단중,안전운전불이행,건조,맑음,단일로 - 기타,승용,남,59세,상해없음,보행자,남,74세,경상
보행자사고,2022082600100468,2022년 8월 26일 18시,금요일,부산광역시 동래구 명륜동,경상사고,0,0,1,0,차대사람 - 차도통행중,안전운전불이행,건조,맑음,단일로 - 지하차도(도로)내,승용,여,32세,상해없음,보행자,남,77세,경상
보행자사고,2022082600100469,2022년 8월 26일 18시,금요일,부산광역시 부산진구 부전동,경상사고,0,0,1,0,차대사람 - 기타,안전운전불이행,건조,맑음,단일로 - 기타,승용,남,22세,상해없음,보행자,남,58세,경상
보행자사고,2022082600100562,2022년 8월 26일 20시,금요일,부산광역시 사하구 괴정동,중상사고,0,1,0,0,차대사람 - 횡단중,안전운전불이행,건조,맑음,단일로 - 기타,이륜,남,35세,상해없음,보행자,여,77세,중상
보행자사고,2022082600100635,2022년 8월 26일 23시,금요일,부산광역시 북구 덕천동,경상사고,0,0,1,0,차대사람 - 기타,안전운전불이행,건조,맑음,단일로 - 기타,화물,남,53세,상해없음,보행자,남,18세,경상
보행자사고,2022082700100054,2022년 8월 27일 04시,토요일,부산광역시 부산진구 부전동,경상사고,0,0,1,0,차대사람 - 기타,안전운전불이행,건조,맑음,단일로 - 기타,승용,남,28세,상해없음,보행자,남,21세,경상
보행자사고,2022082700100154,2022년 8월 27일 10시,토요일,부산광역시 동구 범일동,중상사고,0,1,0,0,차대사람 - 기타,안전운전불이행,건조,맑음,단일로 - 기타,승용,여,57세,상해없음,보행자,남,72세,중상
보행자사고,2022082700100155,2022년 8월 27일 10시,토요일,부산광역시 북구 구포동,중상사고,0,1,0,0,차대사람 - 횡단중,보행자보호의무위반,건조,맑음,교차로 - 교차로안,화물,남,56세,상해없음,보행자,남,68세,중상
보행자사고,2022082700100156,2022년 8월 27일 10시,토요일,부산광역시 영도구 동삼동,중상사고,0,1,0,0,차대사람 - 기타,안전운전불이행,건조,맑음,단일로 - 기타,화물,남,52세,상해없음,보행자,남,64세,중상
보행자사고,2022082700100157,2022년 8월 27일 10시,토요일,부산광역시 부산진구 범천동,경상사고,0,0,1,0,차대사람 - 횡단중,안전운전불이행,건조,맑음,교차로 - 교차로횡단보도내,건설기계,남,62세,상해없음,보행자,여,60세,경상
보행자사고,2022082700100321,2022년 8월 27일 14시,토요일,부산광역시 수영구 남천동,부상신고사고,0,0,0,1,차대사람 - 기타,안전운전불이행,건조,맑음,교차로 - 교차로안,이륜,남,23세,상해없음,보행자,여,8세,부상신고
보행자사고,2022082700100325,2022년 8월 27일 14시,토요일,부산광역시 사하구 괴정동,경상사고,0,0,1,0,차대사람 - 기타,보행자보호의무위반,건조,맑음,단일로 - 기타,승용,남,47세,상해없음,보행자,여,75세,경상
보행자사고,2022082700100411,2022년 8월 27일 16시,토요일,부산광역시 서구 서대신동3가,경상사고,0,0,1,0,차대사람 - 길가장자리구역통행중,안전운전불이행,건조,맑음,단일로 - 기타,승용,여,46세,상해없음,보행자,남,62세,경상
보행자사고,2022082700100454,2022년 8월 27일 17시,토요일,부산광역시 동래구 안락동,경상사고,0,0,1,0,차대사람 - 보도통행중,기타,건조,맑음,단일로 - 기타,개인형이동수단(PM),남,16세,상해없음,보행자,남,30세,경상
보행자사고,2022082700100543,2022년 8월 27일 19시,토요일,부산광역시 금정구 부곡동,경상사고,0,0,1,0,차대사람 - 횡단중,보행자보호의무위반,건조,맑음,단일로 - 기타,자전거,남,14세,상해없음,보행자,여,72세,경상
보행자사고,2022082700100544,2022년 8월 27일 19시,토요일,부산광역시 금정구 서동,부상신고사고,0,0,0,1,차대사람 - 기타,안전운전불이행,건조,맑음,기타 - 기타,승용,남,45세,상해없음,보행자,남,64세,부상신고
보행자사고,2.02208E+15,2022년 8월 27일 20시,토요일,부산광역시 부산진구 초읍동,중상사고,0,1,0,0,차대사람 - 횡단중,안전운전불이행,건조,맑음,교차로 - 교차로횡단보도내,승용,여,47세,상해없음,보행자,남,40세,중상
보행자사고,2022082800100037,2022년 8월 28일 03시,일요일,부산광역시 부산진구 양정동,중상사고,0,1,1,0,차대사람 - 횡단중,안전운전불이행,건조,맑음,교차로 - 교차로횡단보도내,승용,남,58세,상해없음,보행자,남,57세,중상
보행자사고,2022082800100137,2022년 8월 28일 11시,일요일,부산광역시 연제구 거제동,중상사고,0,1,0,0,차대사람 - 기타,안전운전불이행,건조,맑음,단일로 - 기타,승용,남,69세,상해없음,보행자,여,79세,중상
보행자사고,2022082800100275,2022년 8월 28일 15시,일요일,부산광역시 금정구 구서동,경상사고,0,0,1,0,차대사람 - 기타,안전운전불이행,건조,맑음,교차로 - 교차로부근,승용,남,67세,상해없음,보행자,남,48세,경상
보행자사고,2022082800100309,2022년 8월 28일 16시,일요일,부산광역시 중구 중앙동7가,중상사고,0,1,0,0,차대사람 - 횡단중,보행자보호의무위반,건조,맑음,교차로 - 교차로부근,화물,남,38세,상해없음,보행자,남,69세,중상
보행자사고,2022082800100479,2022년 8월 28일 22시,일요일,부산광역시 기장군 일광읍,경상사고,0,0,1,0,차대사람 - 횡단중,보행자보호의무위반,건조,맑음,단일로 - 기타,승용,남,30세,상해없음,보행자,남,28세,경상
보행자사고,2022082900100003,2022년 8월 29일 00시,월요일,부산광역시 부산진구 범천동,경상사고,0,0,1,0,차대사람 - 횡단중,안전운전불이행,건조,맑음,단일로 - 기타,승용,남,75세,상해없음,보행자,여,44세,경상
보행자사고,2022082900100027,2022년 8월 29일 05시,월요일,부산광역시 남구 대연동,중상사고,0,1,0,0,차대사람 - 보도통행중,보행자보호의무위반,건조,맑음,교차로 - 교차로횡단보도내,승용,남,42세,상해없음,보행자,여,83세,중상
보행자사고,2022082900100233,2022년 8월 29일 12시,월요일,부산광역시 금정구 구서동,경상사고,0,0,1,0,차대사람 - 횡단중,안전운전불이행,건조,맑음,교차로 - 교차로안,승용,남,57세,상해없음,보행자,여,72세,경상
보행자사고,2022082900100307,2022년 8월 29일 14시,월요일,부산광역시 강서구 녹산동,중상사고,0,2,0,0,차대사람 - 차도통행중,안전운전불이행,건조,맑음,교차로 - 교차로부근,화물,남,40세,중상,보행자,여,70세,중상
보행자사고,2022082900100371,2022년 8월 29일 16시,월요일,부산광역시 부산진구 부전동,경상사고,0,0,1,0,차대사람 - 횡단중,보행자보호의무위반,건조,맑음,교차로 - 교차로횡단보도내,화물,남,21세,상해없음,보행자,남,54세,경상
보행자사고,2022082900100603,2022년 8월 29일 23시,월요일,부산광역시 부산진구 부암동,중상사고,0,1,0,0,차대사람 - 횡단중,안전운전불이행,건조,맑음,교차로 - 교차로안,승용,여,48세,상해없음,보행자,여,68세,중상
보행자사고,2022083000100136,2022년 8월 30일 09시,화요일,부산광역시 영도구 청학동,사망사고,1,0,0,0,차대사람 - 기타,안전운전불이행,건조,맑음,단일로 - 기타,건설기계,남,56세,상해없음,보행자,여,95세,사망
보행자사고,2022083000100166,2022년 8월 30일 10시,화요일,부산광역시 부산진구 전포동,중상사고,0,1,0,0,차대사람 - 기타,기타,건조,맑음,단일로 - 기타,승합,남,58세,상해없음,보행자,여,26세,중상
보행자사고,2022083000100196,2022년 8월 30일 11시,화요일,부산광역시 수영구 수영동,경상사고,0,0,1,0,차대사람 - 기타,안전운전불이행,건조,맑음,단일로 - 기타,화물,남,77세,상해없음,보행자,남,63세,경상
보행자사고,2022083000100355,2022년 8월 30일 16시,화요일,부산광역시 북구 만덕동,경상사고,0,0,1,0,차대사람 - 횡단중,기타,건조,맑음,교차로 - 교차로횡단보도내,승용,여,57세,상해없음,보행자,여,57세,경상
보행자사고,2022083000100395,2022년 8월 30일 17시,화요일,부산광역시 수영구 망미동,중상사고,0,1,0,0,차대사람 - 길가장자리구역통행중,안전운전불이행,젖음/습기,맑음,교차로 - 교차로부근,이륜,남,56세,상해없음,보행자,여,56세,중상
보행자사고,2022083000100445,2022년 8월 30일 18시,화요일,부산광역시 부산진구 전포동,중상사고,0,1,0,0,차대사람 - 횡단중,보행자보호의무위반,젖음/습기,비,단일로 - 기타,승합,남,44세,상해없음,보행자,남,82세,중상
보행자사고,2022083000100516,2022년 8월 30일 20시,화요일,부산광역시 금정구 부곡동,경상사고,0,0,1,0,차대사람 - 횡단중,보행자보호의무위반,젖음/습기,비,교차로 - 교차로안,승용,남,22세,상해없음,보행자,여,64세,경상
보행자사고,2022083000100593,2022년 8월 30일 23시,화요일,부산광역시 사상구 괘법동,중상사고,0,1,0,0,차대사람 - 기타,안전운전불이행,건조,맑음,단일로 - 기타,화물,남,60세,상해없음,보행자,남,25세,중상
보행자사고,2022083100100153,2022년 8월 31일 10시,수요일,부산광역시 수영구 망미동,중상사고,0,1,0,0,차대사람 - 기타,안전운전불이행,젖음/습기,비,단일로 - 기타,승용,남,49세,상해없음,보행자,여,79세,중상
보행자사고,2022083100100235,2022년 8월 31일 13시,수요일,부산광역시 서구 아미동1가,경상사고,0,0,1,0,차대사람 - 기타,안전운전불이행,젖음/습기,흐림,단일로 - 기타,승용,남,78세,상해없음,보행자,여,64세,경상
보행자사고,2022083100100271,2022년 8월 31일 14시,수요일,부산광역시 사하구 하단동,중상사고,0,1,0,0,차대사람 - 기타,안전운전불이행,건조,맑음,기타 - 기타,승용,남,61세,상해없음,보행자,여,58세,중상
보행자사고,2022083100100301,2022년 8월 31일 15시,수요일,부산광역시 해운대구 반여동,경상사고,0,0,1,0,차대사람 - 횡단중,안전운전불이행,건조,맑음,교차로 - 교차로부근,승용,남,71세,상해없음,보행자,남,32세,경상
보행자사고,2022083100100331,2022년 8월 31일 16시,수요일,부산광역시 남구 대연동,중상사고,0,1,0,0,차대사람 - 길가장자리구역통행중,안전운전불이행,젖음/습기,비,단일로 - 기타,승용,여,28세,상해없음,보행자,여,26세,중상
보행자사고,2022083100100367,2022년 8월 31일 17시,수요일,부산광역시 금정구 서동,중상사고,0,1,0,0,차대사람 - 횡단중,보행자보호의무위반,건조,맑음,교차로 - 교차로안,승용,여,46세,상해없음,보행자,남,63세,중상
보행자사고,2.02208E+15,2022년 8월 31일 18시,수요일,부산광역시 부산진구 부전동,부상신고사고,0,0,0,1,차대사람 - 길가장자리구역통행중,안전운전불이행,건조,맑음,단일로 - 기타,화물,남,65세,상해없음,보행자,여,57세,부상신고
보행자사고,2022083100100544,2022년 8월 31일 23시,수요일,부산광역시 동구 초량동,부상신고사고,0,0,0,1,차대사람 - 기타,안전운전불이행,건조,맑음,단일로 - 기타,승용,남,39세,상해없음,보행자,남,37세,부상신고
보행자사고,2022090100100087,2022년 9월 1일 08시,목요일,부산광역시 수영구 남천동,중상사고,0,1,0,0,차대사람 - 횡단중,신호위반,건조,맑음,교차로 - 교차로부근,기타불명,기타불명,미분류,기타불명,보행자,여,23세,중상
보행자사고,2022090100100088,2022년 9월 1일 08시,목요일,부산광역시 남구 문현동,경상사고,0,0,1,0,차대사람 - 횡단중,보행자보호의무위반,건조,맑음,교차로 - 교차로횡단보도내,승용,남,44세,상해없음,보행자,남,49세,경상
보행자사고,2022090100100308,2022년 9월 1일 14시,목요일,부산광역시 금정구 금사동,중상사고,0,1,0,0,차대사람 - 기타,기타,건조,맑음,단일로 - 기타,승용,남,70세,상해없음,보행자,남,46세,중상
보행자사고,2.02209E+15,2022년 9월 1일 16시,목요일,부산광역시 중구 광복동2가,부상신고사고,0,0,0,1,차대사람 - 차도통행중,안전운전불이행,건조,맑음,교차로 - 교차로부근,승용,남,37세,상해없음,보행자,남,63세,부상신고
보행자사고,2022090100100381,2022년 9월 1일 16시,목요일,부산광역시 동구 범일동,중상사고,0,1,0,0,차대사람 - 횡단중,안전운전불이행,건조,맑음,단일로 - 기타,승용,여,50세,상해없음,보행자,남,48세,중상
보행자사고,2022090100100383,2022년 9월 1일 16시,목요일,부산광역시 해운대구 반여동,중상사고,0,1,0,0,차대사람 - 차도통행중,안전운전불이행,건조,맑음,단일로 - 기타,이륜,남,18세,상해없음,보행자,남,8세,중상
보행자사고,2022090100100386,2022년 9월 1일 16시,목요일,부산광역시 연제구 연산동,경상사고,0,0,1,0,차대사람 - 차도통행중,안전운전불이행,건조,맑음,단일로 - 기타,화물,남,56세,상해없음,보행자,남,53세,경상
보행자사고,2022090100100439,2022년 9월 1일 17시,목요일,부산광역시 사상구 덕포동,중상사고,0,1,1,0,차대사람 - 횡단중,보행자보호의무위반,건조,맑음,교차로 - 교차로횡단보도내,화물,남,26세,상해없음,보행자,여,68세,경상
보행자사고,2.02209E+15,2022년 9월 1일 17시,목요일,부산광역시 사상구 주례동,경상사고,0,0,1,0,차대사람 - 횡단중,보행자보호의무위반,건조,맑음,교차로 - 교차로부근,승용,남,66세,상해없음,보행자,남,5세,경상
보행자사고,2022090100100526,2022년 9월 1일 19시,목요일,부산광역시 사하구 당리동,중상사고,0,1,0,0,차대사람 - 횡단중,안전운전불이행,건조,맑음,단일로 - 기타,이륜,남,39세,상해없음,보행자,여,65세,중상
보행자사고,2022090100100593,2022년 9월 1일 21시,목요일,부산광역시 동래구 안락동,경상사고,0,0,1,0,차대사람 - 차도통행중,중앙선침범,젖음/습기,흐림,단일로 - 기타,승용,여,63세,상해없음,보행자,남,66세,경상
보행자사고,2022090100100616,2022년 9월 1일 22시,목요일,부산광역시 해운대구 우동,경상사고,0,0,1,0,차대사람 - 기타,안전운전불이행,건조,맑음,단일로 - 기타,승용,남,72세,상해없음,보행자,여,29세,경상
보행자사고,2022090200100006,2022년 9월 2일 00시,금요일,부산광역시 영도구 영선동4가,부상신고사고,0,0,0,1,차대사람 - 기타,안전운전불이행,젖음/습기,비,단일로 - 지하차도(도로)내,승용,남,55세,상해없음,보행자,남,37세,부상신고
보행자사고,2022090200100102,2022년 9월 2일 08시,금요일,부산광역시 중구 중앙동7가,부상신고사고,0,0,0,1,차대사람 - 기타,안전운전불이행,젖음/습기,비,교차로 - 교차로부근,승합,남,56세,상해없음,보행자,여,72세,부상신고
보행자사고,2022090200100196,2022년 9월 2일 10시,금요일,부산광역시 동구 초량동,중상사고,0,1,0,0,차대사람 - 횡단중,안전운전불이행,젖음/습기,비,교차로 - 교차로안,화물,남,65세,상해없음,보행자,여,79세,중상
보행자사고,2022090200100226,2022년 9월 2일 11시,금요일,부산광역시 강서구 대저1동,중상사고,0,1,0,0,차대사람 - 기타,안전운전불이행,젖음/습기,비,교차로 - 교차로안,승합,여,45세,상해없음,보행자,여,83세,중상
보행자사고,2022090200100426,2022년 9월 2일 16시,금요일,부산광역시 동구 초량동,중상사고,0,1,0,0,차대사람 - 기타,안전운전불이행,젖음/습기,비,교차로 - 교차로안,화물,남,62세,상해없음,보행자,남,53세,중상
보행자사고,2022090200100427,2022년 9월 2일 16시,금요일,부산광역시 수영구 광안동,중상사고,0,1,0,0,차대사람 - 길가장자리구역통행중,안전운전불이행,젖음/습기,비,단일로 - 기타,승용,여,43세,상해없음,보행자,여,51세,중상
보행자사고,2022090200100478,2022년 9월 2일 17시,금요일,부산광역시 부산진구 당감동,경상사고,0,0,1,0,차대사람 - 횡단중,신호위반,건조,맑음,교차로 - 교차로횡단보도내,승용,여,48세,상해없음,보행자,여,13세,경상
보행자사고,2.02209E+15,2022년 9월 2일 18시,금요일,부산광역시 부산진구 양정동,중상사고,0,1,0,0,차대사람 - 횡단중,보행자보호의무위반,건조,맑음,교차로 - 교차로부근,승용,여,38세,상해없음,보행자,여,76세,중상
보행자사고,2.02209E+15,2022년 9월 2일 19시,금요일,부산광역시 해운대구 우동,경상사고,0,0,1,0,차대사람 - 횡단중,보행자보호의무위반,젖음/습기,비,단일로 - 기타,화물,남,28세,상해없음,보행자,여,53세,경상
보행자사고,2022090200100665,2022년 9월 2일 21시,금요일,부산광역시 중구 영주동,중상사고,0,1,0,0,차대사람 - 횡단중,안전운전불이행,젖음/습기,비,단일로 - 기타,이륜,남,36세,상해없음,보행자,여,53세,중상
보행자사고,2022090200100693,2022년 9월 2일 22시,금요일,부산광역시 해운대구 우동,중상사고,0,1,0,0,차대사람 - 차도통행중,안전운전불이행,젖음/습기,비,교차로 - 교차로부근,승용,남,57세,상해없음,보행자,여,22세,중상
보행자사고,2022090300100003,2022년 9월 3일 00시,토요일,부산광역시 금정구 부곡동,경상사고,0,0,1,0,차대사람 - 기타,안전운전불이행,건조,맑음,단일로 - 기타,승용,남,58세,상해없음,보행자,남,57세,경상
보행자사고,2022090300100004,2022년 9월 3일 00시,토요일,부산광역시 기장군 기장읍,경상사고,0,0,1,0,차대사람 - 기타,안전운전불이행,젖음/습기,비,단일로 - 기타,승용,남,75세,상해없음,보행자,남,21세,경상
보행자사고,2022090300100069,2022년 9월 3일 05시,토요일,부산광역시 해운대구 우동,사망사고,1,0,0,0,차대사람 - 차도통행중,기타,젖음/습기,비,교차로 - 교차로횡단보도내,승용,남,66세,상해없음,보행자,여,63세,사망