사고부문,사고번호,사고일시,요일,시군구,사고내용,사망자수,중상자수,경상자수,부상신고자수,사고유형,법규위반,노면상태,기상상태,도로형태,가해운전자 차종,가해운전자 성별,가해운전자 연령,가해운전자 상해정도,피해운전자 차종,피해운전자 성별,피해운전자 연령,피해운전자 상해정도
보행자사고,2022090300100285,2022년 9월 3일 13시,토요일,부산광역시 남구 문현동,중상사고,0,1,0,0,차대사람 - 횡단중,안전운전불이행,건조,맑음,단일로 - 기타,이륜,남,21세,상해없음,보행자,남,8세,중상
보행자사고,2022090300100564,2022년 9월 3일 21시,토요일,부산광역시 사하구 괴정동,경상사고,0,0,1,0,차대사람 - 길가장자리구역통행중,안전운전불이행,젖음/습기,비,단일로 - 기타,승용,여,51세,상해없음,보행자,여,49세,경상
보행자사고,2022090300100618,2022년 9월 3일 23시,토요일,부산광역시 영도구 대교동1가,경상사고,0,0,2,0,차대사람 - 기타,안전운전불이행,젖음/습기,비,교차로 - 교차로부근,이륜,남,64세,상해없음,보행자,남,47세,경상
보행자사고,2022090400100098,2022년 9월 4일 10시,일요일,부산광역시 동래구 사직동,중상사고,0,1,0,0,차대사람 - 횡단중,신호위반,젖음/습기,비,교차로 - 교차로안,승용,여,55세,상해없음,보행자,남,10세,중상
보행자사고,2022090400100102,2022년 9월 4일 10시,일요일,부산광역시 기장군 일광읍,경상사고,0,0,1,0,차대사람 - 보도통행중,보행자보호의무위반,건조,맑음,단일로 - 기타,승용,남,66세,상해없음,보행자,남,82세,경상
보행자사고,2022090400100154,2022년 9월 4일 12시,일요일,부산광역시 중구 부평동2가,중상사고,0,1,0,0,차대사람 - 기타,안전운전불이행,건조,맑음,단일로 - 기타,승용,여,57세,상해없음,보행자,여,67세,중상
보행자사고,2022090400100322,2022년 9월 4일 17시,일요일,부산광역시 부산진구 범천동,중상사고,0,1,0,0,차대사람 - 기타,안전운전불이행,건조,맑음,단일로 - 기타,승용,남,57세,상해없음,보행자,남,65세,중상
보행자사고,2022090500100001,2022년 9월 5일 00시,월요일,부산광역시 동래구 온천동,중상사고,0,1,0,0,차대사람 - 횡단중,안전운전불이행,건조,맑음,교차로 - 교차로안,이륜,남,36세,상해없음,보행자,남,53세,중상
보행자사고,2022090500100002,2022년 9월 5일 00시,월요일,부산광역시 사하구 감천동,중상사고,0,1,0,0,차대사람 - 기타,안전운전불이행,건조,맑음,단일로 - 기타,승용,남,57세,상해없음,보행자,여,60세,중상
보행자사고,2022090500100088,2022년 9월 5일 08시,월요일,부산광역시 연제구 거제동,경상사고,0,0,1,0,차대사람 - 기타,안전운전불이행,건조,맑음,교차로 - 교차로안,승합,남,66세,상해없음,보행자,여,53세,경상
보행자사고,2022090500100137,2022년 9월 5일 09시,월요일,부산광역시 사상구 감전동,중상사고,0,1,0,0,차대사람 - 횡단중,보행자보호의무위반,건조,맑음,교차로 - 교차로안,승용,여,50세,상해없음,보행자,여,64세,중상
보행자사고,2022090500100337,2022년 9월 5일 16시,월요일,부산광역시 해운대구 반여동,경상사고,0,0,1,0,차대사람 - 횡단중,보행자보호의무위반,젖음/습기,비,교차로 - 교차로횡단보도내,승용,남,59세,상해없음,보행자,남,44세,경상
보행자사고,2022090500100378,2022년 9월 5일 17시,월요일,부산광역시 금정구 금사동,경상사고,0,0,1,0,차대사람 - 기타,안전운전불이행,젖음/습기,흐림,교차로 - 교차로안,승용,남,60세,상해없음,보행자,남,47세,경상
보행자사고,2022090500100587,2022년 9월 5일 21시,월요일,부산광역시 부산진구 초읍동,중상사고,0,1,0,0,차대사람 - 보도통행중,기타,젖음/습기,비,기타 - 기타,승용,여,54세,상해없음,보행자,남,45세,중상
보행자사고,2022090600100126,2022년 9월 6일 10시,화요일,부산광역시 해운대구 재송동,부상신고사고,0,0,0,1,차대사람 - 기타,안전운전불이행,건조,맑음,단일로 - 기타,화물,남,54세,상해없음,보행자,남,41세,부상신고
보행자사고,2022090600100175,2022년 9월 6일 12시,화요일,부산광역시 부산진구 부전동,중상사고,0,1,0,0,차대사람 - 기타,보행자보호의무위반,건조,맑음,교차로 - 교차로횡단보도내,이륜,남,36세,상해없음,보행자,남,19세,중상
보행자사고,2022090600100291,2022년 9월 6일 15시,화요일,부산광역시 금정구 서동,경상사고,0,0,1,0,차대사람 - 횡단중,안전운전불이행,건조,맑음,교차로 - 교차로안,화물,남,47세,상해없음,보행자,남,77세,경상
보행자사고,2022090600100328,2022년 9월 6일 16시,화요일,부산광역시 금정구 서동,중상사고,0,1,0,0,차대사람 - 횡단중,보행자보호의무위반,건조,맑음,교차로 - 교차로부근,화물,남,31세,상해없음,보행자,여,72세,중상
보행자사고,2.02209E+15,2022년 9월 6일 17시,화요일,부산광역시 사하구 괴정동,중상사고,0,1,0,0,차대사람 - 횡단중,안전운전불이행,건조,맑음,단일로 - 기타,이륜,남,58세,상해없음,보행자,남,72세,중상
보행자사고,2022090700100025,2022년 9월 7일 02시,수요일,부산광역시 수영구 민락동,중상사고,0,1,0,0,차대사람 - 차도통행중,안전운전불이행,건조,맑음,단일로 - 기타,승용,여,24세,상해없음,보행자,여,24세,중상
보행자사고,2.02209E+15,2022년 9월 7일 04시,수요일,부산광역시 부산진구 개금동,부상신고사고,0,0,0,1,차대사람 - 기타,안전운전불이행,건조,맑음,교차로 - 교차로안,화물,남,39세,상해없음,보행자,남,78세,부상신고
보행자사고,2022090700100058,2022년 9월 7일 06시,수요일,부산광역시 남구 대연동,경상사고,0,0,1,0,차대사람 - 횡단중,신호위반,건조,맑음,단일로 - 기타,승용,남,64세,상해없음,보행자,남,39세,경상
보행자사고,2022090700100067,2022년 9월 7일 07시,수요일,부산광역시 남구 용호동,중상사고,0,1,0,0,차대사람 - 기타,안전운전불이행,건조,맑음,단일로 - 기타,승합,남,66세,상해없음,보행자,남,56세,중상
보행자사고,2022090700100069,2022년 9월 7일 07시,수요일,부산광역시 영도구 청학동,중상사고,0,1,0,0,차대사람 - 기타,보행자보호의무위반,건조,맑음,단일로 - 기타,승용,여,37세,상해없음,보행자,여,80세,중상
보행자사고,2.02209E+15,2022년 9월 7일 07시,수요일,부산광역시 부산진구 부전동,경상사고,0,0,1,0,차대사람 - 기타,안전운전불이행,건조,맑음,교차로 - 교차로부근,이륜,남,39세,상해없음,보행자,여,69세,경상
보행자사고,2022090700100072,2022년 9월 7일 07시,수요일,부산광역시 연제구 연산동,경상사고,0,0,1,0,차대사람 - 기타,안전운전불이행,건조,맑음,단일로 - 기타,승용,남,64세,상해없음,보행자,남,33세,경상
보행자사고,2022090700100329,2022년 9월 7일 13시,수요일,부산광역시 부산진구 범천동,경상사고,0,0,1,0,차대사람 - 차도통행중,안전운전불이행,건조,맑음,단일로 - 기타,승용,남,30세,상해없음,보행자,남,36세,경상
보행자사고,2022090700100363,2022년 9월 7일 14시,수요일,부산광역시 기장군 기장읍,경상사고,0,0,1,0,차대사람 - 기타,안전운전불이행,건조,맑음,단일로 - 기타,승용,여,63세,상해없음,보행자,남,78세,경상
보행자사고,2022090700100398,2022년 9월 7일 15시,수요일,부산광역시 남구 문현동,경상사고,0,0,1,0,차대사람 - 길가장자리구역통행중,안전운전불이행,건조,맑음,단일로 - 기타,승용,남,67세,상해없음,보행자,여,34세,경상
보행자사고,2022090700100438,2022년 9월 7일 16시,수요일,부산광역시 동구 수정동,경상사고,0,0,1,0,차대사람 - 횡단중,보행자보호의무위반,건조,맑음,교차로 - 교차로횡단보도내,이륜,남,58세,상해없음,보행자,여,58세,경상
보행자사고,2.02209E+15,2022년 9월 7일 16시,수요일,부산광역시 동래구 안락동,중상사고,0,1,0,0,차대사람 - 기타,안전운전불이행,건조,맑음,단일로 - 기타,화물,남,36세,상해없음,보행자,여,74세,중상
보행자사고,2022090700100549,2022년 9월 7일 18시,수요일,부산광역시 중구 대청동4가,중상사고,0,1,0,0,차대사람 - 기타,안전운전불이행,건조,맑음,교차로 - 교차로부근,승용,남,29세,상해없음,보행자,남,68세,중상
보행자사고,2022090700100725,2022년 9월 7일 23시,수요일,부산광역시 연제구 거제동,중상사고,0,1,0,0,차대사람 - 보도통행중,기타,건조,맑음,단일로 - 기타,개인형이동수단(PM),남,31세,상해없음,보행자,여,62세,중상
보행자사고,2.02209E+15,2022년 9월 8일 11시,목요일,부산광역시 서구 토성동2가,경상사고,0,0,1,0,차대사람 - 횡단중,안전운전불이행,건조,맑음,단일로 - 기타,승용,남,32세,상해없음,보행자,남,60세,경상
보행자사고,2022090800100299,2022년 9월 8일 13시,목요일,부산광역시 부산진구 부전동,중상사고,0,1,0,0,차대사람 - 기타,안전운전불이행,건조,맑음,단일로 - 기타,승용,남,81세,상해없음,보행자,남,72세,중상
보행자사고,2.02209E+15,2022년 9월 8일 13시,목요일,부산광역시 금정구 서동,중상사고,0,1,0,0,차대사람 - 횡단중,보행자보호의무위반,건조,맑음,교차로 - 교차로횡단보도내,화물,남,56세,상해없음,보행자,여,69세,중상
보행자사고,2022090800100404,2022년 9월 8일 15시,목요일,부산광역시 금정구 장전동,경상사고,0,0,1,0,차대사람 - 횡단중,보행자보호의무위반,건조,맑음,단일로 - 기타,승용,남,75세,상해없음,보행자,여,21세,경상
보행자사고,2022090800100465,2022년 9월 8일 16시,목요일,부산광역시 중구 남포동5가,부상신고사고,0,0,0,1,차대사람 - 기타,안전운전불이행,건조,맑음,교차로 - 교차로부근,승합,남,59세,상해없음,보행자,여,70세,부상신고
보행자사고,2022090800100466,2022년 9월 8일 16시,목요일,부산광역시 동구 초량동,중상사고,0,1,0,0,차대사람 - 기타,안전운전불이행,건조,맑음,단일로 - 기타,승용,남,54세,상해없음,보행자,남,9세,중상
보행자사고,2022090800100619,2022년 9월 8일 18시,목요일,부산광역시 동구 수정동,경상사고,0,0,1,0,차대사람 - 보도통행중,기타,건조,맑음,단일로 - 기타,이륜,남,49세,상해없음,보행자,여,19세,경상
보행자사고,2022090800100785,2022년 9월 8일 22시,목요일,부산광역시 중구 대청동1가,경상사고,0,0,1,0,차대사람 - 횡단중,신호위반,건조,맑음,단일로 - 기타,이륜,남,64세,상해없음,보행자,남,67세,경상
보행자사고,2022090800100786,2022년 9월 8일 22시,목요일,부산광역시 동래구 명륜동,경상사고,0,0,1,0,차대차 - 기타,안전운전불이행,건조,맑음,단일로 - 기타,승용,남,23세,상해없음,승용,남,49세,기타불명
보행자사고,2022090900100306,2022년 9월 9일 15시,금요일,부산광역시 해운대구 우동,경상사고,0,0,1,0,차대사람 - 보도통행중,기타,건조,맑음,기타 - 기타,자전거,기타불명,미분류,기타불명,보행자,여,67세,경상
보행자사고,2022090900100307,2022년 9월 9일 15시,금요일,부산광역시 사상구 감전동,경상사고,0,0,2,0,차대사람 - 차도통행중,안전운전불이행,건조,맑음,단일로 - 지하차도(도로)내,승용,여,28세,기타불명,보행자,남,10세,경상
보행자사고,2022090900100394,2022년 9월 9일 18시,금요일,부산광역시 기장군 정관읍,경상사고,0,0,1,0,차대사람 - 기타,안전운전불이행,건조,맑음,기타 - 기타,승용,남,69세,상해없음,보행자,남,7세,경상
보행자사고,2022090900100475,2022년 9월 9일 21시,금요일,부산광역시 부산진구 부전동,중상사고,0,1,0,0,차대사람 - 기타,안전운전불이행,건조,맑음,교차로 - 교차로안,승용,남,42세,상해없음,보행자,남,18세,중상
보행자사고,2022091000100002,2022년 9월 10일 00시,토요일,부산광역시 해운대구 재송동,경상사고,0,0,2,0,차대사람 - 길가장자리구역통행중,안전운전불이행,건조,맑음,교차로 - 교차로부근,승용,남,71세,상해없음,보행자,남,58세,경상
보행자사고,2022091000100096,2022년 9월 10일 10시,토요일,부산광역시 금정구 서동,경상사고,0,0,1,0,차대사람 - 횡단중,신호위반,건조,맑음,교차로 - 교차로횡단보도내,승용,남,63세,상해없음,보행자,여,72세,경상
보행자사고,2022091000100268,2022년 9월 10일 17시,토요일,부산광역시 중구 남포동5가,중상사고,0,1,0,0,차대사람 - 보도통행중,기타,건조,맑음,교차로 - 교차로부근,이륜,남,23세,상해없음,보행자,남,29세,중상
보행자사고,2022091000100376,2022년 9월 10일 23시,토요일,부산광역시 금정구 부곡동,중상사고,0,1,0,0,차대사람 - 횡단중,안전운전불이행,건조,맑음,교차로 - 교차로안,승용,남,67세,상해없음,보행자,여,50세,중상
보행자사고,2022091100100003,2022년 9월 11일 00시,일요일,부산광역시 북구 덕천동,경상사고,0,0,1,0,차대사람 - 기타,안전운전불이행,건조,맑음,단일로 - 기타,원동기,남,24세,상해없음,보행자,남,44세,경상
보행자사고,2022091100100136,2022년 9월 11일 13시,일요일,부산광역시 해운대구 우동,중상사고,0,1,0,0,차대사람 - 보도통행중,안전운전불이행,건조,맑음,단일로 - 기타,승용,남,66세,상해없음,보행자,여,18세,중상
보행자사고,2022091100100222,2022년 9월 11일 16시,일요일,부산광역시 북구 화명동,경상사고,0,0,1,0,차대사람 - 기타,기타,건조,맑음,기타 - 기타,승용,남,37세,상해없음,보행자,여,8세,경상
보행자사고,2022091100100242,2022년 9월 11일 17시,일요일,부산광역시 부산진구 부전동,중상사고,0,1,0,0,차대사람 - 보도통행중,안전운전불이행,건조,맑음,교차로 - 교차로부근,승용,여,25세,상해없음,보행자,여,52세,중상
보행자사고,2022091100100318,2022년 9월 11일 20시,일요일,부산광역시 연제구 연산동,경상사고,0,0,1,0,차대사람 - 기타,보행자보호의무위반,건조,맑음,교차로 - 교차로안,승용,남,30세,상해없음,보행자,남,14세,경상
보행자사고,2022091200100003,2022년 9월 12일 00시,월요일,부산광역시 금정구 부곡동,중상사고,0,1,0,0,차대사람 - 횡단중,안전운전불이행,건조,맑음,단일로 - 지하차도(도로)내,이륜,남,31세,상해없음,보행자,남,58세,중상
보행자사고,2022091300100002,2022년 9월 13일 00시,화요일,부산광역시 서구 토성동1가,중상사고,0,1,0,0,차대사람 - 횡단중,안전운전불이행,건조,맑음,단일로 - 기타,승용,여,24세,상해없음,보행자,남,61세,중상
보행자사고,2022091300100031,2022년 9월 13일 06시,화요일,부산광역시 사하구 감천동,중상사고,0,1,1,0,차대사람 - 횡단중,안전운전불이행,건조,맑음,단일로 - 기타,자전거,남,28세,경상,보행자,여,68세,중상
보행자사고,2022091300100156,2022년 9월 13일 11시,화요일,부산광역시 연제구 연산동,중상사고,0,1,0,0,차대사람 - 횡단중,보행자보호의무위반,건조,맑음,교차로 - 교차로횡단보도내,화물,남,33세,상해없음,보행자,남,70세,중상
보행자사고,2022091300100192,2022년 9월 13일 12시,화요일,부산광역시 사상구 주례동,사망사고,1,2,1,0,차대사람 - 보도통행중,안전운전불이행,건조,맑음,단일로 - 지하차도(도로)내,승용,여,54세,상해없음,보행자,여,18세,경상
보행자사고,2022091300100219,2022년 9월 13일 13시,화요일,부산광역시 사하구 감천동,중상사고,0,1,0,0,차대사람 - 횡단중,보행자보호의무위반,건조,맑음,기타 - 기타,화물,남,65세,상해없음,보행자,여,60세,중상
보행자사고,2022091300100416,2022년 9월 13일 19시,화요일,부산광역시 동래구 명륜동,중상사고,0,1,0,0,차대사람 - 횡단중,신호위반,건조,맑음,교차로 - 교차로안,승용,여,37세,상해없음,보행자,여,10세,중상
보행자사고,2022091300100417,2022년 9월 13일 19시,화요일,부산광역시 동래구 온천동,중상사고,0,1,0,0,차대사람 - 기타,보행자보호의무위반,건조,맑음,단일로 - 기타,승용,남,56세,상해없음,보행자,남,73세,중상
보행자사고,2022091300100418,2022년 9월 13일 19시,화요일,부산광역시 영도구 동삼동,중상사고,0,1,0,0,차대사람 - 기타,안전운전불이행,건조,맑음,교차로 - 교차로안,승용,남,35세,상해없음,보행자,남,61세,중상
보행자사고,2022091300100453,2022년 9월 13일 20시,화요일,부산광역시 기장군 기장읍,사망사고,1,0,0,0,차대사람 - 횡단중,기타,젖음/습기,비,교차로 - 교차로횡단보도내,승용,여,54세,상해없음,보행자,남,51세,사망
보행자사고,2022091400100043,2022년 9월 14일 07시,수요일,부산광역시 동래구 사직동,경상사고,0,0,1,0,차대사람 - 차도통행중,안전운전불이행,건조,맑음,교차로 - 교차로부근,승용,남,28세,상해없음,보행자,여,15세,경상
보행자사고,2022091400100128,2022년 9월 14일 09시,수요일,부산광역시 기장군 기장읍,부상신고사고,0,0,0,1,차대사람 - 기타,안전운전불이행,건조,맑음,단일로 - 기타,승용,여,36세,상해없음,보행자,남,48세,부상신고
보행자사고,2022091400100155,2022년 9월 14일 10시,수요일,부산광역시 동래구 사직동,중상사고,0,1,0,0,차대사람 - 횡단중,불법유턴,건조,맑음,교차로 - 교차로안,승용,남,36세,상해없음,보행자,여,67세,중상
보행자사고,2022091400100271,2022년 9월 14일 14시,수요일,부산광역시 서구 서대신동2가,경상사고,0,0,1,0,차대사람 - 횡단중,신호위반,건조,맑음,교차로 - 교차로횡단보도내,승용,남,37세,상해없음,보행자,남,62세,경상
보행자사고,2022091400100273,2022년 9월 14일 14시,수요일,부산광역시 영도구 대교동2가,중상사고,0,1,0,0,차대사람 - 차도통행중,안전운전불이행,건조,맑음,단일로 - 지하차도(도로)내,승용,남,41세,상해없음,보행자,여,61세,중상
보행자사고,2022091400100402,2022년 9월 14일 18시,수요일,부산광역시 북구 만덕동,경상사고,0,0,1,0,차대사람 - 기타,보행자보호의무위반,건조,맑음,교차로 - 교차로횡단보도내,승용,남,34세,상해없음,보행자,남,75세,경상
보행자사고,2022091400100403,2022년 9월 14일 18시,수요일,부산광역시 동래구 사직동,경상사고,0,0,1,0,차대사람 - 기타,안전운전불이행,건조,맑음,단일로 - 기타,승용,남,42세,상해없음,보행자,남,37세,경상
보행자사고,2.02209E+15,2022년 9월 14일 21시,수요일,부산광역시 금정구 장전동,경상사고,0,0,1,0,차대사람 - 보도통행중,기타,건조,맑음,교차로 - 교차로부근,개인형이동수단(PM),남,23세,상해없음,보행자,여,22세,경상
보행자사고,2022091400100515,2022년 9월 14일 22시,수요일,부산광역시 수영구 남천동,경상사고,0,0,1,0,차대사람 - 횡단중,보행자보호의무위반,건조,맑음,단일로 - 기타,승용,남,58세,상해없음,보행자,남,47세,경상
보행자사고,2022091500100119,2022년 9월 15일 09시,목요일,부산광역시 해운대구 반송동,중상사고,0,1,0,0,차대사람 - 기타,안전운전불이행,건조,맑음,단일로 - 기타,승용,남,74세,상해없음,보행자,여,75세,중상
보행자사고,2022091500100176,2022년 9월 15일 11시,목요일,부산광역시 사상구 주례동,경상사고,0,0,1,0,차대사람 - 횡단중,신호위반,건조,맑음,교차로 - 교차로부근,승용,남,40세,기타불명,보행자,여,67세,경상
보행자사고,2022091500100419,2022년 9월 15일 19시,목요일,부산광역시 연제구 연산동,경상사고,0,0,1,0,차대사람 - 기타,안전운전불이행,건조,맑음,단일로 - 기타,이륜,남,22세,상해없음,보행자,여,35세,경상
보행자사고,2022091500100486,2022년 9월 15일 21시,목요일,부산광역시 해운대구 중동,경상사고,0,0,1,0,차대사람 - 길가장자리구역통행중,보행자보호의무위반,건조,맑음,단일로 - 기타,승용,여,51세,상해없음,보행자,남,58세,경상
보행자사고,2022091600100023,2022년 9월 16일 02시,금요일,부산광역시 연제구 연산동,경상사고,0,0,1,0,차대사람 - 기타,안전운전불이행,건조,맑음,단일로 - 기타,이륜,남,18세,상해없음,보행자,남,30세,경상
보행자사고,2022091600100072,2022년 9월 16일 07시,금요일,부산광역시 동래구 온천동,경상사고,0,0,1,0,차대사람 - 기타,안전운전불이행,건조,맑음,단일로 - 기타,승용,여,57세,상해없음,보행자,여,32세,경상
보행자사고,2022091600100102,2022년 9월 16일 08시,금요일,부산광역시 해운대구 반여동,경상사고,0,0,1,0,차대사람 - 차도통행중,안전운전불이행,건조,맑음,단일로 - 기타,승용,여,34세,상해없음,보행자,남,50세,경상
보행자사고,2022091600100265,2022년 9월 16일 13시,금요일,부산광역시 기장군 기장읍,중상사고,0,1,0,0,차대사람 - 횡단중,보행자보호의무위반,건조,맑음,단일로 - 기타,승용,여,66세,상해없음,보행자,여,69세,중상
보행자사고,2022091600100325,2022년 9월 16일 15시,금요일,부산광역시 사상구 괘법동,경상사고,0,0,1,0,차대사람 - 횡단중,보행자보호의무위반,건조,맑음,교차로 - 교차로횡단보도내,이륜,남,53세,상해없음,보행자,남,29세,경상
보행자사고,2022091600100415,2022년 9월 16일 17시,금요일,부산광역시 동래구 명장동,경상사고,0,0,1,0,차대사람 - 횡단중,보행자보호의무위반,건조,맑음,단일로 - 기타,승용,남,49세,상해없음,보행자,남,10세,경상
보행자사고,2022091600100417,2022년 9월 16일 17시,금요일,부산광역시 해운대구 우동,경상사고,0,0,1,0,차대사람 - 기타,보행자보호의무위반,건조,맑음,단일로 - 기타,승용,남,30세,상해없음,보행자,남,6세,경상
보행자사고,2022091600100587,2022년 9월 16일 20시,금요일,부산광역시 연제구 연산동,경상사고,0,0,1,0,차대사람 - 횡단중,보행자보호의무위반,건조,맑음,교차로 - 교차로횡단보도내,승용,여,43세,상해없음,보행자,남,31세,경상
보행자사고,2022091700100135,2022년 9월 17일 09시,토요일,부산광역시 동래구 명륜동,중상사고,0,1,0,0,차대사람 - 기타,안전운전불이행,건조,맑음,단일로 - 기타,승용,남,46세,상해없음,보행자,여,80세,중상
보행자사고,2022091700100136,2022년 9월 17일 09시,토요일,부산광역시 부산진구 부전동,경상사고,0,0,1,0,차대사람 - 기타,안전운전불이행,건조,맑음,단일로 - 기타,자전거,남,56세,상해없음,보행자,여,83세,경상
보행자사고,2022091700100138,2022년 9월 17일 09시,토요일,부산광역시 금정구 서동,중상사고,0,1,0,0,차대사람 - 기타,안전운전불이행,건조,맑음,단일로 - 기타,승용,남,79세,상해없음,보행자,여,68세,중상
보행자사고,2022091700100345,2022년 9월 17일 15시,토요일,부산광역시 수영구 민락동,경상사고,0,0,1,0,차대사람 - 횡단중,안전운전불이행,건조,맑음,단일로 - 기타,승용,남,41세,상해없음,보행자,남,7세,경상
보행자사고,2022091700100462,2022년 9월 17일 18시,토요일,부산광역시 부산진구 부전동,중상사고,0,1,0,0,차대사람 - 기타,안전운전불이행,건조,맑음,교차로 - 교차로안,승용,남,33세,상해없음,보행자,남,62세,중상
보행자사고,2022091800100001,2022년 9월 18일 00시,일요일,부산광역시 북구 구포동,경상사고,0,0,1,0,차대사람 - 기타,기타,건조,맑음,기타 - 기타,승합,남,61세,상해없음,보행자,여,65세,경상
보행자사고,2.02209E+15,2022년 9월 18일 13시,일요일,부산광역시 부산진구 부전동,중상사고,0,1,0,0,차대사람 - 기타,기타,건조,기타,교차로 - 교차로부근,자전거,여,67세,기타불명,보행자,여,53세,중상
보행자사고,2022091800100237,2022년 9월 18일 16시,일요일,부산광역시 부산진구 범천동,경상사고,0,0,1,0,차대사람 - 횡단중,보행자보호의무위반,건조,맑음,교차로 - 교차로횡단보도내,승용,남,68세,상해없음,보행자,남,78세,경상
보행자사고,2022091800100304,2022년 9월 18일 18시,일요일,부산광역시 부산진구 당감동,중상사고,0,1,0,0,차대사람 - 횡단중,신호위반,젖음/습기,비,단일로 - 기타,승용,여,57세,상해없음,보행자,여,74세,중상
보행자사고,2022091800100305,2022년 9월 18일 18시,일요일,부산광역시 부산진구 부전동,중상사고,0,1,0,0,차대사람 - 횡단중,보행자보호의무위반,젖음/습기,비,교차로 - 교차로횡단보도내,승용,남,58세,상해없음,보행자,여,71세,중상
보행자사고,2022091800100338,2022년 9월 18일 19시,일요일,부산광역시 동래구 온천동,중상사고,0,1,0,0,차대사람 - 횡단중,신호위반,젖음/습기,비,교차로 - 교차로안,이륜,남,21세,상해없음,보행자,남,57세,중상
보행자사고,2022091800100373,2022년 9월 18일 20시,일요일,부산광역시 사하구 당리동,경상사고,0,0,2,0,차대사람 - 횡단중,신호위반,젖음/습기,비,단일로 - 기타,승용,여,56세,상해없음,보행자,여,39세,경상
보행자사고,2022091800100375,2022년 9월 18일 20시,일요일,부산광역시 기장군 정관읍,경상사고,0,0,1,0,차대사람 - 기타,안전운전불이행,건조,맑음,기타 - 기타,승용,남,47세,상해없음,보행자,남,72세,경상
보행자사고,2022091800100399,2022년 9월 18일 21시,일요일,부산광역시 북구 화명동,경상사고,0,0,1,0,차대사람 - 차도통행중,안전운전불이행,젖음/습기,비,교차로 - 교차로부근,승용,남,60세,상해없음,보행자,여,18세,경상
보행자사고,2022091800100419,2022년 9월 18일 22시,일요일,부산광역시 해운대구 좌동,경상사고,0,0,1,0,차대사람 - 기타,보행자보호의무위반,기타,비,단일로 - 기타,승합,남,59세,상해없음,보행자,남,35세,경상
보행자사고,2022091900100009,2022년 9월 19일 01시,월요일,부산광역시 기장군 장안읍,중상사고,0,1,0,0,차대사람 - 기타,안전운전불이행,건조,맑음,기타 - 기타,승용,남,58세,기타불명,보행자,남,84세,중상
보행자사고,2022091900100057,2022년 9월 19일 07시,월요일,부산광역시 금정구 서동,중상사고,0,1,0,0,차대사람 - 기타,안전운전불이행,건조,맑음,단일로 - 기타,화물,남,68세,상해없음,보행자,여,62세,중상
보행자사고,2022091900100172,2022년 9월 19일 11시,월요일,부산광역시 해운대구 좌동,중상사고,0,1,0,0,차대사람 - 기타,안전운전불이행,기타,맑음,기타 - 기타,승용,여,64세,상해없음,보행자,여,90세,중상
보행자사고,2022091900100495,2022년 9월 19일 20시,월요일,부산광역시 사상구 모라동,사망사고,1,0,0,0,차대사람 - 횡단중,안전운전불이행,건조,맑음,기타 - 기타,승합,남,37세,상해없음,보행자,여,71세,사망
보행자사고,2022091900100496,2022년 9월 19일 20시,월요일,부산광역시 사상구 학장동,경상사고,0,0,1,0,차대사람 - 기타,기타,건조,맑음,기타 - 기타,승용,남,64세,상해없음,보행자,남,61세,경상
보행자사고,2022091900100519,2022년 9월 19일 21시,월요일,부산광역시 해운대구 재송동,부상신고사고,0,0,0,1,차대사람 - 기타,안전운전불이행,건조,맑음,기타 - 기타,이륜,기타불명,미분류,기타불명,보행자,여,23세,부상신고
보행자사고,2.02209E+15,2022년 9월 19일 21시,월요일,부산광역시 부산진구 전포동,중상사고,0,1,0,0,차대사람 - 횡단중,보행자보호의무위반,건조,맑음,교차로 - 교차로횡단보도내,승용,여,25세,상해없음,보행자,남,17세,중상
보행자사고,2022092000100003,2022년 9월 20일 00시,화요일,부산광역시 동래구 명륜동,경상사고,0,0,1,0,차대사람 - 길가장자리구역통행중,안전운전불이행,건조,맑음,단일로 - 지하차도(도로)내,원동기,남,23세,상해없음,보행자,남,24세,경상
보행자사고,2022092000100137,2022년 9월 20일 09시,화요일,부산광역시 중구 부평동4가,부상신고사고,0,0,0,1,차대사람 - 횡단중,신호위반,건조,맑음,단일로 - 기타,화물,남,43세,상해없음,보행자,남,64세,부상신고
보행자사고,2022092000100302,2022년 9월 20일 14시,화요일,부산광역시 동래구 수안동,중상사고,0,1,0,0,차대사람 - 횡단중,보행자보호의무위반,건조,맑음,단일로 - 기타,승용,남,41세,상해없음,보행자,여,71세,중상
보행자사고,2022092000100304,2022년 9월 20일 14시,화요일,부산광역시 금정구 부곡동,경상사고,0,0,1,0,차대사람 - 보도통행중,기타,건조,맑음,기타 - 기타,원동기,여,53세,상해없음,보행자,여,44세,경상
보행자사고,2022092000100339,2022년 9월 20일 15시,화요일,부산광역시 남구 대연동,경상사고,0,0,1,0,차대사람 - 기타,기타,건조,맑음,기타 - 기타,승합,남,58세,상해없음,보행자,여,43세,경상
보행자사고,2022092000100382,2022년 9월 20일 16시,화요일,부산광역시 금정구 부곡동,경상사고,0,0,1,0,차대사람 - 횡단중,보행자보호의무위반,건조,맑음,교차로 - 교차로부근,승용,남,44세,상해없음,보행자,남,10세,경상
보행자사고,2022092000100383,2022년 9월 20일 16시,화요일,부산광역시 기장군 기장읍,경상사고,0,0,1,0,차대사람 - 차도통행중,안전운전불이행,건조,맑음,단일로 - 기타,승용,남,61세,상해없음,보행자,여,65세,경상