사고부문,사고번호,사고일시,요일,시군구,사고내용,사망자수,중상자수,경상자수,부상신고자수,사고유형,법규위반,노면상태,기상상태,도로형태,가해운전자 차종,가해운전자 성별,가해운전자 연령,가해운전자 상해정도,피해운전자 차종,피해운전자 성별,피해운전자 연령,피해운전자 상해정도
보행자사고,2022092000100518,2022년 9월 20일 19시,화요일,부산광역시 강서구 신호동,경상사고,0,0,1,0,차대사람 - 길가장자리구역통행중,안전운전불이행,건조,맑음,단일로 - 기타,화물,남,46세,상해없음,보행자,남,77세,경상
보행자사고,2022092000100615,2022년 9월 20일 22시,화요일,부산광역시 동래구 명륜동,경상사고,0,0,1,0,차대사람 - 횡단중,안전운전불이행,건조,맑음,단일로 - 기타,승용,남,35세,상해없음,보행자,남,62세,경상
보행자사고,2022092100100084,2022년 9월 21일 08시,수요일,부산광역시 해운대구 우동,경상사고,0,0,1,0,차대사람 - 기타,안전운전불이행,건조,맑음,단일로 - 기타,이륜,여,59세,상해없음,보행자,여,60세,경상
보행자사고,2022092100100123,2022년 9월 21일 09시,수요일,부산광역시 영도구 청학동,중상사고,0,1,0,0,차대사람 - 기타,안전운전불이행,건조,맑음,교차로 - 교차로안,승용,여,40세,상해없음,보행자,여,87세,중상
보행자사고,2022092100100126,2022년 9월 21일 09시,수요일,부산광역시 연제구 연산동,경상사고,0,0,1,0,차대사람 - 횡단중,보행자보호의무위반,건조,맑음,교차로 - 교차로안,승용,남,38세,상해없음,보행자,여,57세,경상
보행자사고,2022092100100246,2022년 9월 21일 12시,수요일,부산광역시 기장군 정관읍,중상사고,0,1,0,0,차대사람 - 기타,안전운전불이행,건조,맑음,단일로 - 기타,승합,남,64세,상해없음,보행자,여,75세,중상
보행자사고,2022092100100283,2022년 9월 21일 13시,수요일,부산광역시 해운대구 좌동,중상사고,0,1,0,0,차대사람 - 횡단중,보행자보호의무위반,기타,맑음,단일로 - 기타,승합,남,42세,상해없음,보행자,남,78세,중상
보행자사고,2022092100100319,2022년 9월 21일 14시,수요일,부산광역시 부산진구 부전동,경상사고,0,0,1,0,차대사람 - 기타,안전운전불이행,건조,맑음,기타 - 기타,승용,여,55세,기타불명,보행자,여,18세,경상
보행자사고,2.02209E+15,2022년 9월 21일 16시,수요일,부산광역시 수영구 남천동,경상사고,0,0,1,0,차대사람 - 횡단중,안전운전불이행,건조,맑음,교차로 - 교차로안,승용,남,77세,상해없음,보행자,남,44세,경상
보행자사고,2022092100100451,2022년 9월 21일 17시,수요일,부산광역시 수영구 민락동,부상신고사고,0,0,0,1,차대사람 - 기타,안전운전불이행,건조,맑음,단일로 - 기타,승합,남,54세,상해없음,보행자,여,70세,부상신고
보행자사고,2022092100100548,2022년 9월 21일 19시,수요일,부산광역시 해운대구 좌동,경상사고,0,0,1,0,차대사람 - 보도통행중,신호위반,건조,맑음,단일로 - 기타,이륜,남,33세,상해없음,보행자,여,12세,경상
보행자사고,2022092100100591,2022년 9월 21일 20시,수요일,부산광역시 연제구 연산동,경상사고,0,0,2,0,차대사람 - 기타,안전운전불이행,건조,맑음,단일로 - 기타,승용,여,29세,상해없음,보행자,남,67세,경상
보행자사고,2022092200100002,2022년 9월 22일 00시,목요일,부산광역시 동래구 낙민동,사망사고,1,0,0,0,차대사람 - 차도통행중,안전운전불이행,건조,맑음,단일로 - 기타,승용,남,73세,상해없음,보행자,여,77세,사망
보행자사고,2022092200100099,2022년 9월 22일 08시,목요일,부산광역시 부산진구 연지동,중상사고,0,1,0,0,차대사람 - 기타,기타,건조,맑음,기타 - 기타,승용,남,41세,상해없음,보행자,여,62세,중상
보행자사고,2022092200100101,2022년 9월 22일 08시,목요일,부산광역시 금정구 부곡동,중상사고,0,1,0,0,차대사람 - 기타,보행자보호의무위반,건조,맑음,단일로 - 기타,승용,남,69세,상해없음,보행자,남,62세,중상
보행자사고,2022092200100189,2022년 9월 22일 10시,목요일,부산광역시 동래구 사직동,중상사고,0,1,0,0,차대사람 - 횡단중,보행자보호의무위반,건조,맑음,단일로 - 지하차도(도로)내,승용,남,80세,상해없음,보행자,여,75세,중상
보행자사고,2022092200100222,2022년 9월 22일 11시,목요일,부산광역시 중구 중앙동6가,경상사고,0,0,1,0,차대사람 - 횡단중,신호위반,건조,맑음,단일로 - 기타,승합,남,42세,상해없음,보행자,여,64세,경상
보행자사고,2022092200100285,2022년 9월 22일 13시,목요일,부산광역시 부산진구 부전동,경상사고,0,0,1,0,차대사람 - 기타,안전운전불이행,건조,맑음,교차로 - 교차로안,승용,남,54세,상해없음,보행자,남,54세,경상
보행자사고,2022092200100343,2022년 9월 22일 15시,목요일,부산광역시 영도구 동삼동,경상사고,0,0,1,0,차대사람 - 차도통행중,안전운전불이행,건조,맑음,단일로 - 기타,화물,남,55세,상해없음,보행자,남,10세,경상
보행자사고,2022092200100386,2022년 9월 22일 16시,목요일,부산광역시 부산진구 전포동,중상사고,0,1,0,0,차대사람 - 횡단중,신호위반,건조,맑음,교차로 - 교차로부근,승용,남,61세,상해없음,보행자,여,23세,중상
보행자사고,2022092200100518,2022년 9월 22일 19시,목요일,부산광역시 사하구 하단동,경상사고,0,0,1,0,차대사람 - 보도통행중,기타,건조,맑음,기타 - 기타,개인형이동수단(PM),남,16세,상해없음,보행자,남,16세,경상
보행자사고,2022092200100633,2022년 9월 22일 23시,목요일,부산광역시 사하구 하단동,경상사고,0,0,1,0,차대사람 - 차도통행중,안전운전불이행,건조,맑음,단일로 - 지하차도(도로)내,승용,남,20세,상해없음,보행자,남,22세,경상
보행자사고,2022092300100158,2022년 9월 23일 10시,금요일,부산광역시 수영구 수영동,중상사고,0,1,0,0,차대사람 - 기타,안전운전불이행,건조,맑음,교차로 - 교차로안,화물,남,39세,상해없음,보행자,여,81세,중상
보행자사고,2.02209E+15,2022년 9월 23일 16시,금요일,부산광역시 금정구 서동,중상사고,0,1,0,0,차대사람 - 기타,안전운전불이행,건조,맑음,기타 - 기타,승용,여,66세,상해없음,보행자,여,49세,중상
보행자사고,2022092300100393,2022년 9월 23일 16시,금요일,부산광역시 기장군 기장읍,중상사고,0,1,0,0,차대사람 - 기타,안전운전불이행,건조,맑음,단일로 - 기타,승합,남,42세,상해없음,보행자,여,67세,중상
보행자사고,2022092300100583,2022년 9월 23일 20시,금요일,부산광역시 부산진구 전포동,경상사고,0,0,1,0,차대사람 - 차도통행중,안전운전불이행,건조,맑음,단일로 - 기타,원동기,여,31세,기타불명,보행자,여,26세,경상
보행자사고,2022092300100584,2022년 9월 23일 20시,금요일,부산광역시 금정구 서동,경상사고,0,0,1,0,차대사람 - 횡단중,보행자보호의무위반,건조,맑음,교차로 - 교차로안,승용,여,31세,상해없음,보행자,남,49세,경상
보행자사고,2022092400100109,2022년 9월 24일 09시,토요일,부산광역시 기장군 기장읍,중상사고,0,1,0,0,차대사람 - 기타,보행자보호의무위반,건조,맑음,교차로 - 교차로횡단보도내,승용,여,56세,상해없음,보행자,여,62세,중상
보행자사고,2022092400100174,2022년 9월 24일 11시,토요일,부산광역시 금정구 서동,경상사고,0,0,1,0,차대사람 - 기타,안전운전불이행,건조,맑음,교차로 - 교차로안,승용,남,70세,상해없음,보행자,여,68세,경상
보행자사고,2022092400100225,2022년 9월 24일 12시,토요일,부산광역시 서구 아미동2가,경상사고,0,0,1,0,차대사람 - 횡단중,신호위반,건조,맑음,교차로 - 교차로안,승용,남,51세,상해없음,보행자,남,76세,경상
보행자사고,2022092400100332,2022년 9월 24일 14시,토요일,부산광역시 중구 부평동1가,중상사고,0,1,0,0,차대사람 - 횡단중,안전운전불이행,건조,맑음,단일로 - 기타,이륜,남,22세,상해없음,보행자,여,64세,중상
보행자사고,2022092400100493,2022년 9월 24일 18시,토요일,부산광역시 부산진구 부전동,부상신고사고,0,0,0,1,차대사람 - 기타,안전운전불이행,건조,맑음,단일로 - 기타,승용,남,73세,상해없음,보행자,남,66세,부상신고
보행자사고,2022092400100613,2022년 9월 24일 22시,토요일,부산광역시 사상구 주례동,중상사고,0,1,0,1,차대사람 - 횡단중,보행자보호의무위반,건조,맑음,교차로 - 교차로안,이륜,남,20세,부상신고,보행자,남,59세,중상
보행자사고,2022092500100049,2022년 9월 25일 05시,일요일,부산광역시 사상구 괘법동,중상사고,0,1,0,0,차대사람 - 횡단중,안전운전불이행,건조,맑음,교차로 - 교차로부근,이륜,남,18세,상해없음,보행자,남,72세,중상
보행자사고,2022092500100072,2022년 9월 25일 08시,일요일,부산광역시 남구 문현동,중상사고,0,1,0,0,차대사람 - 보도통행중,안전운전불이행,건조,맑음,단일로 - 기타,승용,남,50세,상해없음,보행자,남,87세,중상
보행자사고,2022092500100367,2022년 9월 25일 19시,일요일,부산광역시 수영구 남천동,경상사고,0,0,1,0,차대사람 - 차도통행중,안전운전불이행,건조,맑음,단일로 - 기타,이륜,남,30세,상해없음,보행자,여,9세,경상
보행자사고,2022092500100409,2022년 9월 25일 20시,일요일,부산광역시 부산진구 부전동,경상사고,0,0,1,0,차대사람 - 횡단중,보행자보호의무위반,건조,맑음,교차로 - 교차로횡단보도내,승용,남,36세,상해없음,보행자,남,59세,경상
보행자사고,2022092600100089,2022년 9월 26일 08시,월요일,부산광역시 해운대구 우동,중상사고,0,1,0,0,차대사람 - 횡단중,신호위반,건조,맑음,교차로 - 교차로횡단보도내,승용,여,69세,상해없음,보행자,여,74세,중상
보행자사고,2022092600100142,2022년 9월 26일 09시,월요일,부산광역시 북구 구포동,중상사고,0,1,0,0,차대사람 - 기타,안전운전불이행,건조,맑음,단일로 - 기타,화물,남,28세,상해없음,보행자,여,61세,중상
보행자사고,2022092600100446,2022년 9월 26일 18시,월요일,부산광역시 금정구 부곡동,중상사고,0,1,0,0,차대사람 - 횡단중,보행자보호의무위반,건조,맑음,교차로 - 교차로횡단보도내,승용,여,61세,상해없음,보행자,여,63세,중상
보행자사고,2022092600100488,2022년 9월 26일 19시,월요일,부산광역시 부산진구 연지동,경상사고,0,0,1,0,차대사람 - 기타,보행자보호의무위반,젖음/습기,비,기타 - 기타,승용,여,65세,상해없음,보행자,남,59세,경상
보행자사고,2022092600100528,2022년 9월 26일 20시,월요일,부산광역시 강서구 지사동,중상사고,0,1,0,0,차대사람 - 기타,안전운전불이행,건조,맑음,기타 - 기타,승용,남,49세,상해없음,보행자,남,62세,중상
보행자사고,2022092700100194,2022년 9월 27일 11시,화요일,부산광역시 해운대구 반송동,중상사고,0,1,0,0,차대사람 - 횡단중,보행자보호의무위반,건조,맑음,교차로 - 교차로부근,승용,여,71세,상해없음,보행자,여,61세,중상
보행자사고,2022092700100196,2022년 9월 27일 11시,화요일,부산광역시 금정구 장전동,경상사고,0,0,1,0,차대사람 - 보도통행중,기타,건조,맑음,단일로 - 기타,개인형이동수단(PM),남,19세,상해없음,보행자,남,44세,경상
보행자사고,2022092700100289,2022년 9월 27일 14시,화요일,부산광역시 금정구 부곡동,중상사고,0,1,0,0,차대사람 - 기타,안전운전불이행,건조,맑음,단일로 - 기타,화물,남,59세,상해없음,보행자,남,76세,중상
보행자사고,2022092700100311,2022년 9월 27일 15시,화요일,부산광역시 부산진구 당감동,중상사고,0,1,0,0,차대사람 - 기타,불법유턴,건조,맑음,단일로 - 기타,화물,남,48세,상해없음,보행자,여,85세,중상
보행자사고,2022092700100353,2022년 9월 27일 16시,화요일,부산광역시 동래구 온천동,경상사고,0,0,1,0,차대사람 - 길가장자리구역통행중,안전운전불이행,건조,맑음,단일로 - 기타,승용,남,68세,상해없음,보행자,남,50세,경상
보행자사고,2022092700100394,2022년 9월 27일 17시,화요일,부산광역시 부산진구 가야동,중상사고,0,1,0,0,차대사람 - 횡단중,보행자보호의무위반,건조,맑음,기타 - 기타,승용,남,70세,상해없음,보행자,여,77세,중상
보행자사고,2022092700100515,2022년 9월 27일 19시,화요일,부산광역시 동래구 안락동,경상사고,0,0,1,0,차대사람 - 보도통행중,보행자보호의무위반,건조,맑음,교차로 - 교차로횡단보도내,승용,남,25세,상해없음,보행자,남,48세,경상
보행자사고,2022092800100053,2022년 9월 28일 07시,수요일,부산광역시 남구 용호동,중상사고,0,1,0,0,차대사람 - 횡단중,보행자보호의무위반,건조,맑음,교차로 - 교차로안,화물,남,54세,상해없음,보행자,남,73세,중상
보행자사고,2022092800100188,2022년 9월 28일 11시,수요일,부산광역시 동래구 온천동,경상사고,0,0,1,0,차대사람 - 횡단중,보행자보호의무위반,건조,맑음,교차로 - 교차로안,화물,남,53세,기타불명,보행자,여,54세,경상
보행자사고,2022092800100189,2022년 9월 28일 11시,수요일,부산광역시 해운대구 반송동,경상사고,0,0,1,0,차대사람 - 횡단중,안전운전불이행,건조,맑음,교차로 - 교차로안,승용,남,60세,상해없음,보행자,여,65세,경상
보행자사고,2.02209E+15,2022년 9월 28일 11시,수요일,부산광역시 사하구 당리동,경상사고,0,0,1,0,차대사람 - 횡단중,보행자보호의무위반,건조,맑음,교차로 - 교차로안,승용,여,58세,상해없음,보행자,남,38세,경상
보행자사고,2022092800100217,2022년 9월 28일 12시,수요일,부산광역시 남구 대연동,경상사고,0,0,1,0,차대사람 - 횡단중,보행자보호의무위반,건조,맑음,교차로 - 교차로횡단보도내,승용,남,77세,기타불명,보행자,여,20세,경상
보행자사고,2022092800100251,2022년 9월 28일 13시,수요일,부산광역시 부산진구 개금동,중상사고,0,1,0,0,차대사람 - 횡단중,보행자보호의무위반,건조,맑음,교차로 - 교차로횡단보도내,승용,남,62세,상해없음,보행자,남,67세,중상
보행자사고,2022092800100275,2022년 9월 28일 14시,수요일,부산광역시 해운대구 중동,중상사고,0,1,0,0,차대사람 - 차도통행중,안전운전불이행,건조,맑음,단일로 - 기타,원동기,남,43세,상해없음,보행자,남,8세,중상
보행자사고,2022092800100361,2022년 9월 28일 16시,수요일,부산광역시 부산진구 범천동,중상사고,0,1,0,0,차대사람 - 기타,안전운전불이행,건조,맑음,단일로 - 기타,승합,남,60세,상해없음,보행자,여,85세,중상
보행자사고,2022092800100526,2022년 9월 28일 20시,수요일,부산광역시 사하구 괴정동,경상사고,0,0,1,0,차대사람 - 보도통행중,안전운전불이행,건조,맑음,단일로 - 지하차도(도로)내,기타불명,기타불명,미분류,기타불명,보행자,여,26세,경상
보행자사고,2022092900100001,2022년 9월 29일 00시,목요일,부산광역시 남구 대연동,중상사고,0,1,0,0,차대사람 - 기타,안전운전불이행,건조,맑음,단일로 - 기타,이륜,남,58세,상해없음,보행자,남,64세,중상
보행자사고,2022092900100136,2022년 9월 29일 09시,목요일,부산광역시 사상구 주례동,중상사고,0,1,0,0,차대사람 - 횡단중,신호위반,건조,맑음,교차로 - 교차로횡단보도내,승용,남,63세,상해없음,보행자,남,81세,중상
보행자사고,2022092900100167,2022년 9월 29일 10시,목요일,부산광역시 금정구 서동,중상사고,0,1,0,0,차대사람 - 횡단중,안전운전불이행,건조,맑음,교차로 - 교차로안,화물,남,39세,상해없음,보행자,여,72세,중상
보행자사고,2022092900100229,2022년 9월 29일 12시,목요일,부산광역시 북구 화명동,중상사고,0,1,0,0,차대사람 - 기타,보행자보호의무위반,건조,맑음,교차로 - 교차로횡단보도내,승용,남,58세,상해없음,보행자,남,7세,중상
보행자사고,2022092900100232,2022년 9월 29일 12시,목요일,부산광역시 사하구 장림동,중상사고,0,1,0,0,차대사람 - 기타,보행자보호의무위반,건조,맑음,교차로 - 교차로부근,화물,남,60세,상해없음,보행자,여,70세,중상
보행자사고,2022092900100301,2022년 9월 29일 14시,목요일,부산광역시 해운대구 반송동,경상사고,0,0,1,0,차대사람 - 보도통행중,안전운전불이행,건조,맑음,기타 - 기타,기타불명,남,72세,상해없음,보행자,여,32세,경상
보행자사고,2022092900100346,2022년 9월 29일 15시,목요일,부산광역시 서구 남부민동,부상신고사고,0,0,0,1,차대사람 - 횡단중,보행자보호의무위반,건조,맑음,단일로 - 기타,화물,남,59세,상해없음,보행자,여,63세,부상신고
보행자사고,2022092900100395,2022년 9월 29일 16시,목요일,부산광역시 서구 암남동,경상사고,0,0,1,0,차대사람 - 횡단중,안전운전불이행,건조,맑음,단일로 - 기타,승용,여,43세,상해없음,보행자,여,66세,경상
보행자사고,2022092900100431,2022년 9월 29일 17시,목요일,부산광역시 중구 남포동5가,경상사고,0,0,1,0,차대사람 - 기타,안전운전불이행,건조,맑음,단일로 - 기타,승용,여,28세,상해없음,보행자,남,70세,경상
보행자사고,2022092900100432,2022년 9월 29일 17시,목요일,부산광역시 남구 문현동,중상사고,0,1,0,0,차대사람 - 기타,안전운전불이행,건조,맑음,단일로 - 기타,원동기,남,38세,상해없음,보행자,남,46세,중상
보행자사고,2022092900100434,2022년 9월 29일 17시,목요일,부산광역시 금정구 장전동,부상신고사고,0,0,0,1,차대사람 - 횡단중,안전운전불이행,건조,맑음,단일로 - 기타,화물,남,42세,상해없음,보행자,남,20세,부상신고
보행자사고,2.02209E+15,2022년 9월 29일 18시,목요일,부산광역시 남구 문현동,경상사고,0,0,1,0,차대사람 - 차도통행중,보행자보호의무위반,건조,맑음,교차로 - 교차로안,승용,남,51세,상해없음,보행자,여,75세,경상
보행자사고,2022092900100481,2022년 9월 29일 18시,목요일,부산광역시 사상구 덕포동,중상사고,0,1,0,0,차대사람 - 횡단중,안전운전불이행,건조,맑음,단일로 - 기타,승용,남,54세,기타불명,보행자,남,32세,중상
보행자사고,2022092900100526,2022년 9월 29일 19시,목요일,부산광역시 동래구 온천동,경상사고,0,0,1,0,차대사람 - 차도통행중,안전운전불이행,건조,맑음,단일로 - 기타,승용,남,62세,상해없음,보행자,여,43세,경상
보행자사고,2022092900100583,2022년 9월 29일 21시,목요일,부산광역시 서구 서대신동3가,중상사고,0,1,0,0,차대사람 - 횡단중,안전운전불이행,건조,맑음,단일로 - 기타,승용,남,62세,상해없음,보행자,여,80세,중상
보행자사고,2022092900100618,2022년 9월 29일 23시,목요일,부산광역시 사상구 덕포동,중상사고,0,1,0,0,차대사람 - 횡단중,안전운전불이행,건조,맑음,단일로 - 기타,승용,여,54세,기타불명,보행자,남,61세,중상
보행자사고,2022093000100105,2022년 9월 30일 08시,금요일,부산광역시 북구 덕천동,경상사고,0,0,1,0,차대사람 - 차도통행중,안전운전불이행,건조,맑음,교차로 - 교차로부근,화물,남,54세,상해없음,보행자,남,28세,경상
보행자사고,2022093000100106,2022년 9월 30일 08시,금요일,부산광역시 해운대구 우동,중상사고,0,1,0,0,차대사람 - 차도통행중,안전운전불이행,건조,맑음,단일로 - 기타,자전거,남,13세,상해없음,보행자,여,49세,중상
보행자사고,2022093000100234,2022년 9월 30일 12시,금요일,부산광역시 영도구 동삼동,중상사고,0,1,0,0,차대사람 - 기타,안전운전불이행,건조,맑음,단일로 - 기타,승합,남,54세,기타불명,보행자,여,77세,중상
보행자사고,2022093000100306,2022년 9월 30일 14시,금요일,부산광역시 금정구 부곡동,중상사고,0,1,0,0,차대사람 - 횡단중,보행자보호의무위반,건조,맑음,교차로 - 교차로부근,승용,남,60세,상해없음,보행자,남,13세,중상
보행자사고,2022093000100384,2022년 9월 30일 16시,금요일,부산광역시 북구 덕천동,중상사고,0,1,0,0,차대사람 - 기타,안전운전불이행,건조,맑음,단일로 - 기타,승용,남,66세,상해없음,보행자,남,48세,중상
보행자사고,2022093000100505,2022년 9월 30일 18시,금요일,부산광역시 북구 화명동,경상사고,0,0,1,0,차대사람 - 횡단중,보행자보호의무위반,건조,맑음,단일로 - 기타,승용,남,39세,상해없음,보행자,남,11세,경상
보행자사고,2022093000100509,2022년 9월 30일 18시,금요일,부산광역시 수영구 망미동,경상사고,0,0,1,0,차대사람 - 횡단중,교차로운행방법위반,건조,맑음,교차로 - 교차로안,화물,남,56세,상해없음,보행자,여,41세,경상
보행자사고,2022100100100033,2022년 10월 1일 02시,토요일,부산광역시 남구 용호동,경상사고,0,0,1,0,차대사람 - 횡단중,신호위반,건조,맑음,교차로 - 교차로횡단보도내,승용,남,64세,상해없음,보행자,남,56세,경상
보행자사고,2.0221E+15,2022년 10월 1일 07시,토요일,부산광역시 남구 용당동,중상사고,0,1,0,0,차대사람 - 횡단중,신호위반,건조,맑음,교차로 - 교차로안,이륜,남,69세,상해없음,보행자,여,56세,중상
보행자사고,2022100100100102,2022년 10월 1일 07시,토요일,부산광역시 사상구 엄궁동,경상사고,0,0,1,0,차대차 - 기타,안전운전불이행,건조,맑음,단일로 - 기타,승용,남,49세,상해없음,승용,여,49세,기타불명
보행자사고,2.0221E+15,2022년 10월 1일 11시,토요일,부산광역시 서구 남부민동,경상사고,0,0,1,0,차대사람 - 기타,안전운전불이행,건조,맑음,기타 - 기타,이륜,남,33세,상해없음,보행자,남,78세,경상
보행자사고,2022100100100285,2022년 10월 1일 13시,토요일,부산광역시 해운대구 반송동,경상사고,0,0,1,0,차대사람 - 기타,신호위반,건조,맑음,교차로 - 교차로부근,승용,남,66세,상해없음,보행자,남,27세,경상
보행자사고,2022100100100444,2022년 10월 1일 17시,토요일,부산광역시 영도구 대평동1가,중상사고,0,1,0,0,차대사람 - 기타,신호위반,건조,맑음,단일로 - 기타,화물,남,60세,상해없음,보행자,여,2세,중상
보행자사고,2022100100100604,2022년 10월 1일 21시,토요일,부산광역시 해운대구 중동,중상사고,0,1,0,0,차대사람 - 횡단중,안전운전불이행,건조,맑음,교차로 - 교차로횡단보도내,승용,남,44세,상해없음,보행자,남,74세,중상
보행자사고,2022100100100641,2022년 10월 1일 22시,토요일,부산광역시 부산진구 부전동,경상사고,0,0,1,0,차대사람 - 기타,안전운전불이행,건조,맑음,단일로 - 기타,이륜,남,26세,상해없음,보행자,남,27세,경상
보행자사고,2022100200100274,2022년 10월 2일 17시,일요일,부산광역시 북구 만덕동,경상사고,0,0,1,0,차대사람 - 기타,안전운전불이행,건조,맑음,교차로 - 교차로안,승용,여,60세,상해없음,보행자,여,28세,경상
보행자사고,2022100200100375,2022년 10월 2일 20시,일요일,부산광역시 중구 부평동2가,경상사고,0,0,1,0,차대사람 - 기타,안전운전불이행,건조,맑음,단일로 - 기타,승용,여,29세,상해없음,보행자,여,57세,경상
보행자사고,2.0221E+15,2022년 10월 2일 21시,일요일,부산광역시 남구 용호동,경상사고,0,0,1,0,차대사람 - 기타,보행자보호의무위반,건조,맑음,교차로 - 교차로안,승용,남,76세,상해없음,보행자,여,66세,경상
보행자사고,2022100300100164,2022년 10월 3일 12시,월요일,부산광역시 서구 남부민동,경상사고,0,0,4,0,차대차 - 기타,신호위반,젖음/습기,흐림,교차로 - 교차로부근,승용,남,64세,상해없음,승용,여,33세,경상
보행자사고,2022100300100165,2022년 10월 3일 12시,월요일,부산광역시 동래구 온천동,경상사고,0,0,1,0,차대사람 - 횡단중,보행자보호의무위반,건조,맑음,교차로 - 교차로횡단보도내,화물,남,49세,상해없음,보행자,남,45세,경상
보행자사고,2022100300100188,2022년 10월 3일 13시,월요일,부산광역시 사하구 괴정동,중상사고,0,1,0,0,차대사람 - 기타,안전운전불이행,건조,맑음,교차로 - 교차로부근,승용,남,56세,상해없음,보행자,여,74세,중상
보행자사고,2.0221E+15,2022년 10월 3일 14시,월요일,부산광역시 기장군 정관읍,경상사고,0,0,1,0,차대사람 - 횡단중,신호위반,건조,흐림,교차로 - 교차로횡단보도내,이륜,남,43세,상해없음,보행자,남,7세,경상
보행자사고,2022100300100341,2022년 10월 3일 18시,월요일,부산광역시 금정구 서동,중상사고,0,1,0,0,차대사람 - 횡단중,보행자보호의무위반,건조,맑음,교차로 - 교차로안,이륜,남,46세,상해없음,보행자,여,61세,중상
보행자사고,2.0221E+15,2022년 10월 3일 20시,월요일,부산광역시 부산진구 부암동,경상사고,0,0,1,0,차대사람 - 기타,안전운전불이행,건조,맑음,단일로 - 기타,승용,남,72세,기타불명,보행자,여,19세,경상
보행자사고,2022100400100113,2022년 10월 4일 09시,화요일,부산광역시 사상구 주례동,경상사고,0,0,1,0,차대사람 - 기타,안전운전불이행,건조,맑음,기타 - 기타,승합,남,63세,상해없음,보행자,여,20세,경상
보행자사고,2022100400100179,2022년 10월 4일 11시,화요일,부산광역시 연제구 연산동,경상사고,0,0,1,0,차대사람 - 길가장자리구역통행중,안전운전불이행,젖음/습기,비,단일로 - 기타,승용,남,39세,상해없음,보행자,여,24세,경상
보행자사고,2022100400100221,2022년 10월 4일 12시,화요일,부산광역시 부산진구 양정동,경상사고,0,0,1,0,차대사람 - 기타,안전운전불이행,젖음/습기,비,단일로 - 기타,승용,남,79세,상해없음,보행자,남,38세,경상
보행자사고,2022100400100352,2022년 10월 4일 16시,화요일,부산광역시 해운대구 송정동,경상사고,0,0,1,0,차대사람 - 횡단중,안전운전불이행,젖음/습기,비,교차로 - 교차로부근,승합,남,51세,상해없음,보행자,남,77세,경상
보행자사고,2022100400100386,2022년 10월 4일 17시,화요일,부산광역시 동구 좌천동,중상사고,0,1,0,0,차대사람 - 횡단중,안전운전불이행,건조,맑음,교차로 - 교차로안,화물,남,53세,상해없음,보행자,여,57세,중상
보행자사고,2022100400100424,2022년 10월 4일 18시,화요일,부산광역시 기장군 정관읍,중상사고,0,1,1,0,차대차 - 기타,직진우회전진행방해,젖음/습기,흐림,교차로 - 교차로안,승용,여,51세,상해없음,승용,남,40세,상해없음
보행자사고,2022100400100559,2022년 10월 4일 23시,화요일,부산광역시 연제구 연산동,경상사고,0,0,1,0,차대사람 - 길가장자리구역통행중,안전운전불이행,건조,맑음,단일로 - 기타,승용,남,60세,상해없음,보행자,남,59세,경상
보행자사고,2022100500100013,2022년 10월 5일 01시,수요일,부산광역시 연제구 연산동,부상신고사고,0,0,0,1,차대사람 - 길가장자리구역통행중,안전운전불이행,건조,맑음,단일로 - 기타,승용,남,71세,상해없음,보행자,여,58세,부상신고
보행자사고,2022100500100024,2022년 10월 5일 03시,수요일,부산광역시 강서구 신호동,사망사고,1,0,0,0,차대사람 - 기타,중앙선침범,건조,맑음,단일로 - 기타,승용,남,25세,상해없음,보행자,남,33세,사망
보행자사고,2022100500100033,2022년 10월 5일 05시,수요일,부산광역시 동래구 온천동,중상사고,0,1,0,0,차대사람 - 횡단중,보행자보호의무위반,건조,맑음,교차로 - 교차로안,승용,남,73세,상해없음,보행자,남,70세,중상
보행자사고,2022100500100209,2022년 10월 5일 12시,수요일,부산광역시 남구 용당동,경상사고,0,0,1,0,차대사람 - 기타,안전운전불이행,건조,맑음,단일로 - 기타,건설기계,남,58세,상해없음,보행자,남,22세,경상
보행자사고,2.0221E+15,2022년 10월 5일 12시,수요일,부산광역시 강서구 강동동,경상사고,0,0,1,0,차대사람 - 길가장자리구역통행중,안전운전불이행,건조,맑음,교차로 - 교차로부근,화물,남,46세,상해없음,보행자,여,65세,경상
보행자사고,2022100500100272,2022년 10월 5일 14시,수요일,부산광역시 남구 용호동,중상사고,0,1,0,0,차대사람 - 기타,안전운전불이행,건조,맑음,교차로 - 교차로부근,승용,여,44세,상해없음,보행자,여,79세,중상
보행자사고,2022100500100273,2022년 10월 5일 14시,수요일,부산광역시 남구 용호동,경상사고,0,0,1,0,차대사람 - 기타,안전운전불이행,건조,맑음,단일로 - 기타,승용,남,55세,상해없음,보행자,여,81세,경상
보행자사고,2022100500100394,2022년 10월 5일 17시,수요일,부산광역시 수영구 남천동,경상사고,0,0,1,0,차대사람 - 길가장자리구역통행중,안전운전불이행,건조,맑음,단일로 - 기타,화물,남,82세,상해없음,보행자,여,14세,경상
보행자사고,2022100500100434,2022년 10월 5일 18시,수요일,부산광역시 북구 만덕동,부상신고사고,0,0,0,1,차대사람 - 기타,안전운전불이행,건조,맑음,단일로 - 기타,승용,여,60세,상해없음,보행자,남,41세,부상신고