사고부문,사고번호,사고일시,요일,시군구,사고내용,사망자수,중상자수,경상자수,부상신고자수,사고유형,법규위반,노면상태,기상상태,도로형태,가해운전자 차종,가해운전자 성별,가해운전자 연령,가해운전자 상해정도,피해운전자 차종,피해운전자 성별,피해운전자 연령,피해운전자 상해정도
보행자사고,2.0221E+15,2022년 10월 5일 19시,수요일,부산광역시 영도구 청학동,중상사고,0,1,0,0,차대사람 - 횡단중,안전운전불이행,건조,맑음,기타 - 기타,승용,남,38세,상해없음,보행자,여,61세,중상
보행자사고,2022100500100559,2022년 10월 5일 21시,수요일,부산광역시 해운대구 우동,중상사고,0,1,0,0,차대사람 - 횡단중,안전운전불이행,건조,맑음,단일로 - 기타,승용,남,69세,상해없음,보행자,여,13세,중상
보행자사고,2022100600100055,2022년 10월 6일 07시,목요일,부산광역시 남구 대연동,중상사고,0,1,0,0,차대사람 - 차도통행중,안전운전불이행,젖음/습기,맑음,교차로 - 교차로부근,건설기계,남,49세,상해없음,보행자,남,74세,중상
보행자사고,2022100600100083,2022년 10월 6일 08시,목요일,부산광역시 서구 동대신동1가,경상사고,0,0,1,0,차대사람 - 기타,안전운전불이행,건조,맑음,교차로 - 교차로부근,화물,남,61세,상해없음,보행자,여,69세,경상
보행자사고,2022100600100162,2022년 10월 6일 10시,목요일,부산광역시 금정구 서동,경상사고,0,0,1,0,차대사람 - 기타,안전운전불이행,건조,맑음,단일로 - 기타,승용,여,33세,상해없음,보행자,여,74세,경상
보행자사고,2022100600100309,2022년 10월 6일 15시,목요일,부산광역시 북구 구포동,경상사고,0,0,1,0,차대사람 - 횡단중,보행자보호의무위반,건조,맑음,교차로 - 교차로횡단보도내,승용,여,67세,상해없음,보행자,여,48세,경상
보행자사고,2022100600100351,2022년 10월 6일 16시,목요일,부산광역시 동구 수정동,중상사고,0,1,0,0,차대사람 - 차도통행중,보행자보호의무위반,건조,맑음,단일로 - 기타,자전거,남,47세,상해없음,보행자,여,73세,중상
보행자사고,2022100600100391,2022년 10월 6일 17시,목요일,부산광역시 부산진구 전포동,중상사고,0,1,0,0,차대사람 - 횡단중,보행자보호의무위반,건조,맑음,단일로 - 기타,이륜,여,22세,상해없음,보행자,여,49세,중상
보행자사고,2022100600100426,2022년 10월 6일 18시,목요일,부산광역시 기장군 정관읍,경상사고,0,0,1,0,차대사람 - 기타,안전운전불이행,건조,맑음,기타 - 기타,승용,남,53세,상해없음,보행자,남,7세,경상
보행자사고,2022100600100482,2022년 10월 6일 19시,목요일,부산광역시 남구 용호동,경상사고,0,0,1,0,차대사람 - 차도통행중,안전운전불이행,건조,맑음,단일로 - 기타,화물,남,67세,상해없음,보행자,남,16세,경상
보행자사고,2.0221E+15,2022년 10월 6일 21시,목요일,부산광역시 사하구 괴정동,경상사고,0,0,1,0,차대사람 - 기타,안전운전불이행,건조,맑음,단일로 - 지하차도(도로)내,승용,남,43세,상해없음,보행자,남,34세,경상
보행자사고,2022100600100577,2022년 10월 6일 22시,목요일,부산광역시 연제구 연산동,중상사고,0,1,0,0,차대사람 - 기타,중앙선침범,건조,맑음,단일로 - 기타,승용,남,30세,상해없음,보행자,남,64세,중상
보행자사고,2022100700100004,2022년 10월 7일 00시,금요일,부산광역시 북구 구포동,중상사고,0,1,0,0,차대사람 - 횡단중,안전운전불이행,건조,맑음,단일로 - 기타,승용,남,51세,상해없음,보행자,여,38세,중상
보행자사고,2022100700100029,2022년 10월 7일 04시,금요일,부산광역시 서구 초장동,중상사고,0,1,0,0,차대사람 - 횡단중,신호위반,젖음/습기,비,교차로 - 교차로안,승용,남,69세,상해없음,보행자,여,72세,중상
보행자사고,2022100700100072,2022년 10월 7일 07시,금요일,부산광역시 사하구 괴정동,중상사고,0,1,0,0,차대사람 - 기타,안전운전불이행,건조,맑음,단일로 - 기타,승용,여,41세,상해없음,보행자,남,73세,중상
보행자사고,2022100700100108,2022년 10월 7일 08시,금요일,부산광역시 남구 용호동,중상사고,0,1,0,0,차대사람 - 횡단중,안전운전불이행,건조,맑음,교차로 - 교차로안,승용,여,48세,상해없음,보행자,남,83세,중상
보행자사고,2022100700100109,2022년 10월 7일 08시,금요일,부산광역시 동래구 사직동,중상사고,0,1,0,0,차대사람 - 횡단중,보행자보호의무위반,건조,맑음,교차로 - 교차로횡단보도내,승용,남,44세,상해없음,보행자,남,13세,중상
보행자사고,2022100700100415,2022년 10월 7일 16시,금요일,부산광역시 남구 문현동,중상사고,0,1,0,0,차대사람 - 기타,안전운전불이행,건조,맑음,단일로 - 기타,승용,여,58세,상해없음,보행자,여,65세,중상
보행자사고,2022100700100416,2022년 10월 7일 16시,금요일,부산광역시 영도구 영선동2가,중상사고,0,1,0,0,차대사람 - 횡단중,보행자보호의무위반,건조,맑음,교차로 - 교차로부근,승용,남,33세,상해없음,보행자,여,9세,중상
보행자사고,2022100700100418,2022년 10월 7일 16시,금요일,부산광역시 사하구 하단동,경상사고,0,0,1,0,차대사람 - 기타,기타,건조,맑음,기타 - 기타,승용,남,71세,기타불명,보행자,남,67세,경상
보행자사고,2.0221E+15,2022년 10월 7일 16시,금요일,부산광역시 사상구 덕포동,중상사고,0,1,0,0,차대사람 - 횡단중,보행자보호의무위반,건조,맑음,교차로 - 교차로횡단보도내,승용,여,41세,상해없음,보행자,여,77세,중상
보행자사고,2022100700100508,2022년 10월 7일 18시,금요일,부산광역시 사상구 감전동,중상사고,0,1,0,0,차대사람 - 횡단중,안전운전불이행,건조,맑음,교차로 - 교차로안,승용,남,50세,상해없음,보행자,남,70세,중상
보행자사고,2022100700100565,2022년 10월 7일 19시,금요일,부산광역시 부산진구 전포동,중상사고,0,1,0,0,차대사람 - 횡단중,안전운전불이행,건조,맑음,교차로 - 교차로안,승용,남,32세,상해없음,보행자,여,70세,중상
보행자사고,2022100700100566,2022년 10월 7일 19시,금요일,부산광역시 부산진구 양정동,중상사고,0,1,0,0,차대사람 - 기타,안전운전불이행,건조,맑음,단일로 - 기타,승용,여,60세,상해없음,보행자,남,13세,중상
보행자사고,2022100700100607,2022년 10월 7일 20시,금요일,부산광역시 연제구 연산동,경상사고,0,0,1,0,차대사람 - 보도통행중,기타,건조,맑음,기타 - 기타,개인형이동수단(PM),남,18세,상해없음,보행자,여,52세,경상
보행자사고,2022100800100076,2022년 10월 8일 06시,토요일,부산광역시 수영구 광안동,사망사고,1,0,0,0,차대사람 - 횡단중,기타,건조,맑음,단일로 - 기타,승용,남,61세,상해없음,보행자,남,76세,사망
보행자사고,2.0221E+15,2022년 10월 8일 07시,토요일,부산광역시 중구 남포동6가,중상사고,0,1,0,0,차대사람 - 기타,안전운전불이행,건조,맑음,단일로 - 기타,자전거,남,77세,상해없음,보행자,여,60세,중상
보행자사고,2.0221E+15,2022년 10월 8일 08시,토요일,부산광역시 해운대구 재송동,중상사고,0,1,0,0,차대사람 - 기타,안전운전불이행,건조,맑음,기타 - 기타,화물,남,73세,상해없음,보행자,남,55세,중상
보행자사고,2022100800100293,2022년 10월 8일 13시,토요일,부산광역시 수영구 광안동,경상사고,0,0,1,0,차대사람 - 횡단중,안전운전불이행,건조,맑음,교차로 - 교차로안,승용,남,61세,상해없음,보행자,여,20세,경상
보행자사고,2022100800100539,2022년 10월 8일 19시,토요일,부산광역시 서구 초장동,경상사고,0,0,1,0,차대사람 - 기타,안전운전불이행,건조,맑음,단일로 - 기타,승용,남,57세,상해없음,보행자,남,25세,경상
보행자사고,2022100800100581,2022년 10월 8일 20시,토요일,부산광역시 수영구 민락동,경상사고,0,0,1,0,차대사람 - 기타,기타,건조,맑음,단일로 - 기타,자전거,여,31세,상해없음,보행자,여,32세,경상
보행자사고,2022100800100611,2022년 10월 8일 21시,토요일,부산광역시 북구 만덕동,중상사고,0,1,0,0,차대사람 - 횡단중,안전운전불이행,건조,맑음,교차로 - 교차로안,이륜,남,33세,상해없음,보행자,남,61세,중상
보행자사고,2022100800100612,2022년 10월 8일 21시,토요일,부산광역시 사하구 하단동,경상사고,0,0,1,0,차대사람 - 차도통행중,안전운전불이행,건조,맑음,교차로 - 교차로안,화물,남,57세,상해없음,보행자,남,41세,경상
보행자사고,2022100800100633,2022년 10월 8일 22시,토요일,부산광역시 중구 남포동5가,중상사고,0,1,0,0,차대사람 - 횡단중,안전운전불이행,건조,맑음,단일로 - 기타,이륜,남,27세,기타불명,보행자,남,71세,중상
보행자사고,2022100900100437,2022년 10월 9일 20시,일요일,부산광역시 중구 보수동1가,경상사고,0,0,1,0,차대사람 - 보도통행중,신호위반,젖음/습기,비,교차로 - 교차로안,이륜,남,31세,상해없음,보행자,남,32세,경상
보행자사고,2022100900100438,2022년 10월 9일 20시,일요일,부산광역시 남구 대연동,중상사고,0,1,0,0,차대사람 - 보도통행중,안전운전불이행,젖음/습기,비,단일로 - 기타,이륜,남,36세,상해없음,보행자,여,68세,중상
보행자사고,2.0221E+15,2022년 10월 9일 21시,일요일,부산광역시 사하구 장림동,경상사고,0,0,1,0,차대사람 - 횡단중,보행자보호의무위반,젖음/습기,비,단일로 - 기타,승용,여,40세,상해없음,보행자,여,24세,경상
보행자사고,2022101000100201,2022년 10월 10일 14시,월요일,부산광역시 금정구 장전동,경상사고,0,0,1,0,차대사람 - 차도통행중,안전운전불이행,건조,맑음,단일로 - 기타,승용,여,42세,상해없음,보행자,남,32세,경상
보행자사고,2.0221E+15,2022년 10월 10일 15시,월요일,부산광역시 기장군 기장읍,중상사고,0,1,0,0,차대사람 - 기타,안전운전불이행,건조,맑음,기타 - 기타,승용,여,44세,상해없음,보행자,여,38세,중상
보행자사고,2022101000100285,2022년 10월 10일 16시,월요일,부산광역시 금정구 구서동,경상사고,0,0,1,0,차대사람 - 기타,보행자보호의무위반,건조,맑음,교차로 - 교차로안,승합,남,61세,상해없음,보행자,남,36세,경상
보행자사고,2022101000100352,2022년 10월 10일 18시,월요일,부산광역시 강서구 명지동,경상사고,0,0,1,0,차대사람 - 보도통행중,기타,건조,맑음,기타 - 기타,자전거,남,12세,상해없음,보행자,여,31세,경상
보행자사고,2022101000100386,2022년 10월 10일 19시,월요일,부산광역시 사상구 괘법동,중상사고,0,1,0,0,차대사람 - 기타,안전운전불이행,건조,맑음,교차로 - 교차로부근,승용,남,35세,기타불명,보행자,남,77세,중상
보행자사고,2022101000100416,2022년 10월 10일 20시,월요일,부산광역시 사하구 장림동,경상사고,0,0,1,0,차대사람 - 횡단중,보행자보호의무위반,건조,맑음,교차로 - 교차로횡단보도내,승용,남,52세,상해없음,보행자,남,56세,경상
보행자사고,2022101000100464,2022년 10월 10일 22시,월요일,부산광역시 기장군 기장읍,경상사고,0,0,1,0,차대사람 - 기타,안전운전불이행,건조,맑음,기타 - 기타,기타불명,기타불명,미분류,기타불명,보행자,남,30세,경상
보행자사고,2022101100100142,2022년 10월 11일 09시,화요일,부산광역시 영도구 청학동,경상사고,0,0,1,0,차대사람 - 기타,안전운전불이행,건조,맑음,기타 - 기타,승용,남,62세,상해없음,보행자,여,75세,경상
보행자사고,2022101100100284,2022년 10월 11일 13시,화요일,부산광역시 중구 신창동1가,경상사고,0,0,1,0,차대사람 - 기타,안전운전불이행,건조,맑음,단일로 - 기타,승용,남,69세,상해없음,보행자,여,67세,경상
보행자사고,2022101100100321,2022년 10월 11일 14시,화요일,부산광역시 동구 초량동,중상사고,0,1,0,0,차대사람 - 횡단중,안전운전불이행,건조,맑음,단일로 - 기타,승용,남,40세,상해없음,보행자,남,90세,중상
보행자사고,2022101100100322,2022년 10월 11일 14시,화요일,부산광역시 해운대구 중동,경상사고,0,0,1,0,차대사람 - 기타,안전운전불이행,건조,맑음,교차로 - 교차로안,승용,남,69세,상해없음,보행자,여,48세,경상
보행자사고,2022101100100371,2022년 10월 11일 15시,화요일,부산광역시 수영구 광안동,경상사고,0,0,1,0,차대사람 - 횡단중,안전운전불이행,건조,맑음,단일로 - 기타,화물,남,64세,상해없음,보행자,여,35세,경상
보행자사고,2022101100100372,2022년 10월 11일 15시,화요일,부산광역시 남구 대연동,경상사고,0,0,1,0,차대사람 - 기타,안전운전불이행,건조,맑음,단일로 - 기타,기타불명,기타불명,미분류,기타불명,보행자,여,73세,경상
보행자사고,2022101100100373,2022년 10월 11일 15시,화요일,부산광역시 금정구 구서동,사망사고,1,0,0,0,차대사람 - 차도통행중,안전운전불이행,건조,맑음,단일로 - 기타,승합,남,26세,상해없음,보행자,여,80세,사망
보행자사고,2.0221E+15,2022년 10월 11일 17시,화요일,부산광역시 기장군 장안읍,중상사고,0,1,0,0,차대사람 - 기타,안전운전불이행,건조,맑음,단일로 - 기타,승합,여,52세,상해없음,보행자,여,5세,중상
보행자사고,2022101100100521,2022년 10월 11일 18시,화요일,부산광역시 동구 초량동,경상사고,0,0,1,0,차대사람 - 횡단중,보행자보호의무위반,건조,맑음,교차로 - 교차로횡단보도내,승용,여,63세,상해없음,보행자,남,34세,경상
보행자사고,2022101100100573,2022년 10월 11일 19시,화요일,부산광역시 동래구 낙민동,중상사고,0,1,0,0,차대사람 - 횡단중,안전운전불이행,건조,맑음,교차로 - 교차로안,승용,남,50세,상해없음,보행자,여,58세,중상
보행자사고,2022101100100575,2022년 10월 11일 19시,화요일,부산광역시 사하구 다대동,중상사고,0,1,0,0,차대사람 - 횡단중,보행자보호의무위반,건조,맑음,교차로 - 교차로횡단보도내,승합,남,62세,상해없음,보행자,여,39세,중상
보행자사고,2022101200100027,2022년 10월 12일 05시,수요일,부산광역시 서구 동대신동1가,중상사고,0,1,0,0,차대사람 - 기타,안전운전불이행,건조,맑음,단일로 - 기타,승용,남,57세,상해없음,보행자,여,76세,중상
보행자사고,2022101200100381,2022년 10월 12일 16시,수요일,부산광역시 서구 동대신동2가,경상사고,0,0,1,0,차대사람 - 횡단중,기타,건조,맑음,단일로 - 기타,승용,남,36세,상해없음,보행자,여,66세,경상
보행자사고,2022101200100429,2022년 10월 12일 17시,수요일,부산광역시 동래구 온천동,경상사고,0,0,1,0,차대사람 - 차도통행중,안전운전불이행,건조,맑음,단일로 - 기타,화물,남,39세,상해없음,보행자,여,10세,경상
보행자사고,2022101200100475,2022년 10월 12일 18시,수요일,부산광역시 해운대구 반여동,중상사고,0,1,0,0,차대사람 - 기타,안전운전불이행,건조,맑음,단일로 - 기타,이륜,남,29세,상해없음,보행자,여,10세,중상
보행자사고,2022101200100476,2022년 10월 12일 18시,수요일,부산광역시 연제구 연산동,중상사고,0,1,0,0,차대사람 - 횡단중,보행자보호의무위반,건조,맑음,단일로 - 기타,승용,여,55세,상해없음,보행자,남,50세,중상
보행자사고,2022101200100578,2022년 10월 12일 20시,수요일,부산광역시 사하구 괴정동,경상사고,0,0,1,0,차대사람 - 횡단중,신호위반,건조,맑음,단일로 - 기타,이륜,남,50세,상해없음,보행자,여,44세,경상
보행자사고,2022101300100005,2022년 10월 13일 00시,목요일,부산광역시 동래구 안락동,경상사고,0,0,1,0,차대사람 - 횡단중,보행자보호의무위반,건조,맑음,교차로 - 교차로횡단보도내,승용,남,38세,상해없음,보행자,남,42세,경상
보행자사고,2.0221E+15,2022년 10월 13일 08시,목요일,부산광역시 사하구 괴정동,경상사고,0,0,1,1,차대사람 - 횡단중,안전운전불이행,건조,맑음,단일로 - 기타,승용,여,52세,부상신고,보행자,여,13세,경상
보행자사고,2022101300100148,2022년 10월 13일 09시,목요일,부산광역시 해운대구 반여동,경상사고,0,0,1,0,차대사람 - 보도통행중,보행자보호의무위반,건조,맑음,교차로 - 교차로횡단보도내,승용,여,42세,상해없음,보행자,여,57세,경상
보행자사고,2022101300100225,2022년 10월 13일 11시,목요일,부산광역시 부산진구 전포동,경상사고,0,0,1,0,차대사람 - 기타,안전운전불이행,건조,맑음,기타 - 기타,승용,여,54세,상해없음,보행자,남,39세,경상
보행자사고,2022101300100314,2022년 10월 13일 14시,목요일,부산광역시 해운대구 중동,경상사고,0,0,1,0,차대사람 - 기타,안전운전불이행,건조,맑음,기타 - 기타,승용,여,60세,상해없음,보행자,남,89세,경상
보행자사고,2022101300100608,2022년 10월 13일 21시,목요일,부산광역시 사상구 덕포동,경상사고,0,0,1,0,차대사람 - 보도통행중,기타,건조,맑음,단일로 - 지하차도(도로)내,승용,남,66세,상해없음,보행자,남,33세,경상
보행자사고,2022101400100063,2022년 10월 14일 07시,금요일,부산광역시 금정구 부곡동,경상사고,0,0,1,0,차대사람 - 횡단중,보행자보호의무위반,건조,맑음,교차로 - 교차로안,승용,남,45세,상해없음,보행자,남,75세,경상
보행자사고,2022101400100179,2022년 10월 14일 11시,금요일,부산광역시 중구 창선동2가,경상사고,0,0,1,0,차대사람 - 차도통행중,안전운전불이행,건조,맑음,단일로 - 기타,화물,남,51세,상해없음,보행자,여,28세,경상
보행자사고,2022101400100219,2022년 10월 14일 12시,금요일,부산광역시 남구 우암동,경상사고,0,0,1,0,차대사람 - 기타,안전운전불이행,건조,맑음,주차장 - 주차장,승용,남,57세,상해없음,보행자,남,49세,경상
보행자사고,2022101400100308,2022년 10월 14일 14시,금요일,부산광역시 금정구 구서동,경상사고,0,0,1,0,차대사람 - 차도통행중,기타,건조,맑음,기타 - 기타,승용,남,40세,상해없음,보행자,여,75세,경상
보행자사고,2022101400100385,2022년 10월 14일 16시,금요일,부산광역시 부산진구 부전동,중상사고,0,3,0,0,차대사람 - 기타,안전운전불이행,건조,맑음,단일로 - 기타,이륜,남,18세,중상,보행자,남,74세,중상
보행자사고,2022101400100438,2022년 10월 14일 17시,금요일,부산광역시 금정구 구서동,경상사고,0,0,1,0,차대사람 - 횡단중,보행자보호의무위반,건조,맑음,단일로 - 기타,승용,여,54세,상해없음,보행자,남,15세,경상
보행자사고,2022101500100119,2022년 10월 15일 10시,토요일,부산광역시 해운대구 중동,경상사고,0,0,1,0,차대사람 - 기타,안전운전불이행,건조,맑음,기타 - 기타,이륜,여,52세,상해없음,보행자,여,34세,경상
보행자사고,2.0221E+15,2022년 10월 15일 10시,토요일,부산광역시 해운대구 반여동,중상사고,0,1,0,0,차대사람 - 기타,안전운전불이행,건조,맑음,단일로 - 기타,자전거,남,50세,상해없음,보행자,여,73세,중상
보행자사고,2.0221E+15,2022년 10월 15일 11시,토요일,부산광역시 동구 범일동,경상사고,0,0,1,0,차대사람 - 차도통행중,보행자보호의무위반,건조,맑음,단일로 - 기타,화물,남,46세,상해없음,보행자,남,39세,경상
보행자사고,2022101500100198,2022년 10월 15일 12시,토요일,부산광역시 동래구 사직동,중상사고,0,1,0,0,차대사람 - 횡단중,안전운전불이행,건조,맑음,단일로 - 기타,승용,남,37세,상해없음,보행자,여,78세,중상
보행자사고,2.0221E+15,2022년 10월 15일 12시,토요일,부산광역시 강서구 신호동,중상사고,0,1,0,0,차대사람 - 차도통행중,안전운전불이행,건조,맑음,교차로 - 교차로부근,승용,남,31세,상해없음,보행자,남,12세,중상
보행자사고,2022101500100451,2022년 10월 15일 18시,토요일,부산광역시 북구 만덕동,중상사고,0,1,0,0,차대사람 - 기타,안전운전불이행,건조,맑음,교차로 - 교차로부근,승용,남,39세,상해없음,보행자,여,55세,중상
보행자사고,2022101500100528,2022년 10월 15일 20시,토요일,부산광역시 부산진구 부전동,경상사고,0,0,1,0,차대사람 - 기타,안전운전불이행,건조,맑음,단일로 - 기타,승용,남,50세,상해없음,보행자,여,25세,경상
보행자사고,2022101500100586,2022년 10월 15일 22시,토요일,부산광역시 부산진구 범천동,경상사고,0,0,1,0,차대사람 - 기타,안전운전불이행,건조,맑음,교차로 - 교차로안,승용,남,73세,상해없음,보행자,남,63세,경상
보행자사고,2022101600100007,2022년 10월 16일 00시,일요일,부산광역시 부산진구 부암동,중상사고,0,1,0,0,차대사람 - 횡단중,신호위반,건조,맑음,교차로 - 교차로횡단보도내,승용,남,51세,상해없음,보행자,여,31세,중상
보행자사고,2022101600100081,2022년 10월 16일 07시,일요일,부산광역시 금정구 부곡동,경상사고,0,0,1,0,차대사람 - 차도통행중,안전운전불이행,건조,맑음,단일로 - 기타,자전거,남,46세,상해없음,보행자,여,75세,경상
보행자사고,2022101600100118,2022년 10월 16일 10시,일요일,부산광역시 금정구 부곡동,경상사고,0,0,1,0,차대사람 - 기타,안전운전불이행,건조,맑음,기타 - 기타,기타불명,기타불명,미분류,기타불명,보행자,남,22세,경상
보행자사고,2022101600100204,2022년 10월 16일 13시,일요일,부산광역시 동구 초량동,중상사고,0,1,0,0,차대사람 - 보도통행중,기타,건조,맑음,단일로 - 기타,승용,남,56세,상해없음,보행자,남,53세,중상
보행자사고,2022101600100225,2022년 10월 16일 14시,일요일,부산광역시 동래구 수안동,경상사고,0,0,1,0,차대사람 - 기타,불법유턴,건조,맑음,교차로 - 교차로안,승용,남,60세,상해없음,보행자,남,48세,경상
보행자사고,2022101700100139,2022년 10월 17일 09시,월요일,부산광역시 동래구 명장동,중상사고,0,1,0,0,차대사람 - 차도통행중,보행자보호의무위반,건조,맑음,단일로 - 기타,화물,남,69세,상해없음,보행자,여,72세,중상
보행자사고,2022101700100181,2022년 10월 17일 10시,월요일,부산광역시 서구 부민동2가,경상사고,0,0,1,0,차대사람 - 횡단중,신호위반,건조,맑음,교차로 - 교차로부근,원동기,남,22세,상해없음,보행자,여,20세,경상
보행자사고,2.0221E+15,2022년 10월 17일 11시,월요일,부산광역시 수영구 남천동,경상사고,0,0,1,0,차대사람 - 차도통행중,안전운전불이행,건조,맑음,교차로 - 교차로안,화물,남,40세,상해없음,보행자,남,76세,경상
보행자사고,2022101700100299,2022년 10월 17일 13시,월요일,부산광역시 수영구 남천동,중상사고,0,1,0,0,차대사람 - 횡단중,보행자보호의무위반,건조,맑음,기타 - 기타,승용,남,29세,상해없음,보행자,여,59세,중상
보행자사고,2022101700100644,2022년 10월 17일 20시,월요일,부산광역시 수영구 남천동,중상사고,0,3,1,0,차대사람 - 차도통행중,안전운전불이행,건조,맑음,단일로 - 기타,승용,여,70세,상해없음,보행자,남,57세,중상
보행자사고,2022101800100031,2022년 10월 18일 05시,화요일,부산광역시 연제구 연산동,경상사고,0,0,1,0,차대사람 - 횡단중,안전운전불이행,건조,맑음,기타 - 기타,승용,남,78세,상해없음,보행자,남,33세,경상
보행자사고,2022101800100204,2022년 10월 18일 11시,화요일,부산광역시 동래구 낙민동,중상사고,0,1,0,0,차대사람 - 횡단중,신호위반,건조,맑음,단일로 - 기타,화물,남,48세,상해없음,보행자,여,66세,중상
보행자사고,2022101800100262,2022년 10월 18일 13시,화요일,부산광역시 강서구 성북동,중상사고,0,1,0,0,차대사람 - 횡단중,안전운전불이행,건조,맑음,기타 - 기타,화물,남,55세,상해없음,보행자,남,63세,중상
보행자사고,2022101800100319,2022년 10월 18일 14시,화요일,부산광역시 부산진구 당감동,경상사고,0,0,1,0,차대사람 - 기타,안전운전불이행,건조,맑음,단일로 - 기타,화물,남,55세,상해없음,보행자,남,44세,경상
보행자사고,2.0221E+15,2022년 10월 18일 14시,화요일,부산광역시 수영구 수영동,경상사고,0,0,1,0,차대사람 - 길가장자리구역통행중,안전운전불이행,건조,맑음,단일로 - 기타,자전거,남,51세,상해없음,보행자,여,78세,경상
보행자사고,2022101800100359,2022년 10월 18일 15시,화요일,부산광역시 영도구 동삼동,경상사고,0,0,1,0,차대사람 - 기타,보행자보호의무위반,건조,맑음,교차로 - 교차로부근,승용,여,30세,상해없음,보행자,여,58세,경상
보행자사고,2022101800100409,2022년 10월 18일 16시,화요일,부산광역시 강서구 대저1동,경상사고,0,0,1,0,차대사람 - 횡단중,보행자보호의무위반,건조,맑음,교차로 - 교차로횡단보도내,화물,남,49세,상해없음,보행자,여,33세,경상
보행자사고,2.0221E+15,2022년 10월 18일 17시,화요일,부산광역시 중구 동광동3가,경상사고,0,0,1,0,차대사람 - 보도통행중,기타,건조,맑음,단일로 - 기타,이륜,남,24세,상해없음,보행자,여,22세,경상
보행자사고,2022101800100602,2022년 10월 18일 20시,화요일,부산광역시 동래구 온천동,경상사고,0,0,1,0,차대사람 - 횡단중,안전운전불이행,건조,맑음,단일로 - 기타,승용,남,76세,상해없음,보행자,남,77세,경상
보행자사고,2022101900100002,2022년 10월 19일 00시,수요일,부산광역시 북구 구포동,경상사고,0,0,1,0,차대사람 - 차도통행중,안전운전불이행,건조,맑음,기타 - 기타,원동기,남,26세,상해없음,보행자,여,71세,경상
보행자사고,2.0221E+15,2022년 10월 19일 01시,수요일,부산광역시 부산진구 양정동,중상사고,0,1,0,0,차대사람 - 횡단중,보행자보호의무위반,건조,맑음,단일로 - 기타,승용,남,66세,상해없음,보행자,남,55세,중상
보행자사고,2022101900100278,2022년 10월 19일 13시,수요일,부산광역시 해운대구 우동,중상사고,0,1,0,0,차대사람 - 기타,안전운전불이행,건조,맑음,교차로 - 교차로안,승용,남,27세,상해없음,보행자,여,61세,중상
보행자사고,2022101900100386,2022년 10월 19일 16시,수요일,부산광역시 수영구 민락동,중상사고,0,1,0,0,차대사람 - 횡단중,보행자보호의무위반,건조,맑음,교차로 - 교차로안,화물,남,47세,상해없음,보행자,남,72세,중상
보행자사고,2022101900100387,2022년 10월 19일 16시,수요일,부산광역시 해운대구 우동,중상사고,0,1,0,0,차대사람 - 차도통행중,안전운전불이행,건조,맑음,단일로 - 기타,승용,남,46세,상해없음,보행자,여,76세,중상
보행자사고,2022101900100433,2022년 10월 19일 17시,수요일,부산광역시 동래구 온천동,경상사고,0,0,1,0,차대사람 - 횡단중,보행자보호의무위반,건조,맑음,교차로 - 교차로안,승용,여,67세,상해없음,보행자,여,70세,경상
보행자사고,2022101900100434,2022년 10월 19일 17시,수요일,부산광역시 영도구 동삼동,중상사고,0,1,0,0,차대사람 - 차도통행중,안전운전불이행,건조,맑음,교차로 - 교차로안,승용,여,70세,상해없음,보행자,여,67세,중상
보행자사고,2022101900100435,2022년 10월 19일 17시,수요일,부산광역시 해운대구 재송동,경상사고,0,0,1,0,차대사람 - 기타,안전운전불이행,건조,맑음,단일로 - 기타,승용,남,66세,상해없음,보행자,여,48세,경상
보행자사고,2022102000100025,2022년 10월 20일 04시,목요일,부산광역시 부산진구 부전동,경상사고,0,0,1,0,차대사람 - 보도통행중,기타,건조,맑음,단일로 - 기타,화물,남,55세,상해없음,보행자,남,36세,경상
보행자사고,2022102000100086,2022년 10월 20일 08시,목요일,부산광역시 사하구 하단동,중상사고,0,1,0,0,차대사람 - 기타,안전운전불이행,건조,맑음,단일로 - 기타,승용,여,35세,상해없음,보행자,여,60세,중상
보행자사고,2022102000100213,2022년 10월 20일 11시,목요일,부산광역시 사상구 주례동,중상사고,0,1,0,0,차대사람 - 횡단중,신호위반,건조,맑음,교차로 - 교차로부근,화물,남,78세,상해없음,보행자,남,71세,중상
보행자사고,2022102000100247,2022년 10월 20일 12시,목요일,부산광역시 동구 초량동,경상사고,0,0,1,0,차대사람 - 횡단중,보행자보호의무위반,건조,맑음,교차로 - 교차로부근,승용,남,64세,상해없음,보행자,여,30세,경상
보행자사고,2022102000100248,2022년 10월 20일 12시,목요일,부산광역시 동래구 온천동,중상사고,0,1,0,0,차대사람 - 횡단중,신호위반,건조,맑음,교차로 - 교차로부근,화물,남,58세,상해없음,보행자,여,83세,중상
보행자사고,2.0221E+15,2022년 10월 20일 15시,목요일,부산광역시 해운대구 좌동,경상사고,0,0,1,0,차대사람 - 기타,안전운전불이행,건조,맑음,단일로 - 기타,승용,남,31세,상해없음,보행자,남,45세,경상
보행자사고,2022102000100372,2022년 10월 20일 15시,목요일,부산광역시 연제구 연산동,경상사고,0,0,1,0,차대사람 - 기타,안전운전불이행,건조,맑음,단일로 - 기타,승용,여,54세,상해없음,보행자,남,70세,경상