사고부문,사고번호,사고일시,요일,시군구,사고내용,사망자수,중상자수,경상자수,부상신고자수,사고유형,법규위반,노면상태,기상상태,도로형태,가해운전자 차종,가해운전자 성별,가해운전자 연령,가해운전자 상해정도,피해운전자 차종,피해운전자 성별,피해운전자 연령,피해운전자 상해정도
보행자사고,2.02212E+15,2022년 12월 2일 08시,금요일,부산광역시 서구 남부민동,부상신고사고,0,0,0,1,차대사람 - 횡단중,보행자보호의무위반,건조,맑음,교차로 - 교차로횡단보도내,승용,남,71세,상해없음,보행자,남,72세,부상신고
보행자사고,2022120200100165,2022년 12월 2일 10시,금요일,부산광역시 해운대구 반송동,부상신고사고,0,0,0,1,차대사람 - 기타,보행자보호의무위반,건조,맑음,교차로 - 교차로횡단보도내,기타불명,기타불명,미분류,기타불명,보행자,남,66세,부상신고
보행자사고,2022120200100167,2022년 12월 2일 10시,금요일,부산광역시 사상구 덕포동,중상사고,0,1,0,0,차대사람 - 기타,기타,건조,맑음,단일로 - 기타,승합,남,61세,상해없음,보행자,여,15세,중상
보행자사고,2022120200100295,2022년 12월 2일 14시,금요일,부산광역시 동래구 명륜동,경상사고,0,0,1,0,차대사람 - 횡단중,안전운전불이행,건조,맑음,단일로 - 기타,승합,남,25세,상해없음,보행자,여,65세,경상
보행자사고,2022120200100296,2022년 12월 2일 14시,금요일,부산광역시 금정구 구서동,중상사고,0,1,1,0,차대사람 - 횡단중,보행자보호의무위반,건조,맑음,교차로 - 교차로횡단보도내,승용,남,61세,상해없음,보행자,여,75세,중상
보행자사고,2022120200100365,2022년 12월 2일 16시,금요일,부산광역시 영도구 봉래동2가,중상사고,0,1,0,0,차대사람 - 기타,안전운전불이행,건조,맑음,단일로 - 기타,승용,여,58세,상해없음,보행자,여,75세,중상
보행자사고,2022120200100602,2022년 12월 2일 21시,금요일,부산광역시 금정구 장전동,경상사고,0,0,1,0,차대사람 - 횡단중,보행자보호의무위반,건조,맑음,교차로 - 교차로횡단보도내,승용,남,67세,상해없음,보행자,남,57세,경상
보행자사고,2022120300100125,2022년 12월 3일 09시,토요일,부산광역시 연제구 연산동,경상사고,0,0,1,0,차대사람 - 기타,안전운전불이행,건조,맑음,교차로 - 교차로안,승용,남,59세,상해없음,보행자,남,66세,경상
보행자사고,2022120300100327,2022년 12월 3일 16시,토요일,부산광역시 금정구 장전동,경상사고,0,0,1,0,차대사람 - 횡단중,안전운전불이행,건조,맑음,단일로 - 기타,이륜,남,39세,상해없음,보행자,여,5세,경상
보행자사고,2022120300100504,2022년 12월 3일 21시,토요일,부산광역시 부산진구 부전동,경상사고,0,0,1,0,차대사람 - 기타,안전운전불이행,건조,맑음,단일로 - 기타,승용,남,29세,상해없음,보행자,여,41세,경상
보행자사고,2022120400100089,2022년 12월 4일 10시,일요일,부산광역시 동래구 온천동,부상신고사고,0,0,0,1,차대사람 - 기타,안전운전불이행,건조,맑음,단일로 - 기타,승용,여,63세,상해없음,보행자,남,81세,부상신고
보행자사고,2022120400100201,2022년 12월 4일 15시,일요일,부산광역시 중구 남포동5가,경상사고,0,0,1,0,차대사람 - 차도통행중,안전운전불이행,건조,맑음,단일로 - 기타,승용,남,67세,상해없음,보행자,남,58세,경상
보행자사고,2022120400100235,2022년 12월 4일 16시,일요일,부산광역시 부산진구 부전동,경상사고,0,0,1,0,차대사람 - 횡단중,안전운전불이행,건조,맑음,단일로 - 기타,승용,남,40세,상해없음,보행자,여,30세,경상
보행자사고,2022120400100392,2022년 12월 4일 22시,일요일,부산광역시 부산진구 부전동,경상사고,0,0,1,0,차대사람 - 기타,안전운전불이행,건조,맑음,단일로 - 기타,화물,남,40세,상해없음,보행자,남,42세,경상
보행자사고,2022120500100024,2022년 12월 5일 06시,월요일,부산광역시 수영구 광안동,경상사고,0,0,1,0,차대사람 - 기타,안전운전불이행,건조,맑음,교차로 - 교차로부근,승용,남,58세,상해없음,보행자,여,77세,경상
보행자사고,2022120500100087,2022년 12월 5일 09시,월요일,부산광역시 연제구 연산동,중상사고,0,1,0,0,차대사람 - 보도통행중,기타,건조,맑음,단일로 - 기타,원동기,여,53세,상해없음,보행자,여,63세,중상
보행자사고,2022120500100168,2022년 12월 5일 12시,월요일,부산광역시 부산진구 범천동,중상사고,0,1,0,0,차대사람 - 차도통행중,안전운전불이행,건조,맑음,단일로 - 기타,이륜,남,23세,상해없음,보행자,여,81세,중상
보행자사고,2022120500100169,2022년 12월 5일 12시,월요일,부산광역시 사상구 감전동,부상신고사고,0,0,0,1,차대사람 - 기타,안전운전불이행,건조,맑음,단일로 - 기타,승용,남,61세,상해없음,보행자,여,69세,부상신고
보행자사고,2022120500100189,2022년 12월 5일 13시,월요일,부산광역시 사하구 감천동,경상사고,0,0,1,0,차대사람 - 횡단중,보행자보호의무위반,건조,맑음,교차로 - 교차로부근,승용,여,55세,상해없음,보행자,남,6세,경상
보행자사고,2022120500100419,2022년 12월 5일 19시,월요일,부산광역시 사상구 주례동,중상사고,0,1,0,0,차대사람 - 차도통행중,안전운전불이행,건조,맑음,교차로 - 교차로부근,이륜,남,24세,기타불명,보행자,남,28세,중상
보행자사고,2022120500100453,2022년 12월 5일 20시,월요일,부산광역시 부산진구 양정동,부상신고사고,0,0,0,1,차대사람 - 기타,보행자보호의무위반,건조,맑음,교차로 - 교차로안,승용,여,63세,상해없음,보행자,여,25세,부상신고
보행자사고,2022120500100454,2022년 12월 5일 20시,월요일,부산광역시 수영구 망미동,중상사고,0,1,0,0,차대사람 - 횡단중,신호위반,건조,맑음,단일로 - 기타,이륜,남,39세,상해없음,보행자,남,17세,중상
보행자사고,2022120600100145,2022년 12월 6일 09시,화요일,부산광역시 영도구 대교동1가,중상사고,0,1,0,0,차대사람 - 차도통행중,안전거리미확보,건조,맑음,기타 - 기타,화물,남,58세,상해없음,보행자,남,80세,중상
보행자사고,2022120600100147,2022년 12월 6일 09시,화요일,부산광역시 연제구 연산동,중상사고,0,1,0,0,차대사람 - 기타,교차로운행방법위반,건조,맑음,교차로 - 교차로안,승용,여,39세,상해없음,보행자,여,61세,중상
보행자사고,2022120600100198,2022년 12월 6일 10시,화요일,부산광역시 중구 남포동5가,중상사고,0,1,0,0,차대사람 - 길가장자리구역통행중,안전운전불이행,건조,맑음,단일로 - 기타,화물,남,62세,상해없음,보행자,여,78세,중상
보행자사고,2022120600100425,2022년 12월 6일 17시,화요일,부산광역시 동래구 명륜동,경상사고,0,0,1,0,차대사람 - 횡단중,보행자보호의무위반,건조,맑음,단일로 - 기타,승용,남,64세,상해없음,보행자,남,31세,경상
보행자사고,2022120600100488,2022년 12월 6일 18시,화요일,부산광역시 남구 문현동,경상사고,0,0,1,0,차대사람 - 횡단중,신호위반,건조,맑음,단일로 - 기타,이륜,남,29세,상해없음,보행자,여,55세,경상
보행자사고,2022120700100039,2022년 12월 7일 06시,수요일,부산광역시 남구 문현동,중상사고,0,1,0,0,차대사람 - 횡단중,안전운전불이행,건조,맑음,교차로 - 교차로횡단보도내,화물,남,50세,상해없음,보행자,여,40세,중상
보행자사고,2022120700100126,2022년 12월 7일 09시,수요일,부산광역시 동구 초량동,경상사고,0,0,1,0,차대사람 - 길가장자리구역통행중,안전운전불이행,건조,맑음,단일로 - 기타,승용,남,70세,상해없음,보행자,여,25세,경상
보행자사고,2022120700100127,2022년 12월 7일 09시,수요일,부산광역시 동래구 명장동,경상사고,0,0,1,0,차대사람 - 횡단중,보행자보호의무위반,건조,맑음,단일로 - 지하차도(도로)내,이륜,남,76세,상해없음,보행자,여,66세,경상
보행자사고,2022120700100179,2022년 12월 7일 11시,수요일,부산광역시 서구 부민동2가,중상사고,0,1,0,0,차대사람 - 기타,안전운전불이행,건조,맑음,단일로 - 기타,승용,남,73세,상해없음,보행자,여,75세,중상
보행자사고,2022120700100293,2022년 12월 7일 15시,수요일,부산광역시 동구 수정동,경상사고,0,0,1,0,차대사람 - 횡단중,안전운전불이행,건조,맑음,교차로 - 교차로부근,승용,남,71세,상해없음,보행자,여,69세,경상
보행자사고,2022120700100331,2022년 12월 7일 16시,수요일,부산광역시 부산진구 부전동,경상사고,0,0,1,0,차대사람 - 기타,안전운전불이행,건조,기타,단일로 - 기타,승용,여,27세,상해없음,보행자,여,25세,경상
보행자사고,2022120700100501,2022년 12월 7일 19시,수요일,부산광역시 금정구 장전동,경상사고,0,0,1,0,차대사람 - 기타,안전운전불이행,건조,맑음,단일로 - 기타,화물,남,54세,상해없음,보행자,남,37세,경상
보행자사고,2022120700100542,2022년 12월 7일 20시,수요일,부산광역시 중구 남포동5가,중상사고,0,1,0,0,차대사람 - 횡단중,안전운전불이행,건조,맑음,단일로 - 기타,승합,남,52세,상해없음,보행자,남,60세,중상
보행자사고,2022120700100543,2022년 12월 7일 20시,수요일,부산광역시 금정구 구서동,중상사고,0,1,0,0,차대사람 - 차도통행중,안전운전불이행,건조,맑음,단일로 - 기타,승용,여,66세,상해없음,보행자,남,80세,중상
보행자사고,2022120800100151,2022년 12월 8일 09시,목요일,부산광역시 부산진구 초읍동,경상사고,0,0,1,0,차대사람 - 횡단중,보행자보호의무위반,건조,맑음,교차로 - 교차로횡단보도내,승용,남,71세,상해없음,보행자,여,60세,경상
보행자사고,2022120800100152,2022년 12월 8일 09시,목요일,부산광역시 부산진구 전포동,경상사고,0,0,1,0,차대사람 - 기타,안전운전불이행,건조,맑음,단일로 - 기타,기타불명,기타불명,미분류,기타불명,보행자,여,40세,경상
보행자사고,2.02212E+15,2022년 12월 8일 10시,목요일,부산광역시 동구 초량동,경상사고,0,0,1,0,차대사람 - 횡단중,안전운전불이행,건조,맑음,단일로 - 기타,화물,남,34세,상해없음,보행자,남,62세,경상
보행자사고,2022120800100191,2022년 12월 8일 10시,목요일,부산광역시 서구 서대신동3가,경상사고,0,0,1,0,차대사람 - 횡단중,보행자보호의무위반,건조,맑음,단일로 - 기타,승용,남,80세,상해없음,보행자,여,61세,경상
보행자사고,2022120800100193,2022년 12월 8일 10시,목요일,부산광역시 사하구 구평동,중상사고,0,1,0,0,차대사람 - 기타,안전운전불이행,건조,맑음,단일로 - 지하차도(도로)내,화물,남,34세,상해없음,보행자,남,60세,중상
보행자사고,2.02212E+15,2022년 12월 8일 11시,목요일,부산광역시 해운대구 우동,중상사고,0,1,0,0,차대사람 - 보도통행중,기타,건조,맑음,단일로 - 기타,승용,남,72세,상해없음,보행자,남,65세,중상
보행자사고,2022120800100293,2022년 12월 8일 13시,목요일,부산광역시 금정구 장전동,경상사고,0,0,1,0,차대사람 - 기타,안전운전불이행,건조,맑음,기타 - 기타,승용,남,67세,상해없음,보행자,남,47세,경상
보행자사고,2022120800100295,2022년 12월 8일 13시,목요일,부산광역시 기장군 장안읍,중상사고,0,1,0,0,차대사람 - 횡단중,신호위반,건조,맑음,교차로 - 교차로횡단보도내,승용,남,59세,상해없음,보행자,여,52세,중상
보행자사고,2022120800100326,2022년 12월 8일 14시,목요일,부산광역시 사하구 하단동,경상사고,0,0,1,0,차대사람 - 기타,안전운전불이행,건조,맑음,단일로 - 기타,승용,여,40세,상해없음,보행자,여,22세,경상
보행자사고,2022120800100367,2022년 12월 8일 15시,목요일,부산광역시 동구 좌천동,경상사고,0,0,1,0,차대사람 - 차도통행중,안전운전불이행,건조,맑음,단일로 - 지하차도(도로)내,승용,남,65세,상해없음,보행자,여,33세,경상
보행자사고,2022120800100543,2022년 12월 8일 19시,목요일,부산광역시 동구 범일동,중상사고,0,1,0,0,차대사람 - 횡단중,안전운전불이행,건조,맑음,단일로 - 기타,원동기,남,18세,상해없음,보행자,여,61세,중상
보행자사고,2022120800100637,2022년 12월 8일 22시,목요일,부산광역시 동래구 안락동,중상사고,0,1,0,0,차대사람 - 차도통행중,안전운전불이행,건조,맑음,단일로 - 지하차도(도로)내,승용,여,33세,상해없음,보행자,남,62세,중상
보행자사고,2022120900100011,2022년 12월 9일 01시,금요일,부산광역시 금정구 부곡동,경상사고,0,0,1,0,차대사람 - 기타,안전운전불이행,건조,맑음,기타 - 기타,기타불명,기타불명,미분류,기타불명,보행자,남,44세,경상
보행자사고,2022120900100045,2022년 12월 9일 06시,금요일,부산광역시 서구 서대신동2가,사망사고,1,0,0,0,차대사람 - 횡단중,안전운전불이행,건조,맑음,단일로 - 기타,원동기,남,21세,상해없음,보행자,여,88세,사망
보행자사고,2022120900100062,2022년 12월 9일 07시,금요일,부산광역시 동래구 명장동,중상사고,0,1,0,0,차대사람 - 기타,보행자보호의무위반,건조,맑음,단일로 - 기타,승용,남,77세,상해없음,보행자,여,66세,중상
보행자사고,2022120900100136,2022년 12월 9일 10시,금요일,부산광역시 중구 남포동1가,경상사고,0,0,1,0,차대사람 - 기타,안전운전불이행,건조,맑음,교차로 - 교차로부근,화물,남,49세,상해없음,보행자,여,69세,경상
보행자사고,2022120900100254,2022년 12월 9일 14시,금요일,부산광역시 해운대구 좌동,경상사고,0,0,1,0,차대사람 - 보도통행중,보행자보호의무위반,건조,맑음,단일로 - 기타,기타불명,기타불명,미분류,기타불명,보행자,남,12세,경상
보행자사고,2022120900100405,2022년 12월 9일 18시,금요일,부산광역시 부산진구 범천동,경상사고,0,0,1,0,차대사람 - 기타,안전운전불이행,건조,맑음,단일로 - 기타,기타불명,기타불명,미분류,기타불명,보행자,남,52세,경상
보행자사고,2022120900100483,2022년 12월 9일 19시,금요일,부산광역시 남구 대연동,경상사고,0,0,1,0,차대사람 - 횡단중,보행자보호의무위반,건조,맑음,교차로 - 교차로횡단보도내,승용,남,66세,상해없음,보행자,남,19세,경상
보행자사고,2022120900100581,2022년 12월 9일 22시,금요일,부산광역시 수영구 남천동,경상사고,0,0,1,0,차대사람 - 기타,안전운전불이행,건조,맑음,단일로 - 기타,기타불명,기타불명,미분류,기타불명,보행자,남,40세,경상
보행자사고,2022121000100143,2022년 12월 10일 10시,토요일,부산광역시 동래구 명륜동,중상사고,0,1,0,0,차대사람 - 기타,안전운전불이행,건조,맑음,단일로 - 기타,승용,여,51세,상해없음,보행자,여,65세,중상
보행자사고,2022121000100247,2022년 12월 10일 13시,토요일,부산광역시 수영구 민락동,경상사고,0,0,1,0,차대사람 - 기타,안전운전불이행,건조,맑음,단일로 - 기타,승용,여,57세,상해없음,보행자,남,12세,경상
보행자사고,2022121000100303,2022년 12월 10일 15시,토요일,부산광역시 동구 범일동,경상사고,0,0,1,0,차대사람 - 차도통행중,안전운전불이행,건조,맑음,단일로 - 지하차도(도로)내,승용,여,70세,상해없음,보행자,여,24세,경상
보행자사고,2022121000100394,2022년 12월 10일 18시,토요일,부산광역시 해운대구 좌동,경상사고,0,0,1,0,차대사람 - 기타,보행자보호의무위반,건조,맑음,단일로 - 기타,승용,여,39세,상해없음,보행자,여,44세,경상
보행자사고,2022121100100169,2022년 12월 11일 13시,일요일,부산광역시 기장군 기장읍,중상사고,0,1,0,0,차대사람 - 횡단중,보행자보호의무위반,건조,맑음,단일로 - 기타,화물,남,63세,상해없음,보행자,남,7세,중상
보행자사고,2022121100100236,2022년 12월 11일 15시,일요일,부산광역시 강서구 명지동,경상사고,0,0,1,0,차대사람 - 기타,안전운전불이행,건조,맑음,단일로 - 기타,승용,남,41세,기타불명,보행자,여,56세,경상
보행자사고,2022121200100073,2022년 12월 12일 08시,월요일,부산광역시 해운대구 우동,경상사고,0,0,1,0,차대사람 - 기타,안전운전불이행,건조,맑음,단일로 - 기타,화물,남,43세,상해없음,보행자,남,72세,경상
보행자사고,2022121200100124,2022년 12월 12일 10시,월요일,부산광역시 북구 덕천동,경상사고,0,0,1,0,차대사람 - 길가장자리구역통행중,기타,건조,맑음,단일로 - 기타,승용,남,80세,상해없음,보행자,여,24세,경상
보행자사고,2022121200100181,2022년 12월 12일 12시,월요일,부산광역시 서구 서대신동3가,중상사고,0,1,1,0,차대사람 - 기타,기타,건조,맑음,단일로 - 기타,승용,여,53세,상해없음,보행자,여,30세,중상
보행자사고,2022121200100182,2022년 12월 12일 12시,월요일,부산광역시 부산진구 가야동,경상사고,0,0,1,0,차대사람 - 횡단중,중앙선침범,건조,맑음,단일로 - 기타,승용,여,55세,상해없음,보행자,남,14세,경상
보행자사고,2022121200100235,2022년 12월 12일 14시,월요일,부산광역시 수영구 광안동,경상사고,0,0,1,0,차대사람 - 차도통행중,보행자보호의무위반,건조,맑음,교차로 - 교차로횡단보도내,승용,남,27세,상해없음,보행자,남,64세,경상
보행자사고,2022121200100337,2022년 12월 12일 17시,월요일,부산광역시 동래구 사직동,중상사고,0,1,0,0,차대사람 - 횡단중,보행자보호의무위반,건조,맑음,교차로 - 교차로안,승용,여,43세,상해없음,보행자,남,12세,중상
보행자사고,2022121200100338,2022년 12월 12일 17시,월요일,부산광역시 해운대구 우동,경상사고,0,0,1,0,차대사람 - 횡단중,신호위반,젖음/습기,비,교차로 - 교차로횡단보도내,화물,남,30세,상해없음,보행자,여,24세,경상
보행자사고,2.02212E+15,2022년 12월 12일 17시,월요일,부산광역시 연제구 연산동,부상신고사고,0,0,0,1,차대사람 - 기타,안전운전불이행,젖음/습기,비,단일로 - 기타,화물,남,64세,상해없음,보행자,남,49세,부상신고
보행자사고,2022121200100399,2022년 12월 12일 18시,월요일,부산광역시 동래구 안락동,중상사고,0,1,0,0,차대사람 - 횡단중,안전운전불이행,젖음/습기,비,단일로 - 기타,화물,남,38세,상해없음,보행자,여,61세,중상
보행자사고,2.02212E+15,2022년 12월 12일 18시,월요일,부산광역시 동래구 사직동,중상사고,0,1,0,0,차대사람 - 횡단중,안전운전불이행,건조,맑음,교차로 - 교차로안,승용,여,71세,상해없음,보행자,남,8세,중상
보행자사고,2022121200100401,2022년 12월 12일 18시,월요일,부산광역시 부산진구 범천동,경상사고,0,0,1,0,차대사람 - 기타,보행자보호의무위반,건조,맑음,단일로 - 기타,승용,남,30세,상해없음,보행자,여,32세,경상
보행자사고,2022121300100038,2022년 12월 13일 06시,화요일,부산광역시 남구 대연동,중상사고,0,1,0,0,차대사람 - 기타,안전운전불이행,건조,맑음,교차로 - 교차로안,승용,여,50세,상해없음,보행자,여,80세,중상
보행자사고,2022121300100117,2022년 12월 13일 09시,화요일,부산광역시 연제구 연산동,경상사고,0,0,1,0,차대사람 - 기타,안전운전불이행,건조,맑음,단일로 - 기타,승용,여,40세,상해없음,보행자,여,45세,경상
보행자사고,2022121300100167,2022년 12월 13일 11시,화요일,부산광역시 사하구 다대동,중상사고,0,1,0,0,차대사람 - 기타,안전운전불이행,건조,맑음,단일로 - 기타,승용,여,67세,기타불명,보행자,남,36세,중상
보행자사고,2022121300100199,2022년 12월 13일 12시,화요일,부산광역시 사상구 덕포동,경상사고,0,0,1,0,차대사람 - 횡단중,보행자보호의무위반,건조,맑음,교차로 - 교차로횡단보도내,승용,남,57세,상해없음,보행자,여,52세,경상
보행자사고,2022121300100254,2022년 12월 13일 14시,화요일,부산광역시 수영구 남천동,부상신고사고,0,0,0,1,차대사람 - 길가장자리구역통행중,안전운전불이행,건조,흐림,단일로 - 기타,승용,여,62세,상해없음,보행자,남,53세,부상신고
보행자사고,2022121300100281,2022년 12월 13일 15시,화요일,부산광역시 남구 용호동,경상사고,0,0,1,0,차대사람 - 길가장자리구역통행중,안전운전불이행,건조,맑음,단일로 - 기타,화물,남,59세,상해없음,보행자,남,14세,경상
보행자사고,2022121300100305,2022년 12월 13일 16시,화요일,부산광역시 중구 중앙동6가,사망사고,1,0,0,0,차대사람 - 기타,기타,건조,맑음,단일로 - 기타,승합,남,40세,상해없음,보행자,여,63세,사망
보행자사고,2022121300100343,2022년 12월 13일 17시,화요일,부산광역시 해운대구 반여동,중상사고,0,1,0,0,차대사람 - 횡단중,보행자보호의무위반,건조,맑음,교차로 - 교차로부근,화물,남,70세,상해없음,보행자,여,61세,중상
보행자사고,2022121400100027,2022년 12월 14일 04시,수요일,부산광역시 사하구 장림동,경상사고,0,0,1,0,차대사람 - 기타,안전운전불이행,건조,맑음,단일로 - 기타,승용,남,57세,상해없음,보행자,남,49세,경상
보행자사고,2022121400100081,2022년 12월 14일 08시,수요일,부산광역시 서구 부민동1가,중상사고,0,1,0,0,차대사람 - 차도통행중,안전운전불이행,건조,맑음,단일로 - 기타,승합,남,68세,상해없음,보행자,여,58세,중상
보행자사고,2022121400100139,2022년 12월 14일 09시,수요일,부산광역시 해운대구 우동,중상사고,0,1,0,0,차대사람 - 횡단중,보행자보호의무위반,건조,맑음,단일로 - 기타,승용,여,55세,상해없음,보행자,남,76세,중상
보행자사고,2022121400100187,2022년 12월 14일 10시,수요일,부산광역시 수영구 남천동,중상사고,0,1,0,0,차대사람 - 차도통행중,안전운전불이행,건조,맑음,기타 - 기타,승용,남,67세,상해없음,보행자,남,26세,중상
보행자사고,2022121400100249,2022년 12월 14일 12시,수요일,부산광역시 남구 대연동,경상사고,0,0,1,0,차대사람 - 기타,안전운전불이행,건조,맑음,단일로 - 기타,원동기,남,27세,상해없음,보행자,여,62세,경상
보행자사고,2022121400100288,2022년 12월 14일 13시,수요일,부산광역시 금정구 부곡동,경상사고,0,0,1,0,차대사람 - 횡단중,보행자보호의무위반,건조,맑음,교차로 - 교차로안,화물,남,58세,상해없음,보행자,남,34세,경상
보행자사고,2.02212E+15,2022년 12월 14일 16시,수요일,부산광역시 해운대구 우동,중상사고,0,1,0,0,차대사람 - 횡단중,보행자보호의무위반,건조,맑음,교차로 - 교차로안,승용,남,49세,상해없음,보행자,남,77세,중상
보행자사고,2022121400100441,2022년 12월 14일 17시,수요일,부산광역시 사하구 감천동,중상사고,0,1,0,0,차대사람 - 횡단중,안전운전불이행,건조,맑음,단일로 - 기타,화물,여,62세,상해없음,보행자,여,60세,중상
보행자사고,2022121400100443,2022년 12월 14일 17시,수요일,부산광역시 사상구 주례동,경상사고,0,0,1,0,차대사람 - 기타,안전운전불이행,건조,맑음,단일로 - 기타,승용,여,20세,상해없음,보행자,남,26세,경상
보행자사고,2022121400100502,2022년 12월 14일 18시,수요일,부산광역시 금정구 남산동,중상사고,0,1,0,0,차대사람 - 길가장자리구역통행중,안전운전불이행,건조,맑음,단일로 - 기타,승용,여,37세,상해없음,보행자,여,61세,중상
보행자사고,2022121400100566,2022년 12월 14일 19시,수요일,부산광역시 부산진구 개금동,중상사고,0,1,0,0,차대사람 - 횡단중,안전운전불이행,건조,맑음,단일로 - 기타,승용,남,71세,상해없음,보행자,여,21세,중상
보행자사고,2022121400100662,2022년 12월 14일 22시,수요일,부산광역시 사상구 주례동,경상사고,0,0,1,0,차대사람 - 횡단중,안전운전불이행,건조,맑음,교차로 - 교차로부근,화물,남,60세,기타불명,보행자,여,46세,경상
보행자사고,2022121500100006,2022년 12월 15일 00시,목요일,부산광역시 동래구 온천동,중상사고,0,1,0,0,차대사람 - 횡단중,신호위반,건조,맑음,교차로 - 교차로안,이륜,남,55세,상해없음,보행자,남,63세,중상
보행자사고,2022121500100107,2022년 12월 15일 08시,목요일,부산광역시 금정구 장전동,중상사고,0,1,0,0,차대사람 - 길가장자리구역통행중,안전운전불이행,건조,맑음,단일로 - 기타,승용,여,27세,상해없음,보행자,여,65세,중상
보행자사고,2022121500100396,2022년 12월 15일 17시,목요일,부산광역시 부산진구 범천동,경상사고,0,0,1,0,차대사람 - 기타,기타,건조,맑음,기타 - 기타,승용,남,53세,상해없음,보행자,여,35세,경상
보행자사고,2022121500100443,2022년 12월 15일 18시,목요일,부산광역시 동래구 낙민동,중상사고,0,1,0,0,차대사람 - 보도통행중,보행자보호의무위반,건조,맑음,단일로 - 기타,승용,여,42세,상해없음,보행자,여,61세,중상
보행자사고,2022121500100572,2022년 12월 15일 23시,목요일,부산광역시 연제구 연산동,중상사고,0,1,0,0,차대사람 - 기타,안전운전불이행,건조,맑음,단일로 - 기타,화물,남,40세,상해없음,보행자,남,36세,중상
보행자사고,2022121600100082,2022년 12월 16일 08시,금요일,부산광역시 동래구 안락동,경상사고,0,0,1,0,차대사람 - 차도통행중,안전운전불이행,건조,맑음,단일로 - 기타,승용,여,28세,상해없음,보행자,여,62세,경상
보행자사고,2.02212E+15,2022년 12월 16일 10시,금요일,부산광역시 연제구 연산동,경상사고,0,0,1,0,차대차 - 기타,교차로운행방법위반,건조,맑음,교차로 - 교차로안,승용,남,59세,상해없음,승합,남,66세,상해없음
보행자사고,2022121600100425,2022년 12월 16일 18시,금요일,부산광역시 남구 대연동,중상사고,0,1,0,0,차대사람 - 기타,안전운전불이행,건조,맑음,교차로 - 교차로안,승용,남,30세,상해없음,보행자,여,64세,중상
보행자사고,2022121600100428,2022년 12월 16일 18시,금요일,부산광역시 사하구 당리동,중상사고,0,1,1,0,차대차 - 측면충돌,신호위반,건조,맑음,단일로 - 기타,이륜,남,39세,중상,승합,남,66세,상해없음
보행자사고,2.02212E+15,2022년 12월 16일 19시,금요일,부산광역시 기장군 정관읍,중상사고,0,1,0,0,차대사람 - 횡단중,보행자보호의무위반,건조,맑음,교차로 - 교차로횡단보도내,승용,남,52세,상해없음,보행자,남,13세,중상
보행자사고,2022121600100501,2022년 12월 16일 20시,금요일,부산광역시 남구 대연동,부상신고사고,0,0,0,1,차대사람 - 횡단중,보행자보호의무위반,건조,맑음,교차로 - 교차로안,승용,남,52세,상해없음,보행자,남,24세,부상신고
보행자사고,2022121600100525,2022년 12월 16일 21시,금요일,부산광역시 남구 대연동,중상사고,0,1,0,0,차대사람 - 기타,안전운전불이행,건조,맑음,교차로 - 교차로안,개인형이동수단(PM),남,17세,상해없음,보행자,남,31세,중상
보행자사고,2022121600100547,2022년 12월 16일 22시,금요일,부산광역시 사하구 괴정동,중상사고,0,1,0,0,차대사람 - 횡단중,안전운전불이행,건조,맑음,단일로 - 기타,승용,여,31세,상해없음,보행자,남,66세,중상
보행자사고,2022121700100317,2022년 12월 17일 15시,토요일,부산광역시 동구 초량동,경상사고,0,0,1,0,차대사람 - 횡단중,안전운전불이행,건조,맑음,교차로 - 교차로부근,이륜,남,60세,상해없음,보행자,여,31세,경상
보행자사고,2022121700100506,2022년 12월 17일 21시,토요일,부산광역시 부산진구 당감동,경상사고,0,0,1,0,차대사람 - 횡단중,신호위반,건조,맑음,단일로 - 기타,승용,남,69세,상해없음,보행자,여,34세,경상
보행자사고,2022121700100507,2022년 12월 17일 21시,토요일,부산광역시 연제구 연산동,경상사고,0,0,1,0,차대사람 - 기타,안전운전불이행,건조,맑음,단일로 - 기타,승용,여,61세,상해없음,보행자,남,46세,경상
보행자사고,2022121700100549,2022년 12월 17일 23시,토요일,부산광역시 연제구 연산동,경상사고,0,0,1,0,차대사람 - 기타,교차로운행방법위반,건조,맑음,교차로 - 교차로부근,승용,남,50세,상해없음,보행자,남,45세,경상
보행자사고,2022121800100039,2022년 12월 18일 02시,일요일,부산광역시 연제구 연산동,경상사고,0,0,1,0,차대사람 - 기타,불법유턴,건조,맑음,단일로 - 기타,승용,남,54세,상해없음,보행자,남,44세,경상
보행자사고,2022121800100119,2022년 12월 18일 11시,일요일,부산광역시 연제구 연산동,경상사고,0,0,1,0,차대사람 - 횡단중,안전운전불이행,건조,맑음,교차로 - 교차로부근,화물,남,68세,상해없음,보행자,남,75세,경상
보행자사고,2022121800100191,2022년 12월 18일 14시,일요일,부산광역시 중구 대청동4가,경상사고,0,0,1,0,차대사람 - 횡단중,보행자보호의무위반,건조,맑음,단일로 - 기타,승용,남,48세,상해없음,보행자,여,75세,경상
보행자사고,2022121800100225,2022년 12월 18일 15시,일요일,부산광역시 부산진구 부전동,부상신고사고,0,0,0,1,차대사람 - 차도통행중,안전운전불이행,건조,맑음,단일로 - 기타,승용,여,26세,기타불명,보행자,남,61세,부상신고